"cond_id","model","pool","latent_shape","n_items","n_per_group","arm","condition","is_dif_item","c_value","realized_rho","n_tests_mh","n_reject_mh","rate_mh","n_tests_lr","n_reject_lr","rate_lr","n_mh_failed","n_replications"
"029dfc7890","2pl","irw","skew_pos",40,500,"target_060","dif",FALSE,0.377084920348706,0.600144706182948,31991,1438,0.0449501422275015,31992,1685,0.0526694173543386,9,1000
"029dfc7890","2pl","irw","skew_pos",40,500,"target_075","dif",FALSE,0.558206243371269,0.7501913590362,31918,1683,0.0527288677235416,31944,2023,0.0633295767593288,82,1000
"029dfc7890","2pl","irw","skew_pos",40,500,"target_090","dif",FALSE,1.09795225813218,0.900191887417176,31443,2893,0.0920077600737843,31547,3506,0.111135765682949,557,1000
"029dfc7890","2pl","irw","skew_pos",40,500,"uncontrolled","dif",FALSE,1,0.886956497898163,31858,2521,0.0791324000251114,31911,3052,0.0956410015355207,142,1000
"029dfc7890","2pl","irw","skew_pos",40,500,"target_060","null",FALSE,0.377084920348706,0.600144706182948,31991,1358,0.0424494389046919,31992,1589,0.0496686671667917,9,1000
"029dfc7890","2pl","irw","skew_pos",40,500,"target_075","null",FALSE,0.558206243371269,0.7501913590362,31916,1338,0.0419225466850483,31944,1608,0.0503380916604057,84,1000
"029dfc7890","2pl","irw","skew_pos",40,500,"target_090","null",FALSE,1.09795225813218,0.900191887417176,31435,1284,0.0408461905519326,31546,1649,0.0522728713624548,565,1000
"029dfc7890","2pl","irw","skew_pos",40,500,"uncontrolled","null",FALSE,1,0.886956497898163,31859,1294,0.0406164663046549,31911,1630,0.0510795650402682,141,1000
"029dfc7890","2pl","irw","skew_pos",40,500,"target_060","dif",TRUE,0.377084920348706,0.600144706182948,7999,1987,0.248406050756345,8000,2169,0.271125,1,1000
"029dfc7890","2pl","irw","skew_pos",40,500,"target_075","dif",TRUE,0.558206243371269,0.7501913590362,7991,3301,0.413089725941684,7994,3499,0.437703277458094,9,1000
"029dfc7890","2pl","irw","skew_pos",40,500,"target_090","dif",TRUE,1.09795225813218,0.900191887417176,7946,6218,0.782532091618424,7955,6408,0.805531112507857,54,1000
"029dfc7890","2pl","irw","skew_pos",40,500,"uncontrolled","dif",TRUE,1,0.886956497898163,7995,5769,0.721575984990619,7997,5964,0.745779667375266,5,1000
"029dfc7890","2pl","irw","skew_pos",40,500,"target_060","null",TRUE,0.377084920348706,0.600144706182948,7998,332,0.0415103775943986,7999,391,0.0488811101387673,2,1000
"029dfc7890","2pl","irw","skew_pos",40,500,"target_075","null",TRUE,0.558206243371269,0.7501913590362,7991,337,0.0421724439994994,7993,408,0.0510446640810709,9,1000
"029dfc7890","2pl","irw","skew_pos",40,500,"target_090","null",TRUE,1.09795225813218,0.900191887417176,7936,313,0.0394405241935484,7955,397,0.0499057196731615,64,1000
"029dfc7890","2pl","irw","skew_pos",40,500,"uncontrolled","null",TRUE,1,0.886956497898163,7993,296,0.0370324033529338,7997,372,0.0465174440415156,7,1000
"0a1be5deeb","2pl","parametric","skew_pos",40,1000,"target_060","dif",FALSE,0.371928825213356,0.599462838035913,32000,1705,0.05328125,32000,1904,0.0595,0,1000
"0a1be5deeb","2pl","parametric","skew_pos",40,1000,"target_075","dif",FALSE,0.546678084734571,0.74936146169395,32000,2163,0.06759375,32000,2400,0.075,0,1000
"0a1be5deeb","2pl","parametric","skew_pos",40,1000,"target_090","dif",FALSE,1.07539504597954,0.899467299687817,31999,4795,0.149848432763524,32000,5287,0.16521875,1,1000
"0a1be5deeb","2pl","parametric","skew_pos",40,1000,"uncontrolled","dif",FALSE,1,0.889214102417886,32000,4356,0.136125,32000,4865,0.15203125,0,1000
"0a1be5deeb","2pl","parametric","skew_pos",40,1000,"target_060","null",FALSE,0.371928825213356,0.599462838035913,32000,1476,0.046125,32000,1642,0.0513125,0,1000
"0a1be5deeb","2pl","parametric","skew_pos",40,1000,"target_075","null",FALSE,0.546678084734571,0.74936146169395,32000,1495,0.04671875,32000,1679,0.05246875,0,1000
"0a1be5deeb","2pl","parametric","skew_pos",40,1000,"target_090","null",FALSE,1.07539504597954,0.899467299687817,31999,1439,0.0449701553173537,32000,1653,0.05165625,1,1000
"0a1be5deeb","2pl","parametric","skew_pos",40,1000,"uncontrolled","null",FALSE,1,0.889214102417886,32000,1453,0.04540625,32000,1640,0.05125,0,1000
"0a1be5deeb","2pl","parametric","skew_pos",40,1000,"target_060","dif",TRUE,0.371928825213356,0.599462838035913,8000,3481,0.435125,8000,3582,0.44775,0,1000
"0a1be5deeb","2pl","parametric","skew_pos",40,1000,"target_075","dif",TRUE,0.546678084734571,0.74936146169395,8000,5340,0.6675,8000,5465,0.683125,0,1000
"0a1be5deeb","2pl","parametric","skew_pos",40,1000,"target_090","dif",TRUE,1.07539504597954,0.899467299687817,8000,7628,0.9535,8000,7668,0.9585,0,1000
"0a1be5deeb","2pl","parametric","skew_pos",40,1000,"uncontrolled","dif",TRUE,1,0.889214102417886,8000,7502,0.93775,8000,7543,0.942875,0,1000
"0a1be5deeb","2pl","parametric","skew_pos",40,1000,"target_060","null",TRUE,0.371928825213356,0.599462838035913,8000,356,0.0445,8000,410,0.05125,0,1000
"0a1be5deeb","2pl","parametric","skew_pos",40,1000,"target_075","null",TRUE,0.546678084734571,0.74936146169395,8000,361,0.045125,8000,402,0.05025,0,1000
"0a1be5deeb","2pl","parametric","skew_pos",40,1000,"target_090","null",TRUE,1.07539504597954,0.899467299687817,8000,328,0.041,8000,368,0.046,0,1000
"0a1be5deeb","2pl","parametric","skew_pos",40,1000,"uncontrolled","null",TRUE,1,0.889214102417886,8000,336,0.042,8000,377,0.047125,0,1000
"11e49df1fe","2pl","parametric","normal",40,1000,"target_060","dif",FALSE,0.371841124051476,0.599775404330899,32000,1582,0.0494375,32000,1792,0.056,0,1000
"11e49df1fe","2pl","parametric","normal",40,1000,"target_075","dif",FALSE,0.548949049645488,0.749740500332453,32000,2124,0.066375,32000,2409,0.07528125,0,1000
"11e49df1fe","2pl","parametric","normal",40,1000,"target_090","dif",FALSE,1.09305302705845,0.899813560389754,32000,4782,0.1494375,32000,5361,0.16753125,0,1000
"11e49df1fe","2pl","parametric","normal",40,1000,"uncontrolled","dif",FALSE,1,0.88720808390072,32000,4249,0.13278125,32000,4732,0.147875,0,1000
"11e49df1fe","2pl","parametric","normal",40,1000,"target_060","null",FALSE,0.371841124051476,0.599775404330899,32000,1402,0.0438125,32000,1587,0.04959375,0,1000
"11e49df1fe","2pl","parametric","normal",40,1000,"target_075","null",FALSE,0.548949049645488,0.749740500332453,32000,1432,0.04475,32000,1589,0.04965625,0,1000
"11e49df1fe","2pl","parametric","normal",40,1000,"target_090","null",FALSE,1.09305302705845,0.899813560389754,32000,1369,0.04278125,32000,1546,0.0483125,0,1000
"11e49df1fe","2pl","parametric","normal",40,1000,"uncontrolled","null",FALSE,1,0.88720808390072,32000,1379,0.04309375,32000,1582,0.0494375,0,1000
"11e49df1fe","2pl","parametric","normal",40,1000,"target_060","dif",TRUE,0.371841124051476,0.599775404330899,8000,3515,0.439375,8000,3648,0.456,0,1000
"11e49df1fe","2pl","parametric","normal",40,1000,"target_075","dif",TRUE,0.548949049645488,0.749740500332453,8000,5294,0.66175,8000,5402,0.67525,0,1000
"11e49df1fe","2pl","parametric","normal",40,1000,"target_090","dif",TRUE,1.09305302705845,0.899813560389754,8000,7585,0.948125,8000,7629,0.953625,0,1000
"11e49df1fe","2pl","parametric","normal",40,1000,"uncontrolled","dif",TRUE,1,0.88720808390072,8000,7478,0.93475,8000,7518,0.93975,0,1000
"11e49df1fe","2pl","parametric","normal",40,1000,"target_060","null",TRUE,0.371841124051476,0.599775404330899,8000,355,0.044375,8000,403,0.050375,0,1000
"11e49df1fe","2pl","parametric","normal",40,1000,"target_075","null",TRUE,0.548949049645488,0.749740500332453,8000,361,0.045125,8000,415,0.051875,0,1000
"11e49df1fe","2pl","parametric","normal",40,1000,"target_090","null",TRUE,1.09305302705845,0.899813560389754,8000,345,0.043125,8000,398,0.04975,0,1000
"11e49df1fe","2pl","parametric","normal",40,1000,"uncontrolled","null",TRUE,1,0.88720808390072,8000,355,0.044375,8000,409,0.051125,0,1000
"1297c98c74","2pl","parametric","skew_pos",20,1000,"target_060","dif",FALSE,0.548357147500952,0.600346904759558,16000,910,0.056875,16000,1035,0.0646875,0,1000
"1297c98c74","2pl","parametric","skew_pos",20,1000,"target_075","dif",FALSE,0.832282208284469,0.750445433215417,16000,1408,0.088,16000,1632,0.102,0,1000
"1297c98c74","2pl","parametric","skew_pos",20,1000,"target_090","dif",FALSE,1.78573088776737,0.900411511759984,15998,4297,0.268596074509314,16000,4913,0.3070625,2,1000
"1297c98c74","2pl","parametric","skew_pos",20,1000,"uncontrolled","dif",FALSE,1,0.799880945925039,16000,1852,0.11575,16000,2157,0.1348125,0,1000
"1297c98c74","2pl","parametric","skew_pos",20,1000,"target_060","null",FALSE,0.548357147500952,0.600346904759558,16000,694,0.043375,16000,799,0.0499375,0,1000
"1297c98c74","2pl","parametric","skew_pos",20,1000,"target_075","null",FALSE,0.832282208284469,0.750445433215417,16000,737,0.0460625,16000,818,0.051125,0,1000
"1297c98c74","2pl","parametric","skew_pos",20,1000,"target_090","null",FALSE,1.78573088776737,0.900411511759984,15998,661,0.0413176647080885,16000,770,0.048125,2,1000
"1297c98c74","2pl","parametric","skew_pos",20,1000,"uncontrolled","null",FALSE,1,0.799880945925039,16000,700,0.04375,16000,834,0.052125,0,1000
"1297c98c74","2pl","parametric","skew_pos",20,1000,"target_060","dif",TRUE,0.548357147500952,0.600346904759558,4000,2825,0.70625,4000,2868,0.717,0,1000
"1297c98c74","2pl","parametric","skew_pos",20,1000,"target_075","dif",TRUE,0.832282208284469,0.750445433215417,4000,3600,0.9,4000,3615,0.90375,0,1000
"1297c98c74","2pl","parametric","skew_pos",20,1000,"target_090","dif",TRUE,1.78573088776737,0.900411511759984,4000,3992,0.998,4000,3992,0.998,0,1000
"1297c98c74","2pl","parametric","skew_pos",20,1000,"uncontrolled","dif",TRUE,1,0.799880945925039,4000,3804,0.951,4000,3806,0.9515,0,1000
"1297c98c74","2pl","parametric","skew_pos",20,1000,"target_060","null",TRUE,0.548357147500952,0.600346904759558,4000,205,0.05125,4000,229,0.05725,0,1000
"1297c98c74","2pl","parametric","skew_pos",20,1000,"target_075","null",TRUE,0.832282208284469,0.750445433215417,4000,187,0.04675,4000,212,0.053,0,1000
"1297c98c74","2pl","parametric","skew_pos",20,1000,"target_090","null",TRUE,1.78573088776737,0.900411511759984,4000,176,0.044,4000,209,0.05225,0,1000
"1297c98c74","2pl","parametric","skew_pos",20,1000,"uncontrolled","null",TRUE,1,0.799880945925039,4000,194,0.0485,4000,223,0.05575,0,1000
"22cdfa0dc5","2pl","irw","normal",20,1000,"target_060","dif",FALSE,0.562213708499648,0.600150515267512,15984,936,0.0585585585585586,15993,1088,0.0680297630213218,16,1000
"22cdfa0dc5","2pl","irw","normal",20,1000,"target_075","dif",FALSE,0.856025838161241,0.750149119425009,15866,1488,0.0937854531703013,15918,1777,0.111634627465762,134,1000
"22cdfa0dc5","2pl","irw","normal",20,1000,"target_090","dif",FALSE,1.83495621420736,0.900098596496924,15248,4405,0.288890346274921,15379,5084,0.330580661941609,704,1000
"22cdfa0dc5","2pl","irw","normal",20,1000,"uncontrolled","dif",FALSE,1,0.792967282356796,15956,1782,0.111682125846077,15977,2082,0.130312323965701,44,1000
"22cdfa0dc5","2pl","irw","normal",20,1000,"target_060","null",FALSE,0.562213708499648,0.600150515267512,15984,707,0.0442317317317317,15993,812,0.0507722128431189,16,1000
"22cdfa0dc5","2pl","irw","normal",20,1000,"target_075","null",FALSE,0.856025838161241,0.750149119425009,15864,697,0.0439359556227937,15917,815,0.0512031161651065,136,1000
"22cdfa0dc5","2pl","irw","normal",20,1000,"target_090","null",FALSE,1.83495621420736,0.900098596496924,15234,659,0.0432585007220691,15384,802,0.0521320852834113,718,1000
"22cdfa0dc5","2pl","irw","normal",20,1000,"uncontrolled","null",FALSE,1,0.792967282356796,15958,688,0.0431131720767013,15977,797,0.0498842085497903,42,1000
"22cdfa0dc5","2pl","irw","normal",20,1000,"target_060","dif",TRUE,0.562213708499648,0.600150515267512,4000,2901,0.72525,4000,2935,0.73375,0,1000
"22cdfa0dc5","2pl","irw","normal",20,1000,"target_075","dif",TRUE,0.856025838161241,0.750149119425009,3995,3620,0.90613266583229,3995,3649,0.913391739674593,5,1000
"22cdfa0dc5","2pl","irw","normal",20,1000,"target_090","dif",TRUE,1.83495621420736,0.900098596496924,3949,3887,0.984299822739934,3966,3920,0.988401412002017,39,1000
"22cdfa0dc5","2pl","irw","normal",20,1000,"uncontrolled","dif",TRUE,1,0.792967282356796,4000,3751,0.93775,4000,3766,0.9415,0,1000
"22cdfa0dc5","2pl","irw","normal",20,1000,"target_060","null",TRUE,0.562213708499648,0.600150515267512,4000,168,0.042,4000,186,0.0465,0,1000
"22cdfa0dc5","2pl","irw","normal",20,1000,"target_075","null",TRUE,0.856025838161241,0.750149119425009,3994,189,0.0473209814722083,3996,204,0.0510510510510511,6,1000
"22cdfa0dc5","2pl","irw","normal",20,1000,"target_090","null",TRUE,1.83495621420736,0.900098596496924,3943,156,0.0395637839208724,3964,184,0.0464177598385469,45,1000
"22cdfa0dc5","2pl","irw","normal",20,1000,"uncontrolled","null",TRUE,1,0.792967282356796,4000,183,0.04575,4000,205,0.05125,0,1000
"2343e63ff8","2pl","irw","normal",20,500,"target_060","dif",FALSE,0.564549259135005,0.599711262758653,15938,788,0.049441586146317,15960,968,0.0606516290726817,62,1000
"2343e63ff8","2pl","irw","normal",20,500,"target_075","dif",FALSE,0.863090179687813,0.7496980380944,15757,963,0.0611156946119185,15838,1234,0.0779138780149009,243,1000
"2343e63ff8","2pl","irw","normal",20,500,"target_090","dif",FALSE,1.86868847204377,0.899807616812369,15057,2394,0.158995815899582,15272,3055,0.200039287585123,847,1000
"2343e63ff8","2pl","irw","normal",20,500,"uncontrolled","dif",FALSE,1,0.789787049811831,15927,1129,0.0708859169962956,15957,1428,0.0894905057341605,73,1000
"2343e63ff8","2pl","irw","normal",20,500,"target_060","null",FALSE,0.564549259135005,0.599711262758653,15938,675,0.0423516124984314,15960,807,0.0505639097744361,62,1000
"2343e63ff8","2pl","irw","normal",20,500,"target_075","null",FALSE,0.863090179687813,0.7496980380944,15756,694,0.044046712363544,15835,849,0.0536154089043259,244,1000
"2343e63ff8","2pl","irw","normal",20,500,"target_090","null",FALSE,1.86868847204377,0.899807616812369,15045,555,0.036889332003988,15275,768,0.050278232405892,859,1000
"2343e63ff8","2pl","irw","normal",20,500,"uncontrolled","null",FALSE,1,0.789787049811831,15930,650,0.0408035153797866,15957,811,0.0508240897411794,70,1000
"2343e63ff8","2pl","irw","normal",20,500,"target_060","dif",TRUE,0.564549259135005,0.599711262758653,3995,1848,0.462578222778473,3997,1934,0.48386289717288,5,1000
"2343e63ff8","2pl","irw","normal",20,500,"target_075","dif",TRUE,0.863090179687813,0.7496980380944,3979,2799,0.703443076149786,3990,2884,0.72280701754386,21,1000
"2343e63ff8","2pl","irw","normal",20,500,"target_090","dif",TRUE,1.86868847204377,0.899807616812369,3916,3714,0.948416751787538,3940,3781,0.959644670050761,60,1000
"2343e63ff8","2pl","irw","normal",20,500,"uncontrolled","dif",TRUE,1,0.789787049811831,3996,3058,0.765265265265265,3998,3129,0.78264132066033,4,1000
"2343e63ff8","2pl","irw","normal",20,500,"target_060","null",TRUE,0.564549259135005,0.599711262758653,3991,161,0.0403407667251315,3997,199,0.049787340505379,9,1000
"2343e63ff8","2pl","irw","normal",20,500,"target_075","null",TRUE,0.863090179687813,0.7496980380944,3979,165,0.0414677054536316,3987,211,0.0529219964885879,21,1000
"2343e63ff8","2pl","irw","normal",20,500,"target_090","null",TRUE,1.86868847204377,0.899807616812369,3910,153,0.0391304347826087,3935,206,0.0523506988564168,66,1000
"2343e63ff8","2pl","irw","normal",20,500,"uncontrolled","null",TRUE,1,0.789787049811831,3997,163,0.0407805854390793,3998,206,0.0515257628814407,3,1000
"429cb5aca1","3pl_g20","irw","normal",40,500,"target_060","dif",FALSE,0.479646508289827,0.600188235957722,31956,1421,0.0444673926649143,31975,1725,0.053948397185301,44,1000
"429cb5aca1","3pl_g20","irw","normal",40,500,"target_075","dif",FALSE,0.728373762077545,0.750266920374518,31791,1668,0.052467679531943,31846,1995,0.0626452301701941,209,1000
"429cb5aca1","3pl_g20","irw","normal",40,500,"target_090","dif",FALSE,1.57466410736983,0.900245550650377,31278,2491,0.0796406419847816,31378,3007,0.0958314742813436,690,1000
"429cb5aca1","3pl_g20","irw","normal",40,500,"uncontrolled","dif",FALSE,1,0.828259079406226,31858,1868,0.0586351936719191,31916,2311,0.0724088231607971,142,1000
"429cb5aca1","3pl_g20","irw","normal",40,500,"target_060","null",FALSE,0.479646508289827,0.600188235957722,31957,1345,0.0420878054886253,31975,1603,0.0501329163408913,43,1000
"429cb5aca1","3pl_g20","irw","normal",40,500,"target_075","null",FALSE,0.728373762077545,0.750266920374518,31790,1318,0.0414595784837999,31846,1603,0.0503359919613138,210,1000
"429cb5aca1","3pl_g20","irw","normal",40,500,"target_090","null",FALSE,1.57466410736983,0.900245550650377,31279,1269,0.0405703507145369,31373,1597,0.0509036432601281,689,1000
"429cb5aca1","3pl_g20","irw","normal",40,500,"uncontrolled","null",FALSE,1,0.828259079406226,31859,1324,0.0415581154461847,31915,1660,0.0520131599561335,141,1000
"429cb5aca1","3pl_g20","irw","normal",40,500,"target_060","dif",TRUE,0.479646508289827,0.600188235957722,7995,2071,0.259036898061288,7995,2225,0.278298936835522,5,1000
"429cb5aca1","3pl_g20","irw","normal",40,500,"target_075","dif",TRUE,0.728373762077545,0.750266920374518,7976,3263,0.409102306920762,7984,3508,0.43937875751503,24,1000
"429cb5aca1","3pl_g20","irw","normal",40,500,"target_090","dif",TRUE,1.57466410736983,0.900245550650377,7930,5607,0.707061790668348,7944,5815,0.731998992950655,62,1000
"429cb5aca1","3pl_g20","irw","normal",40,500,"uncontrolled","dif",TRUE,1,0.828259079406226,7993,4287,0.536344301263606,7994,4508,0.563922942206655,7,1000
"429cb5aca1","3pl_g20","irw","normal",40,500,"target_060","null",TRUE,0.479646508289827,0.600188235957722,7995,343,0.0429018136335209,7995,410,0.0512820512820513,5,1000
"429cb5aca1","3pl_g20","irw","normal",40,500,"target_075","null",TRUE,0.728373762077545,0.750266920374518,7973,323,0.0405117270788913,7980,386,0.0483709273182957,27,1000
"429cb5aca1","3pl_g20","irw","normal",40,500,"target_090","null",TRUE,1.57466410736983,0.900245550650377,7902,303,0.0383447228549734,7920,403,0.0508838383838384,90,1000
"429cb5aca1","3pl_g20","irw","normal",40,500,"uncontrolled","null",TRUE,1,0.828259079406226,7990,319,0.0399249061326658,7994,386,0.0482862146609957,10,1000
"4f2cc11668","2pl","irw","skew_pos",20,500,"target_060","dif",FALSE,0.562298865581409,0.600229251239961,15926,734,0.0460881577294989,15943,890,0.0558238725459449,74,1000
"4f2cc11668","2pl","irw","skew_pos",20,500,"target_075","dif",FALSE,0.853200858598736,0.750224695038211,15763,958,0.0607752331408996,15834,1215,0.0767336112163698,237,1000
"4f2cc11668","2pl","irw","skew_pos",20,500,"target_090","dif",FALSE,1.80603391310765,0.900076081076329,15120,2296,0.151851851851852,15335,2983,0.194522334528856,768,1000
"4f2cc11668","2pl","irw","skew_pos",20,500,"uncontrolled","dif",FALSE,1,0.793697771645987,15923,1131,0.0710293286440997,15964,1396,0.0874467551991982,77,1000
"4f2cc11668","2pl","irw","skew_pos",20,500,"target_060","null",FALSE,0.562298865581409,0.600229251239961,15922,630,0.0395678934807185,15943,750,0.0470425892241109,78,1000
"4f2cc11668","2pl","irw","skew_pos",20,500,"target_075","null",FALSE,0.853200858598736,0.750224695038211,15766,633,0.0401496892046175,15835,789,0.0498263340700979,234,1000
"4f2cc11668","2pl","irw","skew_pos",20,500,"target_090","null",FALSE,1.80603391310765,0.900076081076329,15113,585,0.0387083967445246,15328,778,0.0507567849686848,775,1000
"4f2cc11668","2pl","irw","skew_pos",20,500,"uncontrolled","null",FALSE,1,0.793697771645987,15924,655,0.0411328811856317,15964,815,0.0510523678276121,76,1000
"4f2cc11668","2pl","irw","skew_pos",20,500,"target_060","dif",TRUE,0.562298865581409,0.600229251239961,3994,1828,0.457686529794692,3995,1925,0.481852315394243,6,1000
"4f2cc11668","2pl","irw","skew_pos",20,500,"target_075","dif",TRUE,0.853200858598736,0.750224695038211,3981,2735,0.68701331323788,3988,2833,0.710381143430291,19,1000
"4f2cc11668","2pl","irw","skew_pos",20,500,"target_090","dif",TRUE,1.80603391310765,0.900076081076329,3927,3719,0.947033358798065,3946,3788,0.959959452610238,45,1000
"4f2cc11668","2pl","irw","skew_pos",20,500,"uncontrolled","dif",TRUE,1,0.793697771645987,3998,3024,0.756378189094547,3999,3113,0.778444611152788,2,1000
"4f2cc11668","2pl","irw","skew_pos",20,500,"target_060","null",TRUE,0.562298865581409,0.600229251239961,3993,155,0.0388179313799148,3996,187,0.0467967967967968,7,1000
"4f2cc11668","2pl","irw","skew_pos",20,500,"target_075","null",TRUE,0.853200858598736,0.750224695038211,3978,163,0.0409753645047763,3986,200,0.0501756146512795,22,1000
"4f2cc11668","2pl","irw","skew_pos",20,500,"target_090","null",TRUE,1.80603391310765,0.900076081076329,3909,145,0.0370938859043234,3941,192,0.048718599340269,63,1000
"4f2cc11668","2pl","irw","skew_pos",20,500,"uncontrolled","null",TRUE,1,0.793697771645987,3997,170,0.0425318989241931,3998,204,0.0510255127563782,3,1000
"4fcbb538c8","3pl_g20","irw","skew_pos",20,500,"target_060","dif",FALSE,0.731050166051257,0.600873921574646,15886,743,0.0467707415334257,15922,914,0.0574048486371059,114,1000
"4fcbb538c8","3pl_g20","irw","skew_pos",20,500,"target_075","dif",FALSE,1.1672943111893,0.751017341703157,15689,961,0.0612531072726114,15763,1223,0.0775867537905221,247,1000
"4fcbb538c8","3pl_g20","irw","skew_pos",20,500,"target_090","dif",FALSE,2.78861622919854,0.900676684695522,15238,1713,0.112416327602048,15349,2009,0.130888005733273,442,1000
"4fcbb538c8","3pl_g20","irw","skew_pos",20,500,"uncontrolled","dif",FALSE,1,0.707443703365188,15930,854,0.053609541745135,15964,1060,0.0663993986469557,70,1000
"4fcbb538c8","3pl_g20","irw","skew_pos",20,500,"target_060","null",FALSE,0.731050166051257,0.600873921574646,15886,654,0.0411683243107138,15924,790,0.0496106505903039,114,1000
"4fcbb538c8","3pl_g20","irw","skew_pos",20,500,"target_075","null",FALSE,1.1672943111893,0.751017341703157,15688,657,0.0418791432942376,15763,808,0.0512592780562076,248,1000
"4fcbb538c8","3pl_g20","irw","skew_pos",20,500,"target_090","null",FALSE,2.78861622919854,0.900676684695522,15238,595,0.039047119044494,15347,783,0.0510197432723008,442,1000
"4fcbb538c8","3pl_g20","irw","skew_pos",20,500,"uncontrolled","null",FALSE,1,0.707443703365188,15930,660,0.0414312617702448,15964,799,0.0500501127536958,70,1000
"4fcbb538c8","3pl_g20","irw","skew_pos",20,500,"target_060","dif",TRUE,0.731050166051257,0.600873921574646,3991,1797,0.450263091956903,3995,1899,0.475344180225282,9,1000
"4fcbb538c8","3pl_g20","irw","skew_pos",20,500,"target_075","dif",TRUE,1.1672943111893,0.751017341703157,3972,2603,0.655337361530715,3979,2691,0.676300578034682,12,1000
"4fcbb538c8","3pl_g20","irw","skew_pos",20,500,"target_090","dif",TRUE,2.78861622919854,0.900676684695522,3914,3391,0.866377107818089,3917,3410,0.870564207301506,6,1000
"4fcbb538c8","3pl_g20","irw","skew_pos",20,500,"uncontrolled","dif",TRUE,1,0.707443703365188,4000,2310,0.5775,4000,2407,0.60175,0,1000
"4fcbb538c8","3pl_g20","irw","skew_pos",20,500,"target_060","null",TRUE,0.731050166051257,0.600873921574646,3991,181,0.0453520420947131,3992,220,0.0551102204408818,9,1000
"4fcbb538c8","3pl_g20","irw","skew_pos",20,500,"target_075","null",TRUE,1.1672943111893,0.751017341703157,3971,166,0.0418030722739864,3973,191,0.0480745028945381,13,1000
"4fcbb538c8","3pl_g20","irw","skew_pos",20,500,"target_090","null",TRUE,2.78861622919854,0.900676684695522,3909,180,0.0460475825019186,3911,217,0.0554845308105344,11,1000
"4fcbb538c8","3pl_g20","irw","skew_pos",20,500,"uncontrolled","null",TRUE,1,0.707443703365188,4000,167,0.04175,4000,201,0.05025,0,1000
"508e5501d0","3pl_g20","parametric","skew_pos",40,1000,"target_060","dif",FALSE,0.468212919939924,0.600314254062491,32000,1701,0.05315625,32000,1883,0.05884375,0,1000
"508e5501d0","3pl_g20","parametric","skew_pos",40,1000,"target_075","dif",FALSE,0.708657019559753,0.750418201875649,32000,2132,0.066625,32000,2401,0.07503125,0,1000
"508e5501d0","3pl_g20","parametric","skew_pos",40,1000,"target_090","dif",FALSE,1.52260315661819,0.900347769628609,31997,4416,0.138012938713004,32000,4788,0.149625,3,1000
"508e5501d0","3pl_g20","parametric","skew_pos",40,1000,"uncontrolled","dif",FALSE,1,0.835605259900549,32000,2912,0.091,31999,3225,0.100784399512485,0,1000
"508e5501d0","3pl_g20","parametric","skew_pos",40,1000,"target_060","null",FALSE,0.468212919939924,0.600314254062491,32000,1482,0.0463125,32000,1648,0.0515,0,1000
"508e5501d0","3pl_g20","parametric","skew_pos",40,1000,"target_075","null",FALSE,0.708657019559753,0.750418201875649,32000,1414,0.0441875,32000,1589,0.04965625,0,1000
"508e5501d0","3pl_g20","parametric","skew_pos",40,1000,"target_090","null",FALSE,1.52260315661819,0.900347769628609,31997,1346,0.0420664437290996,32000,1555,0.04859375,3,1000
"508e5501d0","3pl_g20","parametric","skew_pos",40,1000,"uncontrolled","null",FALSE,1,0.835605259900549,32000,1442,0.0450625,31999,1644,0.0513766055189225,0,1000
"508e5501d0","3pl_g20","parametric","skew_pos",40,1000,"target_060","dif",TRUE,0.468212919939924,0.600314254062491,8000,3519,0.439875,8000,3672,0.459,0,1000
"508e5501d0","3pl_g20","parametric","skew_pos",40,1000,"target_075","dif",TRUE,0.708657019559753,0.750418201875649,8000,5314,0.66425,8000,5455,0.681875,0,1000
"508e5501d0","3pl_g20","parametric","skew_pos",40,1000,"target_090","dif",TRUE,1.52260315661819,0.900347769628609,8000,7410,0.92625,8000,7482,0.93525,0,1000
"508e5501d0","3pl_g20","parametric","skew_pos",40,1000,"uncontrolled","dif",TRUE,1,0.835605259900549,8000,6601,0.825125,8000,6695,0.836875,0,1000
"508e5501d0","3pl_g20","parametric","skew_pos",40,1000,"target_060","null",TRUE,0.468212919939924,0.600314254062491,8000,371,0.046375,8000,417,0.052125,0,1000
"508e5501d0","3pl_g20","parametric","skew_pos",40,1000,"target_075","null",TRUE,0.708657019559753,0.750418201875649,8000,367,0.045875,8000,405,0.050625,0,1000
"508e5501d0","3pl_g20","parametric","skew_pos",40,1000,"target_090","null",TRUE,1.52260315661819,0.900347769628609,8000,363,0.045375,8000,411,0.051375,0,1000
"508e5501d0","3pl_g20","parametric","skew_pos",40,1000,"uncontrolled","null",TRUE,1,0.835605259900549,8000,366,0.04575,8000,414,0.05175,0,1000
"68da453838","2pl","irw","skew_pos",40,1000,"target_060","dif",FALSE,0.378354408755765,0.599925196550177,31996,1625,0.0507875984498062,31997,1844,0.0576304028502672,4,1000
"68da453838","2pl","irw","skew_pos",40,1000,"target_075","dif",FALSE,0.557789018655088,0.749880727093024,31959,2112,0.0660846709846991,31970,2415,0.0755395683453237,41,1000
"68da453838","2pl","irw","skew_pos",40,1000,"target_090","dif",FALSE,1.10063806537607,0.899899661266963,31468,4717,0.14989830939367,31558,5366,0.170036123962228,532,1000
"68da453838","2pl","irw","skew_pos",40,1000,"uncontrolled","dif",FALSE,1,0.885913404044319,31906,4049,0.126904030589858,31947,4543,0.142204275831846,94,1000
"68da453838","2pl","irw","skew_pos",40,1000,"target_060","null",FALSE,0.378354408755765,0.599925196550177,31996,1413,0.0441617702212777,31997,1608,0.0502547113791918,4,1000
"68da453838","2pl","irw","skew_pos",40,1000,"target_075","null",FALSE,0.557789018655088,0.749880727093024,31959,1428,0.0446822491317,31970,1626,0.0508601814200813,41,1000
"68da453838","2pl","irw","skew_pos",40,1000,"target_090","null",FALSE,1.10063806537607,0.899899661266963,31467,1353,0.0429974258747259,31559,1621,0.0513641116638677,533,1000
"68da453838","2pl","irw","skew_pos",40,1000,"uncontrolled","null",FALSE,1,0.885913404044319,31906,1408,0.0441296307904469,31947,1647,0.0515541365386421,94,1000
"68da453838","2pl","irw","skew_pos",40,1000,"target_060","dif",TRUE,0.378354408755765,0.599925196550177,8000,3555,0.444375,8000,3689,0.461125,0,1000
"68da453838","2pl","irw","skew_pos",40,1000,"target_075","dif",TRUE,0.557789018655088,0.749880727093024,7997,5387,0.673627610353883,7998,5509,0.688797199299825,3,1000
"68da453838","2pl","irw","skew_pos",40,1000,"target_090","dif",TRUE,1.10063806537607,0.899899661266963,7938,7424,0.935248173343411,7943,7492,0.943220445675438,62,1000
"68da453838","2pl","irw","skew_pos",40,1000,"uncontrolled","dif",TRUE,1,0.885913404044319,7996,7247,0.906328164082041,7997,7330,0.916593722645992,4,1000
"68da453838","2pl","irw","skew_pos",40,1000,"target_060","null",TRUE,0.378354408755765,0.599925196550177,8000,345,0.043125,8000,390,0.04875,0,1000
"68da453838","2pl","irw","skew_pos",40,1000,"target_075","null",TRUE,0.557789018655088,0.749880727093024,7997,362,0.0452669751156684,7998,409,0.0511377844461115,3,1000
"68da453838","2pl","irw","skew_pos",40,1000,"target_090","null",TRUE,1.10063806537607,0.899899661266963,7932,351,0.0442511346444781,7945,424,0.0533668974197609,68,1000
"68da453838","2pl","irw","skew_pos",40,1000,"uncontrolled","null",TRUE,1,0.885913404044319,7997,359,0.0448918344379142,7998,417,0.0521380345086272,3,1000
"7d721aa2db","3pl_g20","parametric","normal",40,500,"target_060","dif",FALSE,0.469752139070236,0.599434796355578,32000,1480,0.04625,32000,1733,0.05415625,0,1000
"7d721aa2db","3pl_g20","parametric","normal",40,500,"target_075","dif",FALSE,0.712132924122813,0.749380652312815,32000,1664,0.052,32000,1951,0.06096875,0,1000
"7d721aa2db","3pl_g20","parametric","normal",40,500,"target_090","dif",FALSE,1.53157854314582,0.89956711762712,31996,2766,0.0864483060382548,31997,3166,0.0989467762602744,4,1000
"7d721aa2db","3pl_g20","parametric","normal",40,500,"uncontrolled","dif",FALSE,1,0.833341227853658,32000,2082,0.0650625,32000,2409,0.07528125,0,1000
"7d721aa2db","3pl_g20","parametric","normal",40,500,"target_060","null",FALSE,0.469752139070236,0.599434796355578,32000,1389,0.04340625,32000,1640,0.05125,0,1000
"7d721aa2db","3pl_g20","parametric","normal",40,500,"target_075","null",FALSE,0.712132924122813,0.749380652312815,32000,1370,0.0428125,32000,1631,0.05096875,0,1000
"7d721aa2db","3pl_g20","parametric","normal",40,500,"target_090","null",FALSE,1.53157854314582,0.89956711762712,31996,1321,0.0412864108013502,31997,1628,0.0508797699784355,4,1000
"7d721aa2db","3pl_g20","parametric","normal",40,500,"uncontrolled","null",FALSE,1,0.833341227853658,32000,1319,0.04121875,32000,1588,0.049625,0,1000
"7d721aa2db","3pl_g20","parametric","normal",40,500,"target_060","dif",TRUE,0.469752139070236,0.599434796355578,8000,2015,0.251875,8000,2160,0.27,0,1000
"7d721aa2db","3pl_g20","parametric","normal",40,500,"target_075","dif",TRUE,0.712132924122813,0.749380652312815,8000,3241,0.405125,8000,3453,0.431625,0,1000
"7d721aa2db","3pl_g20","parametric","normal",40,500,"target_090","dif",TRUE,1.53157854314582,0.89956711762712,8000,5937,0.742125,8000,6116,0.7645,0,1000
"7d721aa2db","3pl_g20","parametric","normal",40,500,"uncontrolled","dif",TRUE,1,0.833341227853658,8000,4545,0.568125,8000,4726,0.59075,0,1000
"7d721aa2db","3pl_g20","parametric","normal",40,500,"target_060","null",TRUE,0.469752139070236,0.599434796355578,8000,329,0.041125,8000,398,0.04975,0,1000
"7d721aa2db","3pl_g20","parametric","normal",40,500,"target_075","null",TRUE,0.712132924122813,0.749380652312815,8000,331,0.041375,8000,378,0.04725,0,1000
"7d721aa2db","3pl_g20","parametric","normal",40,500,"target_090","null",TRUE,1.53157854314582,0.89956711762712,8000,331,0.041375,8000,393,0.049125,0,1000
"7d721aa2db","3pl_g20","parametric","normal",40,500,"uncontrolled","null",TRUE,1,0.833341227853658,8000,331,0.041375,8000,405,0.050625,0,1000
"8a8b018dae","2pl","parametric","normal",20,500,"target_060","dif",FALSE,0.552659715979283,0.59948162736483,16000,762,0.047625,16000,918,0.057375,0,1000
"8a8b018dae","2pl","parametric","normal",20,500,"target_075","dif",FALSE,0.839585478247889,0.749359425462849,16000,991,0.0619375,16000,1212,0.07575,0,1000
"8a8b018dae","2pl","parametric","normal",20,500,"target_090","dif",FALSE,1.81801000579256,0.89946494585024,15986,2496,0.156136619542099,15994,3020,0.188820807802926,14,1000
"8a8b018dae","2pl","parametric","normal",20,500,"uncontrolled","dif",FALSE,1,0.79666604278447,15999,1226,0.0766297893618351,16000,1484,0.09275,1,1000
"8a8b018dae","2pl","parametric","normal",20,500,"target_060","null",FALSE,0.552659715979283,0.59948162736483,16000,669,0.0418125,16000,796,0.04975,0,1000
"8a8b018dae","2pl","parametric","normal",20,500,"target_075","null",FALSE,0.839585478247889,0.749359425462849,16000,679,0.0424375,16000,794,0.049625,0,1000
"8a8b018dae","2pl","parametric","normal",20,500,"target_090","null",FALSE,1.81801000579256,0.89946494585024,15986,690,0.0431627674214938,15994,841,0.0525822183318745,14,1000
"8a8b018dae","2pl","parametric","normal",20,500,"uncontrolled","null",FALSE,1,0.79666604278447,15999,663,0.0414400900056254,16000,802,0.050125,1,1000
"8a8b018dae","2pl","parametric","normal",20,500,"target_060","dif",TRUE,0.552659715979283,0.59948162736483,4000,1821,0.45525,4000,1921,0.48025,0,1000
"8a8b018dae","2pl","parametric","normal",20,500,"target_075","dif",TRUE,0.839585478247889,0.749359425462849,4000,2787,0.69675,4000,2863,0.71575,0,1000
"8a8b018dae","2pl","parametric","normal",20,500,"target_090","dif",TRUE,1.81801000579256,0.89946494585024,4000,3880,0.97,4000,3892,0.973,0,1000
"8a8b018dae","2pl","parametric","normal",20,500,"uncontrolled","dif",TRUE,1,0.79666604278447,4000,3141,0.78525,4000,3225,0.80625,0,1000
"8a8b018dae","2pl","parametric","normal",20,500,"target_060","null",TRUE,0.552659715979283,0.59948162736483,4000,171,0.04275,4000,199,0.04975,0,1000
"8a8b018dae","2pl","parametric","normal",20,500,"target_075","null",TRUE,0.839585478247889,0.749359425462849,4000,153,0.03825,4000,174,0.0435,0,1000
"8a8b018dae","2pl","parametric","normal",20,500,"target_090","null",TRUE,1.81801000579256,0.89946494585024,4000,151,0.03775,4000,188,0.047,0,1000
"8a8b018dae","2pl","parametric","normal",20,500,"uncontrolled","null",TRUE,1,0.79666604278447,4000,154,0.0385,4000,187,0.04675,0,1000
"98c3028ff1","3pl_g20","irw","skew_pos",20,1000,"target_060","dif",FALSE,0.731429450035106,0.600131949884766,15895,930,0.0585089650833595,15924,1112,0.0698317005777443,105,1000
"98c3028ff1","3pl_g20","irw","skew_pos",20,1000,"target_075","dif",FALSE,1.1622569603478,0.750058904942007,15752,1285,0.0815769426104622,15796,1531,0.0969232717143581,232,1000
"98c3028ff1","3pl_g20","irw","skew_pos",20,1000,"target_090","dif",FALSE,2.76726131742248,0.89988506943096,15224,2980,0.195743562795586,15283,3187,0.208532356212785,312,1000
"98c3028ff1","3pl_g20","irw","skew_pos",20,1000,"uncontrolled","dif",FALSE,1,0.708289099027896,15947,1167,0.0731799084467298,15969,1362,0.085290249859102,53,1000
"98c3028ff1","3pl_g20","irw","skew_pos",20,1000,"target_060","null",FALSE,0.731429450035106,0.600131949884766,15895,738,0.0464296948726014,15924,851,0.053441346395378,105,1000
"98c3028ff1","3pl_g20","irw","skew_pos",20,1000,"target_075","null",FALSE,1.1622569603478,0.750058904942007,15751,699,0.044378134721605,15795,810,0.0512820512820513,233,1000
"98c3028ff1","3pl_g20","irw","skew_pos",20,1000,"target_090","null",FALSE,2.76726131742248,0.89988506943096,15224,646,0.0424330005254861,15282,800,0.0523491689569428,312,1000
"98c3028ff1","3pl_g20","irw","skew_pos",20,1000,"uncontrolled","null",FALSE,1,0.708289099027896,15948,738,0.04627539503386,15969,849,0.0531655081720834,52,1000
"98c3028ff1","3pl_g20","irw","skew_pos",20,1000,"target_060","dif",TRUE,0.731429450035106,0.600131949884766,3992,2823,0.707164328657315,3994,2866,0.71757636454682,8,1000
"98c3028ff1","3pl_g20","irw","skew_pos",20,1000,"target_075","dif",TRUE,1.1622569603478,0.750058904942007,3987,3443,0.863556558816152,3989,3476,0.871396339934821,9,1000
"98c3028ff1","3pl_g20","irw","skew_pos",20,1000,"target_090","dif",TRUE,2.76726131742248,0.89988506943096,3877,3631,0.936548877998452,3880,3629,0.935309278350515,7,1000
"98c3028ff1","3pl_g20","irw","skew_pos",20,1000,"uncontrolled","dif",TRUE,1,0.708289099027896,3999,3303,0.825956489122281,3999,3338,0.834708677169292,1,1000
"98c3028ff1","3pl_g20","irw","skew_pos",20,1000,"target_060","null",TRUE,0.731429450035106,0.600131949884766,3991,172,0.0430969681784014,3992,201,0.0503507014028056,9,1000
"98c3028ff1","3pl_g20","irw","skew_pos",20,1000,"target_075","null",TRUE,1.1622569603478,0.750058904942007,3983,182,0.0456942003514939,3987,214,0.0536744419362929,13,1000
"98c3028ff1","3pl_g20","irw","skew_pos",20,1000,"target_090","null",TRUE,2.76726131742248,0.89988506943096,3874,163,0.0420753742901394,3877,182,0.0469435130255352,10,1000
"98c3028ff1","3pl_g20","irw","skew_pos",20,1000,"uncontrolled","null",TRUE,1,0.708289099027896,3999,180,0.0450112528132033,3999,201,0.0502625656414104,1,1000
"a76c2f3dab","3pl_g20","parametric","skew_pos",40,500,"target_060","dif",FALSE,0.469843216087155,0.60009424263623,32000,1397,0.04365625,32000,1653,0.05165625,0,1000
"a76c2f3dab","3pl_g20","parametric","skew_pos",40,500,"target_075","dif",FALSE,0.710748221391085,0.750129785763333,32000,1603,0.05009375,32000,1922,0.0600625,0,1000
"a76c2f3dab","3pl_g20","parametric","skew_pos",40,500,"target_090","dif",FALSE,1.52736506371328,0.900105004255891,31992,2664,0.0832708177044261,31997,3143,0.0982279588711442,8,1000
"a76c2f3dab","3pl_g20","parametric","skew_pos",40,500,"uncontrolled","dif",FALSE,1,0.834516286514479,32000,1942,0.0606875,32000,2347,0.07334375,0,1000
"a76c2f3dab","3pl_g20","parametric","skew_pos",40,500,"target_060","null",FALSE,0.469843216087155,0.60009424263623,32000,1333,0.04165625,32000,1554,0.0485625,0,1000
"a76c2f3dab","3pl_g20","parametric","skew_pos",40,500,"target_075","null",FALSE,0.710748221391085,0.750129785763333,32000,1264,0.0395,32000,1488,0.0465,0,1000
"a76c2f3dab","3pl_g20","parametric","skew_pos",40,500,"target_090","null",FALSE,1.52736506371328,0.900105004255891,31992,1313,0.0410415103775944,31997,1593,0.049785917429759,8,1000
"a76c2f3dab","3pl_g20","parametric","skew_pos",40,500,"uncontrolled","null",FALSE,1,0.834516286514479,32000,1292,0.040375,32000,1570,0.0490625,0,1000
"a76c2f3dab","3pl_g20","parametric","skew_pos",40,500,"target_060","dif",TRUE,0.469843216087155,0.60009424263623,8000,1980,0.2475,8000,2151,0.268875,0,1000
"a76c2f3dab","3pl_g20","parametric","skew_pos",40,500,"target_075","dif",TRUE,0.710748221391085,0.750129785763333,8000,3289,0.411125,8000,3487,0.435875,0,1000
"a76c2f3dab","3pl_g20","parametric","skew_pos",40,500,"target_090","dif",TRUE,1.52736506371328,0.900105004255891,8000,5915,0.739375,8000,6114,0.76425,0,1000
"a76c2f3dab","3pl_g20","parametric","skew_pos",40,500,"uncontrolled","dif",TRUE,1,0.834516286514479,8000,4509,0.563625,8000,4760,0.595,0,1000
"a76c2f3dab","3pl_g20","parametric","skew_pos",40,500,"target_060","null",TRUE,0.469843216087155,0.60009424263623,8000,326,0.04075,8000,401,0.050125,0,1000
"a76c2f3dab","3pl_g20","parametric","skew_pos",40,500,"target_075","null",TRUE,0.710748221391085,0.750129785763333,8000,326,0.04075,8000,380,0.0475,0,1000
"a76c2f3dab","3pl_g20","parametric","skew_pos",40,500,"target_090","null",TRUE,1.52736506371328,0.900105004255891,8000,339,0.042375,8000,395,0.049375,0,1000
"a76c2f3dab","3pl_g20","parametric","skew_pos",40,500,"uncontrolled","null",TRUE,1,0.834516286514479,8000,348,0.0435,8000,418,0.05225,0,1000
"a94274d83e","2pl","irw","skew_pos",20,1000,"target_060","dif",FALSE,0.563361529301896,0.60013879370899,15942,956,0.0599673817588759,15962,1104,0.069164265129683,58,1000
"a94274d83e","2pl","irw","skew_pos",20,1000,"target_075","dif",FALSE,0.856148984941925,0.750115322841057,15784,1438,0.0911049163710086,15839,1771,0.111812614432729,216,1000
"a94274d83e","2pl","irw","skew_pos",20,1000,"target_090","dif",FALSE,1.84524076250971,0.900027457907006,15222,4225,0.277558796478781,15363,4953,0.322397969146651,650,1000
"a94274d83e","2pl","irw","skew_pos",20,1000,"uncontrolled","dif",FALSE,1,0.792753593823627,15933,1730,0.108579677399109,15966,2046,0.12814731304021,67,1000
"a94274d83e","2pl","irw","skew_pos",20,1000,"target_060","null",FALSE,0.563361529301896,0.60013879370899,15938,727,0.0456142552390513,15962,827,0.0518105500563839,62,1000
"a94274d83e","2pl","irw","skew_pos",20,1000,"target_075","null",FALSE,0.856148984941925,0.750115322841057,15785,665,0.0421286031042129,15838,792,0.0500063139285263,215,1000
"a94274d83e","2pl","irw","skew_pos",20,1000,"target_090","null",FALSE,1.84524076250971,0.900027457907006,15220,638,0.0419185282522996,15369,792,0.0515323052898692,652,1000
"a94274d83e","2pl","irw","skew_pos",20,1000,"uncontrolled","null",FALSE,1,0.792753593823627,15932,669,0.0419909615867437,15966,790,0.0494801453087812,68,1000
"a94274d83e","2pl","irw","skew_pos",20,1000,"target_060","dif",TRUE,0.563361529301896,0.60013879370899,3997,2876,0.719539654741056,3999,2924,0.731182795698925,3,1000
"a94274d83e","2pl","irw","skew_pos",20,1000,"target_075","dif",TRUE,0.856148984941925,0.750115322841057,3984,3592,0.901606425702811,3986,3619,0.907927747114902,16,1000
"a94274d83e","2pl","irw","skew_pos",20,1000,"target_090","dif",TRUE,1.84524076250971,0.900027457907006,3923,3869,0.986235024216161,3939,3900,0.99009900990099,45,1000
"a94274d83e","2pl","irw","skew_pos",20,1000,"uncontrolled","dif",TRUE,1,0.792753593823627,4000,3711,0.92775,4000,3735,0.93375,0,1000
"a94274d83e","2pl","irw","skew_pos",20,1000,"target_060","null",TRUE,0.563361529301896,0.60013879370899,3997,178,0.0445334000500375,3999,204,0.0510127531882971,3,1000
"a94274d83e","2pl","irw","skew_pos",20,1000,"target_075","null",TRUE,0.856148984941925,0.750115322841057,3984,184,0.0461847389558233,3989,215,0.0538982201052895,16,1000
"a94274d83e","2pl","irw","skew_pos",20,1000,"target_090","null",TRUE,1.84524076250971,0.900027457907006,3911,174,0.044489900281258,3939,216,0.0548362528560548,57,1000
"a94274d83e","2pl","irw","skew_pos",20,1000,"uncontrolled","null",TRUE,1,0.792753593823627,4000,183,0.04575,4000,198,0.0495,0,1000
"aa793c40ab","3pl_g20","irw","normal",40,1000,"target_060","dif",FALSE,0.480848664949834,0.599849566661903,31973,1594,0.0498545647890408,31982,1820,0.0569070101932337,27,1000
"aa793c40ab","3pl_g20","irw","normal",40,1000,"target_075","dif",FALSE,0.731548347828212,0.749916242944598,31825,2033,0.0638805970149254,31872,2296,0.0720381526104418,175,1000
"aa793c40ab","3pl_g20","irw","normal",40,1000,"target_090","dif",FALSE,1.5879343582097,0.90006450032503,31263,4052,0.129610082205802,31385,4525,0.144177154691732,673,1000
"aa793c40ab","3pl_g20","irw","normal",40,1000,"uncontrolled","dif",FALSE,1,0.827828419919684,31917,2625,0.0822445718582574,31948,2962,0.0927131588831852,83,1000
"aa793c40ab","3pl_g20","irw","normal",40,1000,"target_060","null",FALSE,0.480848664949834,0.599849566661903,31973,1403,0.0438807744034029,31982,1576,0.0492777187167782,27,1000
"aa793c40ab","3pl_g20","irw","normal",40,1000,"target_075","null",FALSE,0.731548347828212,0.749916242944598,31824,1362,0.0427978883861237,31872,1566,0.0491340361445783,176,1000
"aa793c40ab","3pl_g20","irw","normal",40,1000,"target_090","null",FALSE,1.5879343582097,0.90006450032503,31263,1416,0.0452931580462528,31382,1680,0.0535338729207826,673,1000
"aa793c40ab","3pl_g20","irw","normal",40,1000,"uncontrolled","null",FALSE,1,0.827828419919684,31919,1366,0.0427958269369341,31948,1577,0.0493614623763616,81,1000
"aa793c40ab","3pl_g20","irw","normal",40,1000,"target_060","dif",TRUE,0.480848664949834,0.599849566661903,7995,3469,0.433896185115697,7998,3611,0.451487871967992,5,1000
"aa793c40ab","3pl_g20","irw","normal",40,1000,"target_075","dif",TRUE,0.731548347828212,0.749916242944598,7980,5171,0.647994987468672,7987,5298,0.663327907850257,20,1000
"aa793c40ab","3pl_g20","irw","normal",40,1000,"target_090","dif",TRUE,1.5879343582097,0.90006450032503,7933,6824,0.860204210260935,7939,6888,0.867615568711425,51,1000
"aa793c40ab","3pl_g20","irw","normal",40,1000,"uncontrolled","dif",TRUE,1,0.827828419919684,7995,6132,0.766979362101313,7999,6263,0.782972871608951,5,1000
"aa793c40ab","3pl_g20","irw","normal",40,1000,"target_060","null",TRUE,0.480848664949834,0.599849566661903,7994,340,0.0425318989241931,7997,378,0.0472677253970239,6,1000
"aa793c40ab","3pl_g20","irw","normal",40,1000,"target_075","null",TRUE,0.731548347828212,0.749916242944598,7977,365,0.0457565500814843,7985,413,0.0517219787100814,23,1000
"aa793c40ab","3pl_g20","irw","normal",40,1000,"target_090","null",TRUE,1.5879343582097,0.90006450032503,7908,325,0.0410976226605969,7929,385,0.0485559339134822,76,1000
"aa793c40ab","3pl_g20","irw","normal",40,1000,"uncontrolled","null",TRUE,1,0.827828419919684,7992,356,0.0445445445445445,7998,411,0.0513878469617404,8,1000
"afa2da2e05","3pl_g20","parametric","normal",20,500,"target_060","dif",FALSE,0.70719493032699,0.59923544580587,16000,769,0.0480625,16000,906,0.056625,0,1000
"afa2da2e05","3pl_g20","parametric","normal",20,500,"target_075","dif",FALSE,1.12378432240595,0.749018824610302,16000,979,0.0611875,16000,1167,0.0729375,0,1000
"afa2da2e05","3pl_g20","parametric","normal",20,500,"target_090","dif",FALSE,2.69712602614379,0.899231693168842,15983,1883,0.117812675968216,15994,2215,0.138489433537577,17,1000
"afa2da2e05","3pl_g20","parametric","normal",20,500,"uncontrolled","dif",FALSE,1,0.716457086760675,16000,945,0.0590625,16000,1126,0.070375,0,1000
"afa2da2e05","3pl_g20","parametric","normal",20,500,"target_060","null",FALSE,0.70719493032699,0.59923544580587,16000,665,0.0415625,16000,780,0.04875,0,1000
"afa2da2e05","3pl_g20","parametric","normal",20,500,"target_075","null",FALSE,1.12378432240595,0.749018824610302,16000,663,0.0414375,16000,823,0.0514375,0,1000
"afa2da2e05","3pl_g20","parametric","normal",20,500,"target_090","null",FALSE,2.69712602614379,0.899231693168842,15982,646,0.0404204730321612,15994,851,0.053207452794798,18,1000
"afa2da2e05","3pl_g20","parametric","normal",20,500,"uncontrolled","null",FALSE,1,0.716457086760675,16000,701,0.0438125,16000,847,0.0529375,0,1000
"afa2da2e05","3pl_g20","parametric","normal",20,500,"target_060","dif",TRUE,0.70719493032699,0.59923544580587,4000,1756,0.439,4000,1844,0.461,0,1000
"afa2da2e05","3pl_g20","parametric","normal",20,500,"target_075","dif",TRUE,1.12378432240595,0.749018824610302,4000,2650,0.6625,4000,2737,0.68425,0,1000
"afa2da2e05","3pl_g20","parametric","normal",20,500,"target_090","dif",TRUE,2.69712602614379,0.899231693168842,4000,3622,0.9055,4000,3640,0.91,0,1000
"afa2da2e05","3pl_g20","parametric","normal",20,500,"uncontrolled","dif",TRUE,1,0.716457086760675,4000,2414,0.6035,4000,2511,0.62775,0,1000
"afa2da2e05","3pl_g20","parametric","normal",20,500,"target_060","null",TRUE,0.70719493032699,0.59923544580587,4000,148,0.037,4000,178,0.0445,0,1000
"afa2da2e05","3pl_g20","parametric","normal",20,500,"target_075","null",TRUE,1.12378432240595,0.749018824610302,4000,150,0.0375,4000,183,0.04575,0,1000
"afa2da2e05","3pl_g20","parametric","normal",20,500,"target_090","null",TRUE,2.69712602614379,0.899231693168842,4000,166,0.0415,4000,200,0.05,0,1000
"afa2da2e05","3pl_g20","parametric","normal",20,500,"uncontrolled","null",TRUE,1,0.716457086760675,4000,152,0.038,4000,183,0.04575,0,1000
"b1e88aee5f","3pl_g20","irw","skew_pos",40,500,"target_060","dif",FALSE,0.479662324416451,0.600046757989941,31954,1494,0.0467547098954747,31970,1793,0.0560838285893025,46,1000
"b1e88aee5f","3pl_g20","irw","skew_pos",40,500,"target_075","dif",FALSE,0.728567602622105,0.750193660592334,31825,1686,0.0529772191673213,31876,2035,0.0638411343957837,175,1000
"b1e88aee5f","3pl_g20","irw","skew_pos",40,500,"target_090","dif",FALSE,1.58537623422516,0.900336035216971,31328,2592,0.0827374872318693,31442,3084,0.0980853635264932,672,1000
"b1e88aee5f","3pl_g20","irw","skew_pos",40,500,"uncontrolled","dif",FALSE,1,0.829786827715296,31872,1969,0.0617783634538153,31916,2339,0.0732861260809625,128,1000
"b1e88aee5f","3pl_g20","irw","skew_pos",40,500,"target_060","null",FALSE,0.479662324416451,0.600046757989941,31954,1399,0.0437816861738749,31970,1661,0.0519549577729121,46,1000
"b1e88aee5f","3pl_g20","irw","skew_pos",40,500,"target_075","null",FALSE,0.728567602622105,0.750193660592334,31827,1387,0.0435793508656172,31878,1684,0.0528264006524876,173,1000
"b1e88aee5f","3pl_g20","irw","skew_pos",40,500,"target_090","null",FALSE,1.58537623422516,0.900336035216971,31323,1296,0.0413753471889666,31448,1681,0.0534533197659629,677,1000
"b1e88aee5f","3pl_g20","irw","skew_pos",40,500,"uncontrolled","null",FALSE,1,0.829786827715296,31875,1322,0.0414745098039216,31916,1650,0.0516982077954631,125,1000
"b1e88aee5f","3pl_g20","irw","skew_pos",40,500,"target_060","dif",TRUE,0.479662324416451,0.600046757989941,7998,2003,0.250437609402351,7999,2171,0.271408926115764,2,1000
"b1e88aee5f","3pl_g20","irw","skew_pos",40,500,"target_075","dif",TRUE,0.728567602622105,0.750193660592334,7987,3174,0.3973957681232,7991,3403,0.425854085846577,13,1000
"b1e88aee5f","3pl_g20","irw","skew_pos",40,500,"target_090","dif",TRUE,1.58537623422516,0.900336035216971,7954,5589,0.702665325622328,7956,5773,0.725615887380593,46,1000
"b1e88aee5f","3pl_g20","irw","skew_pos",40,500,"uncontrolled","dif",TRUE,1,0.829786827715296,7997,4192,0.524196573715143,7998,4422,0.552888222055514,3,1000
"b1e88aee5f","3pl_g20","irw","skew_pos",40,500,"target_060","null",TRUE,0.479662324416451,0.600046757989941,7997,330,0.0412654745529574,7998,388,0.048512128032008,3,1000
"b1e88aee5f","3pl_g20","irw","skew_pos",40,500,"target_075","null",TRUE,0.728567602622105,0.750193660592334,7986,323,0.0404457801152016,7990,394,0.0493116395494368,14,1000
"b1e88aee5f","3pl_g20","irw","skew_pos",40,500,"target_090","null",TRUE,1.58537623422516,0.900336035216971,7931,318,0.0400958265035935,7942,389,0.0489801057668094,69,1000
"b1e88aee5f","3pl_g20","irw","skew_pos",40,500,"uncontrolled","null",TRUE,1,0.829786827715296,7996,295,0.0368934467233617,7997,358,0.0447667875453295,4,1000
"b95e139c67","2pl","parametric","skew_pos",20,500,"target_060","dif",FALSE,0.549705726605223,0.599385741628542,16000,810,0.050625,16000,940,0.05875,0,1000
"b95e139c67","2pl","parametric","skew_pos",20,500,"target_075","dif",FALSE,0.831285746482771,0.749269149528101,16000,1024,0.064,16000,1251,0.0781875,0,1000
"b95e139c67","2pl","parametric","skew_pos",20,500,"target_090","dif",FALSE,1.77499220005383,0.899439739693831,15986,2411,0.150819467033654,15997,2919,0.182471713446271,14,1000
"b95e139c67","2pl","parametric","skew_pos",20,500,"uncontrolled","dif",FALSE,1,0.799422595963475,16000,1211,0.0756875,16000,1464,0.0915,0,1000
"b95e139c67","2pl","parametric","skew_pos",20,500,"target_060","null",FALSE,0.549705726605223,0.599385741628542,16000,665,0.0415625,16000,799,0.0499375,0,1000
"b95e139c67","2pl","parametric","skew_pos",20,500,"target_075","null",FALSE,0.831285746482771,0.749269149528101,16000,653,0.0408125,16000,785,0.0490625,0,1000
"b95e139c67","2pl","parametric","skew_pos",20,500,"target_090","null",FALSE,1.77499220005383,0.899439739693831,15986,649,0.0405980232703616,15997,814,0.0508845408514096,14,1000
"b95e139c67","2pl","parametric","skew_pos",20,500,"uncontrolled","null",FALSE,1,0.799422595963475,16000,658,0.041125,16000,785,0.0490625,0,1000
"b95e139c67","2pl","parametric","skew_pos",20,500,"target_060","dif",TRUE,0.549705726605223,0.599385741628542,4000,1873,0.46825,4000,1977,0.49425,0,1000
"b95e139c67","2pl","parametric","skew_pos",20,500,"target_075","dif",TRUE,0.831285746482771,0.749269149528101,4000,2801,0.70025,4000,2892,0.723,0,1000
"b95e139c67","2pl","parametric","skew_pos",20,500,"target_090","dif",TRUE,1.77499220005383,0.899439739693831,4000,3875,0.96875,4000,3893,0.97325,0,1000
"b95e139c67","2pl","parametric","skew_pos",20,500,"uncontrolled","dif",TRUE,1,0.799422595963475,4000,3210,0.8025,4000,3261,0.81525,0,1000
"b95e139c67","2pl","parametric","skew_pos",20,500,"target_060","null",TRUE,0.549705726605223,0.599385741628542,4000,160,0.04,4000,186,0.0465,0,1000
"b95e139c67","2pl","parametric","skew_pos",20,500,"target_075","null",TRUE,0.831285746482771,0.749269149528101,4000,164,0.041,4000,190,0.0475,0,1000
"b95e139c67","2pl","parametric","skew_pos",20,500,"target_090","null",TRUE,1.77499220005383,0.899439739693831,4000,158,0.0395,4000,206,0.0515,0,1000
"b95e139c67","2pl","parametric","skew_pos",20,500,"uncontrolled","null",TRUE,1,0.799422595963475,4000,181,0.04525,4000,209,0.05225,0,1000
"bc2fb5c74f","3pl_g20","parametric","normal",20,1000,"target_060","dif",FALSE,0.711510745133016,0.599830389539011,16000,944,0.059,16000,1084,0.06775,0,1000
"bc2fb5c74f","3pl_g20","parametric","normal",20,1000,"target_075","dif",FALSE,1.12996222263939,0.749800893258765,16000,1368,0.0855,16000,1587,0.0991875,0,1000
"bc2fb5c74f","3pl_g20","parametric","normal",20,1000,"target_090","dif",FALSE,2.72435823638498,0.899819413518885,15993,3402,0.212718064153067,15995,3489,0.218130665833073,7,1000
"bc2fb5c74f","3pl_g20","parametric","normal",20,1000,"uncontrolled","dif",FALSE,1,0.715408406028427,16000,1222,0.076375,16000,1402,0.087625,0,1000
"bc2fb5c74f","3pl_g20","parametric","normal",20,1000,"target_060","null",FALSE,0.711510745133016,0.599830389539011,16000,719,0.0449375,16000,810,0.050625,0,1000
"bc2fb5c74f","3pl_g20","parametric","normal",20,1000,"target_075","null",FALSE,1.12996222263939,0.749800893258765,16000,698,0.043625,16000,791,0.0494375,0,1000
"bc2fb5c74f","3pl_g20","parametric","normal",20,1000,"target_090","null",FALSE,2.72435823638498,0.899819413518885,15993,695,0.043456512224098,15995,823,0.0514535792435136,7,1000
"bc2fb5c74f","3pl_g20","parametric","normal",20,1000,"uncontrolled","null",FALSE,1,0.715408406028427,16000,698,0.043625,16000,808,0.0505,0,1000
"bc2fb5c74f","3pl_g20","parametric","normal",20,1000,"target_060","dif",TRUE,0.711510745133016,0.599830389539011,4000,2836,0.709,4000,2882,0.7205,0,1000
"bc2fb5c74f","3pl_g20","parametric","normal",20,1000,"target_075","dif",TRUE,1.12996222263939,0.749800893258765,4000,3571,0.89275,4000,3590,0.8975,0,1000
"bc2fb5c74f","3pl_g20","parametric","normal",20,1000,"target_090","dif",TRUE,2.72435823638498,0.899819413518885,4000,3946,0.9865,4000,3940,0.985,0,1000
"bc2fb5c74f","3pl_g20","parametric","normal",20,1000,"uncontrolled","dif",TRUE,1,0.715408406028427,4000,3410,0.8525,4000,3431,0.85775,0,1000
"bc2fb5c74f","3pl_g20","parametric","normal",20,1000,"target_060","null",TRUE,0.711510745133016,0.599830389539011,4000,186,0.0465,4000,205,0.05125,0,1000
"bc2fb5c74f","3pl_g20","parametric","normal",20,1000,"target_075","null",TRUE,1.12996222263939,0.749800893258765,4000,194,0.0485,4000,225,0.05625,0,1000
"bc2fb5c74f","3pl_g20","parametric","normal",20,1000,"target_090","null",TRUE,2.72435823638498,0.899819413518885,4000,182,0.0455,4000,206,0.0515,0,1000
"bc2fb5c74f","3pl_g20","parametric","normal",20,1000,"uncontrolled","null",TRUE,1,0.715408406028427,4000,193,0.04825,4000,220,0.055,0,1000
"bd16f163c0","2pl","parametric","skew_pos",40,500,"target_060","dif",FALSE,0.372028958770166,0.599760523853743,32000,1473,0.04603125,32000,1757,0.05490625,0,1000
"bd16f163c0","2pl","parametric","skew_pos",40,500,"target_075","dif",FALSE,0.547579739304779,0.749659022159944,32000,1697,0.05303125,32000,2019,0.06309375,0,1000
"bd16f163c0","2pl","parametric","skew_pos",40,500,"target_090","dif",FALSE,1.0757099095213,0.899651556675199,31999,2863,0.0894715459858121,32000,3402,0.1063125,1,1000
"bd16f163c0","2pl","parametric","skew_pos",40,500,"uncontrolled","dif",FALSE,1,0.889398433103071,32000,2688,0.084,32000,3163,0.09884375,0,1000
"bd16f163c0","2pl","parametric","skew_pos",40,500,"target_060","null",FALSE,0.372028958770166,0.599760523853743,32000,1360,0.0425,32000,1581,0.04940625,0,1000
"bd16f163c0","2pl","parametric","skew_pos",40,500,"target_075","null",FALSE,0.547579739304779,0.749659022159944,32000,1323,0.04134375,32000,1583,0.04946875,0,1000
"bd16f163c0","2pl","parametric","skew_pos",40,500,"target_090","null",FALSE,1.0757099095213,0.899651556675199,31999,1353,0.0422825713303541,32000,1622,0.0506875,1,1000
"bd16f163c0","2pl","parametric","skew_pos",40,500,"uncontrolled","null",FALSE,1,0.889398433103071,32000,1365,0.04265625,32000,1644,0.051375,0,1000
"bd16f163c0","2pl","parametric","skew_pos",40,500,"target_060","dif",TRUE,0.372028958770166,0.599760523853743,8000,1971,0.246375,8000,2127,0.265875,0,1000
"bd16f163c0","2pl","parametric","skew_pos",40,500,"target_075","dif",TRUE,0.547579739304779,0.749659022159944,8000,3328,0.416,8000,3539,0.442375,0,1000
"bd16f163c0","2pl","parametric","skew_pos",40,500,"target_090","dif",TRUE,1.0757099095213,0.899651556675199,8000,6370,0.79625,8000,6514,0.81425,0,1000
"bd16f163c0","2pl","parametric","skew_pos",40,500,"uncontrolled","dif",TRUE,1,0.889398433103071,8000,6077,0.759625,8000,6242,0.78025,0,1000
"bd16f163c0","2pl","parametric","skew_pos",40,500,"target_060","null",TRUE,0.372028958770166,0.599760523853743,8000,305,0.038125,8000,353,0.044125,0,1000
"bd16f163c0","2pl","parametric","skew_pos",40,500,"target_075","null",TRUE,0.547579739304779,0.749659022159944,8000,333,0.041625,8000,374,0.04675,0,1000
"bd16f163c0","2pl","parametric","skew_pos",40,500,"target_090","null",TRUE,1.0757099095213,0.899651556675199,8000,321,0.040125,8000,380,0.0475,0,1000
"bd16f163c0","2pl","parametric","skew_pos",40,500,"uncontrolled","null",TRUE,1,0.889398433103071,8000,314,0.03925,8000,356,0.0445,0,1000
"bf06929371","3pl_g20","irw","normal",20,500,"target_060","dif",FALSE,0.73282389348999,0.600455850711187,15887,773,0.0486561339459936,15915,972,0.0610744580584354,113,1000
"bf06929371","3pl_g20","irw","normal",20,500,"target_075","dif",FALSE,1.16593197361303,0.750662211215711,15702,967,0.061584511527194,15761,1192,0.0756297189264641,250,1000
"bf06929371","3pl_g20","irw","normal",20,500,"target_090","dif",FALSE,2.77499959188719,0.900643892150794,15291,1712,0.111961284415669,15393,1998,0.129799259403625,389,1000
"bf06929371","3pl_g20","irw","normal",20,500,"uncontrolled","dif",FALSE,1,0.707002284963564,15929,907,0.0569401720133091,15958,1098,0.0688056147386891,71,1000
"bf06929371","3pl_g20","irw","normal",20,500,"target_060","null",FALSE,0.73282389348999,0.600455850711187,15886,691,0.0434974191111671,15916,819,0.0514576526765519,114,1000
"bf06929371","3pl_g20","irw","normal",20,500,"target_075","null",FALSE,1.16593197361303,0.750662211215711,15699,679,0.0432511624944264,15759,819,0.0519703026841805,253,1000
"bf06929371","3pl_g20","irw","normal",20,500,"target_090","null",FALSE,2.77499959188719,0.900643892150794,15288,622,0.0406855049712193,15391,835,0.0542524852186343,392,1000
"bf06929371","3pl_g20","irw","normal",20,500,"uncontrolled","null",FALSE,1,0.707002284963564,15928,679,0.0426293319939729,15958,830,0.0520115302669507,72,1000
"bf06929371","3pl_g20","irw","normal",20,500,"target_060","dif",TRUE,0.73282389348999,0.600455850711187,3994,1791,0.448422633950926,3996,1878,0.46996996996997,6,1000
"bf06929371","3pl_g20","irw","normal",20,500,"target_075","dif",TRUE,1.16593197361303,0.750662211215711,3981,2591,0.650841497111279,3982,2684,0.674033149171271,7,1000
"bf06929371","3pl_g20","irw","normal",20,500,"target_090","dif",TRUE,2.77499959188719,0.900643892150794,3914,3375,0.862289218191109,3917,3405,0.869287720194026,6,1000
"bf06929371","3pl_g20","irw","normal",20,500,"uncontrolled","dif",TRUE,1,0.707002284963564,4000,2294,0.5735,4000,2400,0.6,0,1000
"bf06929371","3pl_g20","irw","normal",20,500,"target_060","null",TRUE,0.73282389348999,0.600455850711187,3991,179,0.044850914557755,3993,213,0.053343350864012,9,1000
"bf06929371","3pl_g20","irw","normal",20,500,"target_075","null",TRUE,1.16593197361303,0.750662211215711,3976,183,0.0460261569416499,3977,227,0.0570781996479759,12,1000
"bf06929371","3pl_g20","irw","normal",20,500,"target_090","null",TRUE,2.77499959188719,0.900643892150794,3910,159,0.0406649616368286,3913,202,0.0516227958088423,10,1000
"bf06929371","3pl_g20","irw","normal",20,500,"uncontrolled","null",TRUE,1,0.707002284963564,4000,178,0.0445,4000,206,0.0515,0,1000
"d32f9b574d","3pl_g20","parametric","skew_pos",20,500,"target_060","dif",FALSE,0.705887490640057,0.600116927528232,16000,802,0.050125,16000,935,0.0584375,0,1000
"d32f9b574d","3pl_g20","parametric","skew_pos",20,500,"target_075","dif",FALSE,1.11984186116733,0.750135148933786,16000,1009,0.0630625,16000,1230,0.076875,0,1000
"d32f9b574d","3pl_g20","parametric","skew_pos",20,500,"target_090","dif",FALSE,2.68915230205676,0.900067747380998,15980,1902,0.119023779724656,15997,2171,0.135712946177408,20,1000
"d32f9b574d","3pl_g20","parametric","skew_pos",20,500,"uncontrolled","dif",FALSE,1,0.718912565689491,16000,963,0.0601875,16000,1133,0.0708125,0,1000
"d32f9b574d","3pl_g20","parametric","skew_pos",20,500,"target_060","null",FALSE,0.705887490640057,0.600116927528232,16000,705,0.0440625,16000,843,0.0526875,0,1000
"d32f9b574d","3pl_g20","parametric","skew_pos",20,500,"target_075","null",FALSE,1.11984186116733,0.750135148933786,16000,716,0.04475,15999,855,0.0534408400525033,0,1000
"d32f9b574d","3pl_g20","parametric","skew_pos",20,500,"target_090","null",FALSE,2.68915230205676,0.900067747380998,15981,695,0.0434891433577373,15997,848,0.0530099393636307,19,1000
"d32f9b574d","3pl_g20","parametric","skew_pos",20,500,"uncontrolled","null",FALSE,1,0.718912565689491,16000,725,0.0453125,16000,862,0.053875,0,1000
"d32f9b574d","3pl_g20","parametric","skew_pos",20,500,"target_060","dif",TRUE,0.705887490640057,0.600116927528232,4000,1794,0.4485,4000,1907,0.47675,0,1000
"d32f9b574d","3pl_g20","parametric","skew_pos",20,500,"target_075","dif",TRUE,1.11984186116733,0.750135148933786,4000,2678,0.6695,4000,2772,0.693,0,1000
"d32f9b574d","3pl_g20","parametric","skew_pos",20,500,"target_090","dif",TRUE,2.68915230205676,0.900067747380998,4000,3644,0.911,4000,3670,0.9175,0,1000
"d32f9b574d","3pl_g20","parametric","skew_pos",20,500,"uncontrolled","dif",TRUE,1,0.718912565689491,4000,2467,0.61675,4000,2553,0.63825,0,1000
"d32f9b574d","3pl_g20","parametric","skew_pos",20,500,"target_060","null",TRUE,0.705887490640057,0.600116927528232,4000,150,0.0375,4000,200,0.05,0,1000
"d32f9b574d","3pl_g20","parametric","skew_pos",20,500,"target_075","null",TRUE,1.11984186116733,0.750135148933786,4000,175,0.04375,4000,209,0.05225,0,1000
"d32f9b574d","3pl_g20","parametric","skew_pos",20,500,"target_090","null",TRUE,2.68915230205676,0.900067747380998,4000,175,0.04375,4000,213,0.05325,0,1000
"d32f9b574d","3pl_g20","parametric","skew_pos",20,500,"uncontrolled","null",TRUE,1,0.718912565689491,4000,171,0.04275,4000,209,0.05225,0,1000
"d58a772e14","2pl","irw","normal",40,500,"target_060","dif",FALSE,0.377293376024571,0.600404275554777,31998,1404,0.0438777423588974,31998,1674,0.0523157697356085,2,1000
"d58a772e14","2pl","irw","normal",40,500,"target_075","dif",FALSE,0.559718611077148,0.750535653509026,31938,1664,0.0521009455820653,31967,1999,0.0625332374010698,62,1000
"d58a772e14","2pl","irw","normal",40,500,"target_090","dif",FALSE,1.11206659820766,0.900532047546107,31395,2846,0.0906513776078993,31483,3482,0.110599371089159,605,1000
"d58a772e14","2pl","irw","normal",40,500,"uncontrolled","dif",FALSE,1,0.885509561338248,31887,2560,0.0802835011133064,31925,3069,0.096131558339859,113,1000
"d58a772e14","2pl","irw","normal",40,500,"target_060","null",FALSE,0.377293376024571,0.600404275554777,31998,1320,0.0412525782861429,31998,1584,0.0495030939433715,2,1000
"d58a772e14","2pl","irw","normal",40,500,"target_075","null",FALSE,0.559718611077148,0.750535653509026,31938,1333,0.0417371156615943,31968,1596,0.0499249249249249,62,1000
"d58a772e14","2pl","irw","normal",40,500,"target_090","null",FALSE,1.11206659820766,0.900532047546107,31400,1272,0.0405095541401274,31483,1584,0.0503128672616968,600,1000
"d58a772e14","2pl","irw","normal",40,500,"uncontrolled","null",FALSE,1,0.885509561338248,31889,1278,0.0400765154128383,31924,1632,0.0511214133567222,111,1000
"d58a772e14","2pl","irw","normal",40,500,"target_060","dif",TRUE,0.377293376024571,0.600404275554777,8000,2059,0.257375,8000,2216,0.277,0,1000
"d58a772e14","2pl","irw","normal",40,500,"target_075","dif",TRUE,0.559718611077148,0.750535653509026,7993,3350,0.419116727136244,7997,3565,0.445792172064524,7,1000
"d58a772e14","2pl","irw","normal",40,500,"target_090","dif",TRUE,1.11206659820766,0.900532047546107,7931,6172,0.778212079182953,7944,6373,0.802240684793555,69,1000
"d58a772e14","2pl","irw","normal",40,500,"uncontrolled","dif",TRUE,1,0.885509561338248,7993,5741,0.718253471787814,7997,5946,0.743528823308741,7,1000
"d58a772e14","2pl","irw","normal",40,500,"target_060","null",TRUE,0.377293376024571,0.600404275554777,8000,333,0.041625,8000,384,0.048,0,1000
"d58a772e14","2pl","irw","normal",40,500,"target_075","null",TRUE,0.559718611077148,0.750535653509026,7994,333,0.0416562421816362,7996,406,0.0507753876938469,6,1000
"d58a772e14","2pl","irw","normal",40,500,"target_090","null",TRUE,1.11206659820766,0.900532047546107,7924,333,0.0420242301867744,7942,415,0.052253840342483,76,1000
"d58a772e14","2pl","irw","normal",40,500,"uncontrolled","null",TRUE,1,0.885509561338248,7992,320,0.04004004004004,7997,413,0.0516443666374891,8,1000
"d938d589c7","3pl_g20","irw","normal",20,1000,"target_060","dif",FALSE,0.73504363902505,0.599204095309812,15879,885,0.055733988286416,15901,1052,0.0661593610464751,105,1000
"d938d589c7","3pl_g20","irw","normal",20,1000,"target_075","dif",FALSE,1.16779155030552,0.749177799783032,15750,1308,0.0830476190476191,15806,1567,0.0991395672529419,218,1000
"d938d589c7","3pl_g20","irw","normal",20,1000,"target_090","dif",FALSE,2.7924276687658,0.899604747326957,15323,2879,0.187887489395027,15403,3098,0.201129650068169,341,1000
"d938d589c7","3pl_g20","irw","normal",20,1000,"uncontrolled","dif",FALSE,1,0.705287479733437,15947,1159,0.0726782466921678,15964,1340,0.0839388624404911,53,1000
"d938d589c7","3pl_g20","irw","normal",20,1000,"target_060","null",FALSE,0.73504363902505,0.599204095309812,15877,700,0.0440889336776469,15901,783,0.0492421860260361,107,1000
"d938d589c7","3pl_g20","irw","normal",20,1000,"target_075","null",FALSE,1.16779155030552,0.749177799783032,15750,679,0.0431111111111111,15806,801,0.0506769581171707,218,1000
"d938d589c7","3pl_g20","irw","normal",20,1000,"target_090","null",FALSE,2.7924276687658,0.899604747326957,15323,642,0.0418978006917705,15402,787,0.0510972600960914,341,1000
"d938d589c7","3pl_g20","irw","normal",20,1000,"uncontrolled","null",FALSE,1,0.705287479733437,15946,710,0.0445252727956854,15964,824,0.0516161363066901,54,1000
"d938d589c7","3pl_g20","irw","normal",20,1000,"target_060","dif",TRUE,0.73504363902505,0.599204095309812,3990,2782,0.697243107769424,3992,2807,0.70315631262525,6,1000
"d938d589c7","3pl_g20","irw","normal",20,1000,"target_075","dif",TRUE,1.16779155030552,0.749177799783032,3982,3429,0.861125062782521,3984,3455,0.867218875502008,10,1000
"d938d589c7","3pl_g20","irw","normal",20,1000,"target_090","dif",TRUE,2.7924276687658,0.899604747326957,3909,3636,0.930161166538757,3911,3635,0.92942981334697,7,1000
"d938d589c7","3pl_g20","irw","normal",20,1000,"uncontrolled","dif",TRUE,1,0.705287479733437,4000,3239,0.80975,4000,3285,0.82125,0,1000
"d938d589c7","3pl_g20","irw","normal",20,1000,"target_060","null",TRUE,0.73504363902505,0.599204095309812,3988,175,0.0438816449348044,3991,205,0.051365572538211,8,1000
"d938d589c7","3pl_g20","irw","normal",20,1000,"target_075","null",TRUE,1.16779155030552,0.749177799783032,3978,172,0.0432378079436903,3983,201,0.0504644740145619,14,1000
"d938d589c7","3pl_g20","irw","normal",20,1000,"target_090","null",TRUE,2.7924276687658,0.899604747326957,3903,155,0.0397130412503203,3908,188,0.0481064483111566,13,1000
"d938d589c7","3pl_g20","irw","normal",20,1000,"uncontrolled","null",TRUE,1,0.705287479733437,4000,188,0.047,4000,203,0.05075,0,1000
"daee4f98db","2pl","irw","normal",40,1000,"target_060","dif",FALSE,0.379251629229518,0.599802630219165,31993,1608,0.0502609945925671,31996,1848,0.0577572196524566,7,1000
"daee4f98db","2pl","irw","normal",40,1000,"target_075","dif",FALSE,0.560182125685533,0.749789598668873,31921,2142,0.0671031609285423,31947,2429,0.0760321782953016,79,1000
"daee4f98db","2pl","irw","normal",40,1000,"target_090","dif",FALSE,1.11793693958589,0.899906896642902,31351,4808,0.153360339383114,31478,5474,0.173899231209098,617,1000
"daee4f98db","2pl","irw","normal",40,1000,"uncontrolled","dif",FALSE,1,0.883836105097757,31895,4029,0.126320739927888,31927,4521,0.141604284774642,105,1000
"daee4f98db","2pl","irw","normal",40,1000,"target_060","null",FALSE,0.379251629229518,0.599802630219165,31993,1416,0.0442596818053949,31996,1573,0.0491623952994124,7,1000
"daee4f98db","2pl","irw","normal",40,1000,"target_075","null",FALSE,0.560182125685533,0.749789598668873,31922,1414,0.0442954702086335,31947,1623,0.0508028922903559,78,1000
"daee4f98db","2pl","irw","normal",40,1000,"target_090","null",FALSE,1.11793693958589,0.899906896642902,31355,1345,0.0428958698772126,31478,1592,0.0505750047652329,613,1000
"daee4f98db","2pl","irw","normal",40,1000,"uncontrolled","null",FALSE,1,0.883836105097757,31893,1356,0.0425171667764086,31927,1565,0.0490180724778401,107,1000
"daee4f98db","2pl","irw","normal",40,1000,"target_060","dif",TRUE,0.379251629229518,0.599802630219165,7999,3588,0.448556069508689,8000,3749,0.468625,1,1000
"daee4f98db","2pl","irw","normal",40,1000,"target_075","dif",TRUE,0.560182125685533,0.749789598668873,7990,5366,0.671589486858573,7994,5493,0.68714035526645,10,1000
"daee4f98db","2pl","irw","normal",40,1000,"target_090","dif",TRUE,1.11793693958589,0.899906896642902,7924,7405,0.934502776375568,7937,7476,0.941917601108731,68,1000
"daee4f98db","2pl","irw","normal",40,1000,"uncontrolled","dif",TRUE,1,0.883836105097757,7996,7219,0.902826413206603,7997,7292,0.911841940727773,4,1000
"daee4f98db","2pl","irw","normal",40,1000,"target_060","null",TRUE,0.379251629229518,0.599802630219165,7998,357,0.0446361590397599,8000,405,0.050625,2,1000
"daee4f98db","2pl","irw","normal",40,1000,"target_075","null",TRUE,0.560182125685533,0.749789598668873,7990,344,0.0430538172715895,7992,384,0.048048048048048,10,1000
"daee4f98db","2pl","irw","normal",40,1000,"target_090","null",TRUE,1.11793693958589,0.899906896642902,7922,345,0.0435496086846756,7935,414,0.0521739130434783,70,1000
"daee4f98db","2pl","irw","normal",40,1000,"uncontrolled","null",TRUE,1,0.883836105097757,7995,356,0.0445278298936836,7997,409,0.0511441790671502,5,1000
"eb6f2081e0","2pl","parametric","normal",20,1000,"target_060","dif",FALSE,0.550910782736954,0.599982597890026,16000,897,0.0560625,16000,1017,0.0635625,0,1000
"eb6f2081e0","2pl","parametric","normal",20,1000,"target_075","dif",FALSE,0.835953273739732,0.749969903991954,16000,1457,0.0910625,16000,1694,0.105875,0,1000
"eb6f2081e0","2pl","parametric","normal",20,1000,"target_090","dif",FALSE,1.80377331768405,0.899997003027026,15993,4362,0.272744325642469,16000,5030,0.314375,7,1000
"eb6f2081e0","2pl","parametric","normal",20,1000,"uncontrolled","dif",FALSE,1,0.798224401207059,16000,1864,0.1165,16000,2143,0.1339375,0,1000
"eb6f2081e0","2pl","parametric","normal",20,1000,"target_060","null",FALSE,0.550910782736954,0.599982597890026,16000,678,0.042375,16000,771,0.0481875,0,1000
"eb6f2081e0","2pl","parametric","normal",20,1000,"target_075","null",FALSE,0.835953273739732,0.749969903991954,16000,693,0.0433125,16000,790,0.049375,0,1000
"eb6f2081e0","2pl","parametric","normal",20,1000,"target_090","null",FALSE,1.80377331768405,0.899997003027026,15993,673,0.0420809103982993,16000,790,0.049375,7,1000
"eb6f2081e0","2pl","parametric","normal",20,1000,"uncontrolled","null",FALSE,1,0.798224401207059,16000,692,0.04325,16000,787,0.0491875,0,1000
"eb6f2081e0","2pl","parametric","normal",20,1000,"target_060","dif",TRUE,0.550910782736954,0.599982597890026,4000,2851,0.71275,4000,2890,0.7225,0,1000
"eb6f2081e0","2pl","parametric","normal",20,1000,"target_075","dif",TRUE,0.835953273739732,0.749969903991954,4000,3620,0.905,4000,3643,0.91075,0,1000
"eb6f2081e0","2pl","parametric","normal",20,1000,"target_090","dif",TRUE,1.80377331768405,0.899997003027026,4000,3992,0.998,4000,3990,0.9975,0,1000
"eb6f2081e0","2pl","parametric","normal",20,1000,"uncontrolled","dif",TRUE,1,0.798224401207059,4000,3811,0.95275,4000,3822,0.9555,0,1000
"eb6f2081e0","2pl","parametric","normal",20,1000,"target_060","null",TRUE,0.550910782736954,0.599982597890026,4000,182,0.0455,4000,199,0.04975,0,1000
"eb6f2081e0","2pl","parametric","normal",20,1000,"target_075","null",TRUE,0.835953273739732,0.749969903991954,4000,185,0.04625,4000,205,0.05125,0,1000
"eb6f2081e0","2pl","parametric","normal",20,1000,"target_090","null",TRUE,1.80377331768405,0.899997003027026,4000,176,0.044,4000,197,0.04925,0,1000
"eb6f2081e0","2pl","parametric","normal",20,1000,"uncontrolled","null",TRUE,1,0.798224401207059,4000,173,0.04325,4000,201,0.05025,0,1000
"ecaebdffaf","3pl_g20","parametric","normal",40,1000,"target_060","dif",FALSE,0.468038587045163,0.599623207511061,32000,1616,0.0505,32000,1837,0.05740625,0,1000
"ecaebdffaf","3pl_g20","parametric","normal",40,1000,"target_075","dif",FALSE,0.710347896999724,0.749555320197446,32000,2094,0.0654375,32000,2358,0.0736875,0,1000
"ecaebdffaf","3pl_g20","parametric","normal",40,1000,"target_090","dif",FALSE,1.52448860168219,0.89964994942614,31998,4393,0.137289830614413,31999,4726,0.147692115378606,2,1000
"ecaebdffaf","3pl_g20","parametric","normal",40,1000,"uncontrolled","dif",FALSE,1,0.834175458906707,32000,2893,0.09040625,32000,3165,0.09890625,0,1000
"ecaebdffaf","3pl_g20","parametric","normal",40,1000,"target_060","null",FALSE,0.468038587045163,0.599623207511061,32000,1436,0.044875,32000,1575,0.04921875,0,1000
"ecaebdffaf","3pl_g20","parametric","normal",40,1000,"target_075","null",FALSE,0.710347896999724,0.749555320197446,32000,1452,0.045375,32000,1622,0.0506875,0,1000
"ecaebdffaf","3pl_g20","parametric","normal",40,1000,"target_090","null",FALSE,1.52448860168219,0.89964994942614,31998,1430,0.0446902931433215,31999,1663,0.0519703740741898,2,1000
"ecaebdffaf","3pl_g20","parametric","normal",40,1000,"uncontrolled","null",FALSE,1,0.834175458906707,32000,1409,0.04403125,32000,1597,0.04990625,0,1000
"ecaebdffaf","3pl_g20","parametric","normal",40,1000,"target_060","dif",TRUE,0.468038587045163,0.599623207511061,8000,3440,0.43,8000,3577,0.447125,0,1000
"ecaebdffaf","3pl_g20","parametric","normal",40,1000,"target_075","dif",TRUE,0.710347896999724,0.749555320197446,8000,5261,0.657625,8000,5379,0.672375,0,1000
"ecaebdffaf","3pl_g20","parametric","normal",40,1000,"target_090","dif",TRUE,1.52448860168219,0.89964994942614,8000,7429,0.928625,8000,7450,0.93125,0,1000
"ecaebdffaf","3pl_g20","parametric","normal",40,1000,"uncontrolled","dif",TRUE,1,0.834175458906707,8000,6537,0.817125,8000,6627,0.828375,0,1000
"ecaebdffaf","3pl_g20","parametric","normal",40,1000,"target_060","null",TRUE,0.468038587045163,0.599623207511061,8000,363,0.045375,8000,410,0.05125,0,1000
"ecaebdffaf","3pl_g20","parametric","normal",40,1000,"target_075","null",TRUE,0.710347896999724,0.749555320197446,8000,373,0.046625,8000,428,0.0535,0,1000
"ecaebdffaf","3pl_g20","parametric","normal",40,1000,"target_090","null",TRUE,1.52448860168219,0.89964994942614,8000,358,0.04475,8000,412,0.0515,0,1000
"ecaebdffaf","3pl_g20","parametric","normal",40,1000,"uncontrolled","null",TRUE,1,0.834175458906707,8000,354,0.04425,8000,399,0.049875,0,1000
"f2a8105fd5","2pl","parametric","normal",40,500,"target_060","dif",FALSE,0.37323492566185,0.599964555173425,32000,1434,0.0448125,32000,1706,0.0533125,0,1000
"f2a8105fd5","2pl","parametric","normal",40,500,"target_075","dif",FALSE,0.55075660530561,0.749949740275481,32000,1712,0.0535,32000,2032,0.0635,0,1000
"f2a8105fd5","2pl","parametric","normal",40,500,"target_090","dif",FALSE,1.09628217242088,0.899944713946843,32000,2913,0.09103125,32000,3436,0.107375,0,1000
"f2a8105fd5","2pl","parametric","normal",40,500,"uncontrolled","dif",FALSE,1,0.887107566118824,32000,2684,0.083875,32000,3197,0.09990625,0,1000
"f2a8105fd5","2pl","parametric","normal",40,500,"target_060","null",FALSE,0.37323492566185,0.599964555173425,32000,1317,0.04115625,32000,1587,0.04959375,0,1000
"f2a8105fd5","2pl","parametric","normal",40,500,"target_075","null",FALSE,0.55075660530561,0.749949740275481,32000,1350,0.0421875,32000,1598,0.0499375,0,1000
"f2a8105fd5","2pl","parametric","normal",40,500,"target_090","null",FALSE,1.09628217242088,0.899944713946843,32000,1309,0.04090625,32000,1596,0.049875,0,1000
"f2a8105fd5","2pl","parametric","normal",40,500,"uncontrolled","null",FALSE,1,0.887107566118824,32000,1344,0.042,32000,1650,0.0515625,0,1000
"f2a8105fd5","2pl","parametric","normal",40,500,"target_060","dif",TRUE,0.37323492566185,0.599964555173425,8000,1995,0.249375,8000,2154,0.26925,0,1000
"f2a8105fd5","2pl","parametric","normal",40,500,"target_075","dif",TRUE,0.55075660530561,0.749949740275481,8000,3346,0.41825,8000,3546,0.44325,0,1000
"f2a8105fd5","2pl","parametric","normal",40,500,"target_090","dif",TRUE,1.09628217242088,0.899944713946843,8000,6338,0.79225,8000,6502,0.81275,0,1000
"f2a8105fd5","2pl","parametric","normal",40,500,"uncontrolled","dif",TRUE,1,0.887107566118824,8000,5953,0.744125,8000,6156,0.7695,0,1000
"f2a8105fd5","2pl","parametric","normal",40,500,"target_060","null",TRUE,0.37323492566185,0.599964555173425,8000,368,0.046,8000,410,0.05125,0,1000
"f2a8105fd5","2pl","parametric","normal",40,500,"target_075","null",TRUE,0.55075660530561,0.749949740275481,8000,360,0.045,8000,431,0.053875,0,1000
"f2a8105fd5","2pl","parametric","normal",40,500,"target_090","null",TRUE,1.09628217242088,0.899944713946843,8000,334,0.04175,8000,407,0.050875,0,1000
"f2a8105fd5","2pl","parametric","normal",40,500,"uncontrolled","null",TRUE,1,0.887107566118824,8000,333,0.041625,8000,387,0.048375,0,1000
"f9198f2bb1","3pl_g20","irw","skew_pos",40,1000,"target_060","dif",FALSE,0.476963604042855,0.599811322772875,31968,1621,0.050706956956957,31976,1844,0.0576682511883913,32,1000
"f9198f2bb1","3pl_g20","irw","skew_pos",40,1000,"target_075","dif",FALSE,0.723062377117541,0.749768055503299,31834,2075,0.0651818810077276,31878,2367,0.0742518351214003,166,1000
"f9198f2bb1","3pl_g20","irw","skew_pos",40,1000,"target_090","dif",FALSE,1.55544710937084,0.89977110499951,31397,4103,0.130681275281078,31517,4517,0.143319478376749,571,1000
"f9198f2bb1","3pl_g20","irw","skew_pos",40,1000,"uncontrolled","dif",FALSE,1,0.830168878889268,31905,2743,0.0859739852687667,31949,3057,0.0956837459701399,95,1000
"f9198f2bb1","3pl_g20","irw","skew_pos",40,1000,"target_060","null",FALSE,0.476963604042855,0.599811322772875,31968,1425,0.0445758258258258,31975,1603,0.0501329163408913,32,1000
"f9198f2bb1","3pl_g20","irw","skew_pos",40,1000,"target_075","null",FALSE,0.723062377117541,0.749768055503299,31834,1422,0.0446692215869825,31878,1663,0.0521676391241609,166,1000
"f9198f2bb1","3pl_g20","irw","skew_pos",40,1000,"target_090","null",FALSE,1.55544710937084,0.89977110499951,31397,1352,0.0430614389909864,31514,1621,0.0514374563685981,571,1000
"f9198f2bb1","3pl_g20","irw","skew_pos",40,1000,"uncontrolled","null",FALSE,1,0.830168878889268,31903,1461,0.0457950662947058,31950,1668,0.0522065727699531,97,1000
"f9198f2bb1","3pl_g20","irw","skew_pos",40,1000,"target_060","dif",TRUE,0.476963604042855,0.599811322772875,8000,3474,0.43425,8000,3607,0.450875,0,1000
"f9198f2bb1","3pl_g20","irw","skew_pos",40,1000,"target_075","dif",TRUE,0.723062377117541,0.749768055503299,7982,5146,0.644700576296668,7987,5249,0.657192938525103,18,1000
"f9198f2bb1","3pl_g20","irw","skew_pos",40,1000,"target_090","dif",TRUE,1.55544710937084,0.89977110499951,7942,6876,0.865776882397381,7951,6933,0.871965790466608,50,1000
"f9198f2bb1","3pl_g20","irw","skew_pos",40,1000,"uncontrolled","dif",TRUE,1,0.830168878889268,7998,6182,0.772943235808952,8000,6275,0.784375,2,1000
"f9198f2bb1","3pl_g20","irw","skew_pos",40,1000,"target_060","null",TRUE,0.476963604042855,0.599811322772875,8000,369,0.046125,8000,412,0.0515,0,1000
"f9198f2bb1","3pl_g20","irw","skew_pos",40,1000,"target_075","null",TRUE,0.723062377117541,0.749768055503299,7976,347,0.0435055165496489,7984,388,0.0485971943887776,24,1000
"f9198f2bb1","3pl_g20","irw","skew_pos",40,1000,"target_090","null",TRUE,1.55544710937084,0.89977110499951,7928,315,0.0397325933400605,7936,398,0.0501512096774194,64,1000
"f9198f2bb1","3pl_g20","irw","skew_pos",40,1000,"uncontrolled","null",TRUE,1,0.830168878889268,7996,339,0.0423961980990495,8000,393,0.049125,4,1000
"ffd37c110f","3pl_g20","parametric","skew_pos",20,1000,"target_060","dif",FALSE,0.708652379282102,0.599353075692832,16000,873,0.0545625,16000,980,0.06125,0,1000
"ffd37c110f","3pl_g20","parametric","skew_pos",20,1000,"target_075","dif",FALSE,1.12473465169939,0.749213083430656,16000,1322,0.082625,16000,1505,0.0940625,0,1000
"ffd37c110f","3pl_g20","parametric","skew_pos",20,1000,"target_090","dif",FALSE,2.67721349281945,0.899440039187595,15992,3322,0.207728864432216,15998,3487,0.217964745593199,8,1000
"ffd37c110f","3pl_g20","parametric","skew_pos",20,1000,"uncontrolled","dif",FALSE,1,0.716356535080998,16000,1165,0.0728125,16000,1347,0.0841875,0,1000
"ffd37c110f","3pl_g20","parametric","skew_pos",20,1000,"target_060","null",FALSE,0.708652379282102,0.599353075692832,16000,711,0.0444375,16000,811,0.0506875,0,1000
"ffd37c110f","3pl_g20","parametric","skew_pos",20,1000,"target_075","null",FALSE,1.12473465169939,0.749213083430656,16000,712,0.0445,16000,799,0.0499375,0,1000
"ffd37c110f","3pl_g20","parametric","skew_pos",20,1000,"target_090","null",FALSE,2.67721349281945,0.899440039187595,15993,675,0.0422059651097355,15998,799,0.049943742967871,7,1000
"ffd37c110f","3pl_g20","parametric","skew_pos",20,1000,"uncontrolled","null",FALSE,1,0.716356535080998,16000,729,0.0455625,16000,810,0.050625,0,1000
"ffd37c110f","3pl_g20","parametric","skew_pos",20,1000,"target_060","dif",TRUE,0.708652379282102,0.599353075692832,4000,2813,0.70325,4000,2849,0.71225,0,1000
"ffd37c110f","3pl_g20","parametric","skew_pos",20,1000,"target_075","dif",TRUE,1.12473465169939,0.749213083430656,4000,3553,0.88825,4000,3574,0.8935,0,1000
"ffd37c110f","3pl_g20","parametric","skew_pos",20,1000,"target_090","dif",TRUE,2.67721349281945,0.899440039187595,4000,3950,0.9875,4000,3946,0.9865,0,1000
"ffd37c110f","3pl_g20","parametric","skew_pos",20,1000,"uncontrolled","dif",TRUE,1,0.716356535080998,4000,3419,0.85475,4000,3436,0.859,0,1000
"ffd37c110f","3pl_g20","parametric","skew_pos",20,1000,"target_060","null",TRUE,0.708652379282102,0.599353075692832,4000,171,0.04275,4000,195,0.04875,0,1000
"ffd37c110f","3pl_g20","parametric","skew_pos",20,1000,"target_075","null",TRUE,1.12473465169939,0.749213083430656,4000,176,0.044,4000,193,0.04825,0,1000
"ffd37c110f","3pl_g20","parametric","skew_pos",20,1000,"target_090","null",TRUE,2.67721349281945,0.899440039187595,4000,166,0.0415,4000,196,0.049,0,1000
"ffd37c110f","3pl_g20","parametric","skew_pos",20,1000,"uncontrolled","null",TRUE,1,0.716356535080998,4000,179,0.04475,4000,199,0.04975,0,1000
