"model_arm","factor","df","sum_sq","share","share_of_explained"
"parametric only","f_length",6,10488.6462262131,0.526186227354552,0.559185098280113
"parametric only","f_lambda",6,7587.19160190223,0.380628313618169,0.404498768485161
"parametric only","f_spread",3,344.109681672638,0.0172630262562373,0.0183456474758731
"parametric only","f_guess",3,328.607328176987,0.0164853162710719,0.0175191647367209
"parametric only","f_shape",3,8.46543756289616,0.000424687472344473,0.000451321022131695
"parametric only","Residuals",49978,1176.31450395833,0.0590124290276254,NA
"both arms, realized spread","f_length",6,21067.488345166,0.497402724446105,0.52705491416563
"both arms, realized spread","f_lambda",6,14676.9068911886,0.346521301187482,0.36717883855041
"both arms, realized spread","beta_sd",1,3543.55378296883,0.083663191216357,0.0886506926846105
"both arms, realized spread","f_guess",3,666.581598027729,0.0157379701601073,0.016676174263246
"both arms, realized spread","f_shape",3,13.4947567836645,0.000318610775046301,0.000337604452973735
"both arms, realized spread","factor(pool)",1,4.06819512357564,9.60499564490888e-05,0.000101775883130234
"both arms, realized spread","Residuals",99979,2382.89829096154,0.0562601522584537,NA
