"recipe_id","pool","spread_across_shapes","normal","skew_pos","bimodal","heavy_tail"
"A1","irw",0.00562952347171553,0.648088582708805,0.646882300403121,0.645038908069814,0.65066843154153
"A2","irw",0.00434363415675998,0.785359891056455,0.786645613996636,0.782301979839876,0.786618343604955
"A3","irw",0.00321444650740754,0.877687914981514,0.878740059112052,0.876731378306828,0.879945824814236
"A4","irw",0.00505399115441252,0.790188526462846,0.791743095464217,0.78976865302678,0.794822644181193
"A5","irw",0.00460881302294602,0.805479953154584,0.808590547916845,0.81008876617753,0.808529750552329
"A6","irw",0.00892840852184196,0.830786601911492,0.832940467312,0.826725954365997,0.83565436288784
"B1","irw",0.0119064238330659,0.511351325390965,0.501636509918152,0.499444901557899,0.506104729515151
"B2","irw",0.00530602617946951,0.681381061545689,0.676801878957838,0.678912509994862,0.682107905137308
"B3","irw",0.009981222333868,0.811565344466769,0.808061403766803,0.80594784586154,0.815929068195407
"B4","irw",0.00299784440173445,0.897879425374827,0.896535900266407,0.894881580973093,0.896784537893816
"B5","irw",0.00238487650845454,0.929582331071503,0.927470852509913,0.928273436394754,0.929855729018368
"C1","irw",0.00425734064090899,0.811900589437625,0.810454825820103,0.807643248796716,0.811187510983782
"C2","irw",0.00684726146466141,0.810781477364727,0.806478796721755,0.804120935562163,0.810968197026824
"C3","irw",0.0062100467148205,0.811338633458716,0.810228041192171,0.809695958570722,0.815906005285542
"C4","irw",0.00402308715454547,0.811284867700115,0.808149592421775,0.809674993466709,0.81217267957632
"D1","irw",0.00213353014576345,0.608085111806903,0.610218641952667,0.609053446231477,0.609698221048809
"D2","irw",0.00540182851690607,0.781027989788651,0.786410379127051,0.781943066795124,0.786429818305557
"D3","irw",0.00807010807912212,0.886048127807352,0.884476244145159,0.880612428913456,0.888682536992579
"D4","irw",0.00413433509780048,0.924679477397072,0.928813812494872,0.924786142595781,0.928766180368576
"E1","irw",0.00512105837656707,0.704727827979134,0.70891906970232,0.703798011325753,0.706940101697477
"E2","irw",0.00202852953812349,0.697791612655829,0.699069229384502,0.698992229322626,0.699820142193952
"E3","irw",0.00368741420292706,0.709648987618932,0.70889972641905,0.709479967778595,0.712587140621977
"F1","irw",0.00500859038154045,0.887848123186989,0.888092504256418,0.884029169410416,0.889037759791956
"F2","irw",0.0061576372222496,0.743799683933781,0.73973324551277,0.737642046711531,0.743050810120979
"F3","irw",0.00588267199702697,0.747049006841734,0.752931678838761,0.749394436367511,0.750771906588585
"A1","parametric",0.00678149691717256,0.648361241857057,0.650138108012221,0.646544855104021,0.653326352021193
"A2","parametric",0.00399088856413143,0.785495440754715,0.786311956780134,0.784322897022929,0.78831378558706
"A3","parametric",0.00247572977580046,0.879650603275262,0.879886351527792,0.878712509601991,0.881188239377791
"A4","parametric",0.00386055485953452,0.798414415526914,0.79986765221825,0.796523488300872,0.800384043160407
"A5","parametric",0.00779911460703997,0.816081355846806,0.81860587501382,0.815880424829956,0.823679539436996
"A6","parametric",0.00583625679931199,0.837429060477997,0.838989793133292,0.835662739985347,0.841498996784659
"B1","parametric",0.0172549566457679,0.522262529915243,0.52459040114321,0.517243367311645,0.534498323957412
"B2","parametric",0.00965417344474306,0.692612443097276,0.69403726851693,0.691795994884749,0.701450168329492
"B3","parametric",0.00379088192531851,0.820895810572096,0.818378653254344,0.817104928646778,0.819283293250445
"B4","parametric",0.00385080889046052,0.899895560437052,0.900443984355246,0.900235708730971,0.903746369327513
"B5","parametric",0.00227829134978152,0.931841512119932,0.932200952145954,0.930855528439899,0.93313381978968
"C1","parametric",0.00817046911086794,0.836382198393143,0.838782308151504,0.832825691760022,0.84099616087089
"C2","parametric",0.00711057618041044,0.81888378165604,0.819462689871524,0.81529099788556,0.822401574065971
"C3","parametric",0.00529433946501889,0.797039291289531,0.79320554880607,0.79678492284309,0.798499888271089
"C4","parametric",0.00431536127701504,0.750164116329005,0.751376662081268,0.75447947760602,0.750254037888757
"D1","parametric",0.00187743972979659,0.610096114706777,0.609944138854375,0.609546688418234,0.611424128148031
"D2","parametric",0.00409529924173102,0.785793806955811,0.786635167287921,0.784548860418762,0.788644159660494
"D3","parametric",0.00531283109789138,0.88819464903054,0.888363685843987,0.885325798426541,0.890638629524432
"D4","parametric",0.00508444870570057,0.928076245226814,0.928741556331266,0.925309368899294,0.930393817604995
"E1","parametric",0.00981584319740447,0.716233110650815,0.717722594530279,0.711347793918046,0.72116363711545
"E2","parametric",0.00635187454485298,0.706750933694815,0.706876703028005,0.703389934395477,0.70974180894033
"E3","parametric",0.00981606814313651,0.718102082328534,0.716674551386717,0.713093612163608,0.722909680306745
"F1","parametric",0.00507294945375147,0.887420470679414,0.887958140748604,0.885204753188797,0.890277702642548
"F2","parametric",0.00824143392088139,0.745373964806795,0.752210569690555,0.743969135769674,0.751128649186989
"F3","parametric",0.00768952638235898,0.759354861356276,0.761840536462631,0.757569769669867,0.765259296052226
