"recipe_id","label","shape","tilde_median.irw","psd_median.irw","wbar_median.irw","beta_sd.irw","tilde_median.parametric","psd_median.parametric","wbar_median.parametric","beta_sd.parametric","delta_tilde","delta_psd","delta_beta_sd"
"A1","Rasch, 10 items","bimodal",0.645038908069814,0.64143571475061,0.638692696255597,1.21045151448876,0.646544855104021,0.642944424533532,0.640251605443801,0.972411922780878,-0.00150594703420692,-0.00150870978292161,0.238039591707882
"A2","Rasch, 20 items","bimodal",0.782301979839876,0.779099080026713,0.777929989939069,1.25448014651632,0.784322897022929,0.780973388945213,0.77968170976075,0.98169607003161,-0.00202091718305253,-0.00187430891850004,0.27278407648471
"A3","Rasch, 40 items","bimodal",0.876731378306828,0.87456909597731,0.874153160228246,1.25085753288271,0.878712509601991,0.876244299624596,0.875773387710588,0.990806134155168,-0.00198113129516253,-0.00167520364728646,0.260051398727539
"A4","2PL at the package defaults","bimodal",0.78976865302678,0.784299317004901,0.78191243760783,1.24048430691075,0.796523488300872,0.791175447355728,0.789237814748302,0.995678901283491,-0.0067548352740916,-0.00687613035082746,0.24480540562726
"A5","2PL, wider discriminations, independent","bimodal",0.81008876617753,0.798221686304972,0.794882281296488,1.23192667361385,0.815880424829956,0.807270322141297,0.803663830592174,0.99771774566621,-0.00579165865242603,-0.00904863583632454,0.234208927947635
"A6","2PL, moment-matched wide discriminations","bimodal",0.826725954365997,0.819575903053414,0.816563942578817,1.27797005587492,0.835662739985347,0.829046958860834,0.826711196982179,0.996391307925983,-0.00893678561934952,-0.00947105580742047,0.281578747948941
"B1","2PL, 5 items","bimodal",0.499444901557899,0.487044593251866,0.467472316181638,1.20233441354215,0.517243367311645,0.505861599284066,0.490723552543856,0.936410972349918,-0.0177984657537456,-0.0188170060322,0.265923441192235
"B2","2PL, 10 items","bimodal",0.678912509994862,0.665646042106506,0.656923221964073,1.17127458971164,0.691795994884749,0.677625588555957,0.66810557920475,0.976372361652847,-0.012883484889887,-0.0119795464494514,0.19490222805879
"B3","2PL, 20 items","bimodal",0.80594784586154,0.796974134430742,0.793586928658206,1.2233380168611,0.817104928646778,0.806647306306088,0.802842135580272,0.979678184766226,-0.0111570827852381,-0.00967317187534544,0.243659832094874
"B4","2PL, 40 items","bimodal",0.894881580973093,0.888658089850775,0.887398819529619,1.26882816819867,0.900235708730971,0.89420445859506,0.893167209301507,0.98962710260612,-0.00535412775787891,-0.00554636874428494,0.279201065592552
"B5","2PL, 60 items","bimodal",0.928273436394754,0.923888017379378,0.923225207940603,1.27237720362562,0.930855528439899,0.927074697282865,0.926595788883849,0.998454339802994,-0.00258209204514448,-0.00318667990348609,0.27392286382263
"C1","2PL, narrow difficulties","bimodal",0.807643248796716,0.797173182749404,0.793687919565339,1.24496368838392,0.832825691760022,0.817523289430726,0.811456059064014,0.497296453442348,-0.0251824429633051,-0.020350106681323,0.747667234941577
"C2","2PL, standard difficulties","bimodal",0.804120935562163,0.795726104408855,0.791507583624477,1.28022485631883,0.81529099788556,0.807472964427842,0.804459009400051,0.99419275443311,-0.0111700623233979,-0.0117468600189874,0.286032101885715
"C3","2PL, wide difficulties","bimodal",0.809695958570722,0.799124787621977,0.795568365145454,1.15798169577844,0.79678492284309,0.78973016423523,0.78761148632788,1.48312424194985,0.0129110357276315,0.00939462338674746,-0.325142546171415
"C4","2PL, uniform difficulties","bimodal",0.809674993466709,0.799734143752945,0.795736207315044,1.26749455282347,0.75447947760602,0.746537356594767,0.744043211030723,1.99110710072241,0.0551955158606889,0.053196787158178,-0.723612547898941
"D1","2PL, low fixed discrimination","bimodal",0.609053446231477,0.608230675368951,0.607613205491605,1.22117839751192,0.609546688418234,0.608716697992218,0.60809667775401,0.975281261947002,-0.000493242186757059,-0.000486022623266469,0.245897135564919
"D2","2PL, unit fixed discrimination","bimodal",0.781943066795124,0.778817016878234,0.777616190810332,1.2045843657628,0.784548860418762,0.781090188430104,0.779785462344009,0.979994040905817,-0.00260579362363855,-0.00227317155186912,0.224590324856981
"D3","2PL, D-scaled fixed discrimination","bimodal",0.880612428913456,0.875125818273216,0.871847078258404,1.31410197759067,0.885325798426541,0.877875178488017,0.87587304524779,0.989643547483223,-0.0047133695130841,-0.00274936021480099,0.324458430107444
"D4","2PL, high fixed discrimination","bimodal",0.924786142595781,0.906227672380667,0.899046956976131,1.2512680494867,0.925309368899294,0.914608567863952,0.91163519256522,0.998208585966669,-0.000523226303513424,-0.00838089548328536,0.253059463520035
"E1","3PL, fixed guessing .20","bimodal",0.703798011325753,0.695016602525164,0.689121649093937,1.25906188778065,0.711347793918046,0.703157961811985,0.697789813812321,0.992167568160275,-0.00754978259229311,-0.00814135928682147,0.266894319620378
"E2","3PL, Beta(5,17) guessing","bimodal",0.698992229322626,0.690130388554574,0.681717333311338,1.19507473230993,0.703389934395477,0.694905201119513,0.688612459771995,0.994371649913345,-0.00439770507285142,-0.0047748125649395,0.200703082396587
"E3","3PL, uniform guessing","bimodal",0.709479967778595,0.70016806174257,0.691635953480859,1.223127293082,0.713093612163608,0.704083378061228,0.698194135068265,0.978057978174381,-0.00361364438501255,-0.00391531631865849,0.245069314907623
"F1","IL-HTE replication design","bimodal",0.884029169410416,0.876676691314537,0.872120331010273,1.2127174624462,0.885204753188797,0.87774862497361,0.875793571009303,0.991175012578114,-0.00117558377838101,-0.00107193365907299,0.221542449868087
"F2","v1 validation baseline","bimodal",0.737642046711531,0.730807072267823,0.72719552865611,1.26185447903284,0.743969135769674,0.738117747425254,0.7347369862902,0.977368216445183,-0.00632708905814261,-0.00731067515743189,0.284486262587653
"F3","DPMirt tier form","bimodal",0.749394436367511,0.74204655282731,0.739050802150991,1.26417911336586,0.757569769669867,0.750953760244115,0.748231707430169,0.971180262149635,-0.00817533330235598,-0.00890720741680595,0.292998851216224
"A1","Rasch, 10 items","heavy_tail",0.65066843154153,0.643763119761322,NA,1.21536179226856,0.653326352021193,0.646325221566382,NA,0.970163530794853,-0.00265792047966396,-0.002562101805059,0.245198261473707
"A2","Rasch, 20 items","heavy_tail",0.786618343604955,0.779967457892075,NA,1.21854558032571,0.78831378558706,0.781340599872848,NA,0.986248072969439,-0.00169544198210503,-0.0013731419807721,0.232297507356273
"A3","Rasch, 40 items","heavy_tail",0.879945824814236,0.874346871107176,NA,1.21499478055584,0.881188239377791,0.875445627834156,NA,0.995206062538967,-0.00124241456355545,-0.00109875672698001,0.219788718016875
"A4","2PL at the package defaults","heavy_tail",0.794822644181193,0.785214181613962,NA,1.23221070202861,0.800384043160407,0.791271236964338,NA,0.99058570842436,-0.00556139897921359,-0.00605705535037648,0.241624993604251
"A5","2PL, wider discriminations, independent","heavy_tail",0.808529750552329,0.796525563388315,NA,1.2934897492868,0.823679539436996,0.810038042380351,NA,0.996348942861716,-0.015149788884667,-0.0135124789920356,0.297140806425086
"A6","2PL, moment-matched wide discriminations","heavy_tail",0.83565436288784,0.822583166744095,NA,1.23187567528184,0.841498996784659,0.8296229937697,NA,0.973947199411221,-0.00584463389681955,-0.00703982702560402,0.257928475870622
"B1","2PL, 5 items","heavy_tail",0.506104729515151,0.49275078717656,NA,1.26969020989928,0.534498323957412,0.52191739117708,NA,0.929570165519489,-0.0283935944422614,-0.0291666040005205,0.34012004437979
"B2","2PL, 10 items","heavy_tail",0.682107905137308,0.666503991193636,NA,1.23499339145156,0.701450168329492,0.684350239104846,NA,0.975361032321008,-0.019342263192184,-0.0178462479112106,0.259632359130554
"B3","2PL, 20 items","heavy_tail",0.815929068195407,0.80289322670156,NA,1.18089796573946,0.819283293250445,0.806201342498579,NA,0.983270696056204,-0.00335422505503713,-0.00330811579701851,0.19762726968326
"B4","2PL, 40 items","heavy_tail",0.896784537893816,0.887714616240842,NA,1.2869837586274,0.903746369327513,0.894439752825797,NA,0.988284668500138,-0.006961831433697,-0.00672513658495499,0.298699090127265
"B5","2PL, 60 items","heavy_tail",0.929855729018368,0.922530868618342,NA,1.23426936582581,0.93313381978968,0.925842103466652,NA,0.999674363678187,-0.00327809077131291,-0.00331123484830997,0.23459500214762
"C1","2PL, narrow difficulties","heavy_tail",0.811187510983782,0.797668442172714,NA,1.25338516327932,0.84099616087089,0.820695935298033,NA,0.489936620733653,-0.0298086498871074,-0.0230274931253185,0.76344854254567
"C2","2PL, standard difficulties","heavy_tail",0.810968197026824,0.799023427169576,NA,1.27637758810903,0.822401574065971,0.808223275271625,NA,0.998342652690235,-0.0114333770391469,-0.00919984810204855,0.278034935418792
"C3","2PL, wide difficulties","heavy_tail",0.815906005285542,0.802693773083815,NA,1.2482359568012,0.798499888271089,0.78926270462281,NA,1.48766894676925,0.0174061170144526,0.0134310684610045,-0.239432989968051
"C4","2PL, uniform difficulties","heavy_tail",0.81217267957632,0.79880481527411,NA,1.25271100643889,0.750254037888757,0.743804792483752,NA,1.99418023294508,0.061918641687563,0.0550000227903585,-0.741469226506196
"D1","2PL, low fixed discrimination","heavy_tail",0.609698221048809,0.607785991521484,NA,1.33412244202575,0.611424128148031,0.609435266427427,NA,0.982017454809947,-0.0017259070992216,-0.00164927490594202,0.352104987215804
"D2","2PL, unit fixed discrimination","heavy_tail",0.786429818305557,0.779749653701412,NA,1.22753864844113,0.788644159660494,0.78169197260212,NA,0.981708576256488,-0.00221434135493603,-0.00194231890070751,0.245830072184646
"D3","2PL, D-scaled fixed discrimination","heavy_tail",0.888682536992579,0.874908641698897,NA,1.30376583566751,0.890638629524432,0.87595975777116,NA,0.987247867402848,-0.00195609253185336,-0.00105111607226205,0.316517968264666
"D4","2PL, high fixed discrimination","heavy_tail",0.928766180368576,0.902646688430646,NA,1.27549124987724,0.930393817604995,0.909547920310613,NA,0.991079484329778,-0.00162763723641857,-0.00690123187996694,0.284411765547466
"E1","3PL, fixed guessing .20","heavy_tail",0.706940101697477,0.695211338872269,NA,1.29821548746022,0.72116363711545,0.708861166314215,NA,0.983224982115215,-0.0142235354179735,-0.0136498274419465,0.314990505345005
"E2","3PL, Beta(5,17) guessing","heavy_tail",0.699820142193952,0.688072814294534,NA,1.26736841784034,0.70974180894033,0.698261701361117,NA,1.00567405085737,-0.00992166674637796,-0.0101888870665821,0.261694366982973
"E3","3PL, uniform guessing","heavy_tail",0.712587140621977,0.699835823598028,NA,1.24073090646727,0.722909680306745,0.711015691008196,NA,0.981284343612457,-0.010322539684767,-0.0111798674101684,0.259446562854811
"F1","IL-HTE replication design","heavy_tail",0.889037759791956,0.875201670217106,NA,1.24630333763611,0.890277702642548,0.875847831540371,NA,0.992436172061513,-0.00123994285059204,-0.000646161323265004,0.253867165574598
"F2","v1 validation baseline","heavy_tail",0.743050810120979,0.734351645786866,NA,1.23688657090631,0.751128649186989,0.741808603776415,NA,0.980936100921935,-0.00807783906601012,-0.0074569579895486,0.255950469984373
"F3","DPMirt tier form","heavy_tail",0.750771906588585,0.742800931584751,NA,1.33054293143334,0.765259296052226,0.754977198030009,NA,0.968361962947654,-0.014487389463641,-0.0121762664452576,0.362180968485688
"A1","Rasch, 10 items","normal",0.648088582708805,0.642923533154391,0.638063707376768,1.19634137291683,0.648361241857057,0.643147391293861,0.638241102371835,0.990716381579488,-0.000272659148251586,-0.000223858139470456,0.205624991337341
"A2","Rasch, 20 items","normal",0.785359891056455,0.780563260241614,0.778171574350895,1.21714249835071,0.785495440754715,0.780773749148105,0.778483784928645,0.991037946144892,-0.000135549698259574,-0.000210488906491113,0.22610455220582
"A3","Rasch, 40 items","normal",0.877687914981514,0.874334984818375,0.873592691534417,1.25885771796547,0.879650603275262,0.876171054732312,0.87530076717652,0.986563414938185,-0.00196268829374713,-0.00183606991393659,0.272294303027289
"A4","2PL at the package defaults","normal",0.790188526462846,0.782655403687769,0.779293499180604,1.28917890110207,0.798414415526914,0.791644544688681,0.788396492956382,0.991132597376752,-0.0082258890640684,-0.00898914100091208,0.298046303725315
"A5","2PL, wider discriminations, independent","normal",0.805479953154584,0.795624905304188,0.791103899418199,1.24712863681578,0.816081355846806,0.804438451070872,0.800010599341384,0.986262423816281,-0.0106014026922221,-0.00881354576668403,0.260866212999502
"A6","2PL, moment-matched wide discriminations","normal",0.830786601911492,0.820579093137093,0.816150287694672,1.25208248819378,0.837429060477997,0.828231054806148,0.823908639495548,0.990436763097894,-0.00664245856650458,-0.00765196166905546,0.26164572509589
"B1","2PL, 5 items","normal",0.511351325390965,0.49409613100802,0.472914661363784,1.14966158438286,0.522262529915243,0.509103504383408,0.48765906574545,0.946262339564067,-0.0109112045242785,-0.015007373375388,0.203399244818788
"B2","2PL, 10 items","normal",0.681381061545689,0.666764865667035,0.652795944708507,1.2325874841313,0.692612443097276,0.677351403198271,0.663073177626563,0.960980057992075,-0.0112313815515879,-0.0105865375312361,0.271607426139223
"B3","2PL, 20 items","normal",0.811565344466769,0.799720472261894,0.794357819249742,1.25999253423066,0.820895810572096,0.809027315529506,0.803552215968039,0.987354933573299,-0.00933046610532706,-0.009306843267612,0.272637600657361
"B4","2PL, 40 items","normal",0.897879425374827,0.889994626467196,0.888094177564298,1.15952005738888,0.899895560437052,0.892456859036575,0.890646638078125,0.992381113640624,-0.00201613506222542,-0.00246223256937894,0.167138943748252
"B5","2PL, 60 items","normal",0.929582331071503,0.923307329543479,0.922221103838092,1.22254199326602,0.931841512119932,0.926721757199289,0.925795374271297,1.0004057687209,-0.00225918104842848,-0.0034144276558099,0.22213622454512
"C1","2PL, narrow difficulties","normal",0.811900589437625,0.801641094478025,0.796398376306547,1.22061470181732,0.836382198393143,0.818231098174459,0.808162955358878,0.489176706202652,-0.0244816089555171,-0.0165900036964344,0.731437995614668
"C2","2PL, standard difficulties","normal",0.810781477364727,0.799115595599956,0.793732163545748,1.27317981120538,0.81888378165604,0.80683729209534,0.801670637665749,0.988035607131021,-0.00810230429131198,-0.00772169649538346,0.285144204074356
"C3","2PL, wide difficulties","normal",0.811338633458716,0.799430161627986,0.793916412407105,1.26627437884496,0.797039291289531,0.788392741306837,0.784945334632458,1.47418270570202,0.0142993421691855,0.0110374203211494,-0.20790832685706
"C4","2PL, uniform difficulties","normal",0.811284867700115,0.8008246201473,0.795076036627158,1.23853128566647,0.750164116329005,0.743693407050689,0.740743209609356,1.99576235746976,0.0611207513711096,0.057131213096612,-0.757231071803289
"D1","2PL, low fixed discrimination","normal",0.608085111806903,0.606904735992981,0.605929733214037,1.22149979710498,0.610096114706777,0.608880291146084,0.607855484254049,0.988503863953636,-0.00201100289987444,-0.00197555515310299,0.232995933151349
"D2","2PL, unit fixed discrimination","normal",0.781027989788651,0.776638076367384,0.774508798982813,1.29913247369043,0.785793806955811,0.781070866575722,0.778803340838098,0.980977094362099,-0.00476581716715918,-0.00443279020833809,0.318155379328331
"D3","2PL, D-scaled fixed discrimination","normal",0.886048127807352,0.875481845630109,0.866058602362393,1.25249244724444,0.88819464903054,0.877058082861109,0.871714409824648,0.972822070383273,-0.00214652122318704,-0.00157623723100042,0.279670376861166
"D4","2PL, high fixed discrimination","normal",0.924679477397072,0.902047119947341,0.882400041917245,1.28805518585345,0.928076245226814,0.911777664964284,0.901255892199298,0.980754680875866,-0.00339676782974208,-0.00973054501694248,0.307300504977582
"E1","3PL, fixed guessing .20","normal",0.704727827979134,0.693883034552468,0.682247750749552,1.27809182423668,0.716233110650815,0.706025356355813,0.695910841027142,0.976898144625289,-0.0115052826716805,-0.0121423218033441,0.301193679611387
"E2","3PL, Beta(5,17) guessing","normal",0.697791612655829,0.685811388399836,0.673009543842513,1.24865185332741,0.706750933694815,0.696621892495829,0.684198346502693,0.981256108408168,-0.008959321038986,-0.010810504095992,0.267395744919245
"E3","3PL, uniform guessing","normal",0.709648987618932,0.699578002918339,0.686600863348186,1.23175922058988,0.718102082328534,0.70751768708276,0.697219243079066,0.992764079411971,-0.00845309470960198,-0.00793968416442103,0.238995141177904
"F1","IL-HTE replication design","normal",0.887848123186989,0.875990536342624,0.865272364709783,1.24024151417226,0.887420470679414,0.876731288831257,0.871631518823811,0.993251790293765,0.000427652507574594,-0.00074075248863259,0.246989723878499
"F2","v1 validation baseline","normal",0.743799683933781,0.73531885395451,0.728641016723435,1.23419821509377,0.745373964806795,0.737980256157614,0.73349055114493,0.975771020484911,-0.00157428087301392,-0.00266140220310451,0.25842719460886
"F3","DPMirt tier form","normal",0.747049006841734,0.740900026746202,0.736727081250955,1.28934556141703,0.759354861356276,0.750900991787203,0.746552592526684,0.987761756894163,-0.0123058545145415,-0.010000965041001,0.301583804522867
"A1","Rasch, 10 items","skew_pos",0.646882300403121,0.641026944061688,0.629390478930527,1.23818799256876,0.650138108012221,0.644185014645595,0.631957978588858,0.971472693266933,-0.00325580760910005,-0.00315807058390649,0.266715299301828
"A2","Rasch, 20 items","skew_pos",0.786645613996636,0.780392524798855,0.773420530228286,1.2143117492251,0.786311956780134,0.780270009529876,0.773348481191851,0.990409093988243,0.000333657216502026,0.000122515268979884,0.223902655236852
"A3","Rasch, 40 items","skew_pos",0.878740059112052,0.874168073574601,0.871132515697941,1.27029491581697,0.879886351527792,0.87508464228969,0.871859860102967,0.997790891493326,-0.00114629241573949,-0.000916568715088606,0.272504024323645
"A4","2PL at the package defaults","skew_pos",0.791743095464217,0.783040350833449,0.774629544988245,1.28757132274714,0.79986765221825,0.791008115455557,0.78229565723757,0.99023998872019,-0.00812455675403401,-0.00796776462210769,0.297331334026949
"A5","2PL, wider discriminations, independent","skew_pos",0.808590547916845,0.795713634955296,0.785874345998786,1.31890541683458,0.81860587501382,0.806858063024935,0.795555120237418,0.992296139283851,-0.0100153270969756,-0.0111444280696394,0.326609277550733
"A6","2PL, moment-matched wide discriminations","skew_pos",0.832940467312,0.820909196691281,0.8091488000097,1.24774370010615,0.838989793133292,0.82735526583997,0.815343930225987,0.979427686681113,-0.00604932582129292,-0.00644606914868906,0.268316013425038
"B1","2PL, 5 items","skew_pos",0.501636509918152,0.489614858501771,0.458875942372937,1.22950226586727,0.52459040114321,0.511390410176791,0.477937014803515,0.94537719283916,-0.022953891225058,-0.0217755516750195,0.284125073028105
"B2","2PL, 10 items","skew_pos",0.676801878957838,0.661016616114239,0.64125570209906,1.2461396417373,0.69403726851693,0.678651329606298,0.656647472918626,0.962499314949189,-0.017235389559092,-0.0176347134920589,0.283640326788106
"B3","2PL, 20 items","skew_pos",0.808061403766803,0.796506611783269,0.786998648796319,1.29752564859479,0.818378653254344,0.80666348134309,0.795992701530729,0.989424361728654,-0.0103172494875414,-0.0101568695598214,0.308101286866137
"B4","2PL, 40 items","skew_pos",0.896535900266407,0.887640431813785,0.883531427248081,1.24992941784337,0.900443984355246,0.892090460142969,0.88781194730247,0.990058591240857,-0.00390808408883903,-0.00445002832918406,0.259870826602511
"B5","2PL, 60 items","skew_pos",0.927470852509913,0.921664287846635,0.919118362738649,1.28988167127858,0.932200952145954,0.925614522067824,0.923090977631478,0.990057222579138,-0.00473009963604143,-0.00395023422118901,0.299824448699443
"C1","2PL, narrow difficulties","skew_pos",0.810454825820103,0.797323363576474,0.787145998043884,1.23946924989965,0.838782308151504,0.818957426662197,0.801799504622371,0.486182534927196,-0.028327482331401,-0.021634063085722,0.753286714972453
"C2","2PL, standard difficulties","skew_pos",0.806478796721755,0.795657861014942,0.786492149245217,1.28354748192835,0.819462689871524,0.807310871289284,0.796409672339208,0.99125793685896,-0.012983893149769,-0.0116530102743415,0.292289545069386
"C3","2PL, wide difficulties","skew_pos",0.810228041192171,0.798063543830187,0.786800323759967,1.25321014624807,0.79320554880607,0.785671204241678,0.778125836202088,1.49309721168125,0.0170224923861004,0.012392339588509,-0.239887065433188
"C4","2PL, uniform difficulties","skew_pos",0.808149592421775,0.796351674851842,0.785713514407037,1.25956493550431,0.751376662081268,0.74539604595691,0.741459863498146,1.98018454788775,0.0567729303405075,0.0509556288949315,-0.720619612383436
"D1","2PL, low fixed discrimination","skew_pos",0.610218641952667,0.608544439923994,0.606515702262245,1.22146931272621,0.609944138854375,0.608290657736366,0.606307083428295,0.991116084564884,0.000274503098291579,0.000253782187627505,0.230353228161325
"D2","2PL, unit fixed discrimination","skew_pos",0.786410379127051,0.780357047186976,0.773430615113273,1.21291171075098,0.786635167287921,0.780458902100407,0.773492178358496,0.987257649339805,-0.000224788160870015,-0.000101854913431398,0.22565406141118
"D3","2PL, D-scaled fixed discrimination","skew_pos",0.884476244145159,0.873598903293595,0.819258524463815,1.31501886234801,0.888363685843987,0.87511399257285,0.828897975261696,0.984722742307603,-0.00388744169882793,-0.00151508927925492,0.330296120040409
"D4","2PL, high fixed discrimination","skew_pos",0.928813812494872,0.901591153510876,0.513612480465313,1.22039253609374,0.928741556331266,0.909571833315467,0.50659430820612,0.979909587282083,7.225616360651e-05,-0.00798067980459094,0.240482948811653
"E1","3PL, fixed guessing .20","skew_pos",0.70891906970232,0.698629060961012,0.689354051993871,1.25442562400833,0.717722594530279,0.708188011979388,0.698757271962946,0.983018155966455,-0.00880352482795854,-0.009558951018376,0.271407468041879
"E2","3PL, Beta(5,17) guessing","skew_pos",0.699069229384502,0.691254787665192,0.680891243701099,1.23597791303101,0.706876703028005,0.698295612612934,0.688080680413736,0.980009173356328,-0.00780747364350254,-0.0070408249477425,0.255968739674686
"E3","3PL, uniform guessing","skew_pos",0.70889972641905,0.699220584408351,0.689234270218591,1.24261351946642,0.716674551386717,0.708574705121092,0.699515700052069,0.985630024199332,-0.00777482496766702,-0.00935412071274055,0.256983495267085
"F1","IL-HTE replication design","skew_pos",0.888092504256418,0.874952242097429,0.814849750237415,1.26043529229424,0.887958140748604,0.875036381443868,0.83075833020498,0.994331935741872,0.00013436350781304,-8.41393464390272e-05,0.266103356552367
"F2","v1 validation baseline","skew_pos",0.73973324551277,0.730937740699137,0.720766833925664,1.22863331031782,0.752210569690555,0.741896277102748,0.729818758641458,0.974337933554054,-0.0124773241777849,-0.0109585364036109,0.254295376763768
"F3","DPMirt tier form","skew_pos",0.752931678838761,0.744224124913241,0.733588397164344,1.27855972482464,0.761840536462631,0.751810205855521,0.740757642051352,0.981500031725548,-0.00890885762386961,-0.00758608094227997,0.297059693099094
