"recipe_id","label","median_delta_tilde","median_delta_psd","median_delta_beta_sd","pool_claim[rep(1, nrow(by_recipe)), c(""threshold_half_met"")]"
"A1","Rasch, 10 items",-0.00208193375693544,-0.00203540579399031,0.241618926590794,FALSE
"A2","Rasch, 20 items",-0.000915495840182301,-0.000791815443631605,0.229201029781047,FALSE
"A3","Rasch, 40 items",-0.00160255142865129,-0.00138698018713324,0.266172850877414,FALSE
"A4","2PL at the package defaults",-0.0074396960140628,-0.00742194748646757,0.271068369827105,FALSE
"A5","2PL, wider discriminations, independent",-0.0103083648945989,-0.010096531952982,0.279003509712294,FALSE
"A6","2PL, moment-matched wide discriminations",-0.00634589219389875,-0.00734589434732974,0.264980869260464,FALSE
"B1","2PL, 5 items",-0.0203761784894018,-0.0202962788536097,0.27502425711017,FALSE
"B2","2PL, 10 items",-0.0150594372244895,-0.0148071299707552,0.265619892634889,FALSE
"B3","2PL, 20 items",-0.00982385779643424,-0.00949000757147872,0.258148716376118,FALSE
"B4","2PL, 40 items",-0.00463110592335897,-0.0049981985367345,0.269535946097532,FALSE
"B5","2PL, 60 items",-0.0029300914082287,-0.00336283125205994,0.254258932985125,FALSE
"C1","2PL, narrow difficulties",-0.0267549626473531,-0.0209920848835225,0.750476974957015,FALSE
"C2","2PL, standard difficulties",-0.0113017196812724,-0.010426429188195,0.285588152980035,FALSE
"C3","2PL, wide difficulties",0.015660917277643,0.0117148799548292,-0.239660027700619,FALSE
"C4","2PL, uniform difficulties",0.0589468408558085,0.0540984049742683,-0.732540887202569,FALSE
"D1","2PL, low fixed discrimination",-0.00110957464298933,-0.00106764876460425,0.239446534358134,FALSE
"D2","2PL, unit fixed discrimination",-0.00241006748928729,-0.00210774522628832,0.235742066797913,FALSE
"D3","2PL, D-scaled fixed discrimination",-0.00301698146100748,-0.00154566325512767,0.320488199186055,FALSE
"D4","2PL, high fixed discrimination",-0.001075431769966,-0.00818078764393815,0.268735614533751,FALSE
"E1","3PL, fixed guessing .20",-0.0101544037498195,-0.01085063641086,0.286300573826633,FALSE
"E2","3PL, Beta(5,17) guessing",-0.00838339734124427,-0.00861485600716227,0.25883155332883,FALSE
"E3","3PL, uniform guessing",-0.0081139598386345,-0.0086469024385808,0.251026405087354,FALSE
"F1","IL-HTE replication design",-0.000520610135283983,-0.000693456905948797,0.250428444726549,FALSE
"F2","v1 validation baseline",-0.00720246406207636,-0.00738381657349024,0.257188832296617,FALSE
"F3","DPMirt tier form",-0.0106073560692055,-0.00945408622890348,0.299321748810981,FALSE
