"latent_shape","n_persons","n_replicates","median_s2","mean_s2","predicted_shift_concavity","predicted_shift_skew","ratio_to_normal"
"heavy_tail",100,100000,0.959707298954225,1.00027578796554,-0.00727316558223207,-0.0102802855010299,2.8511177680968
"heavy_tail",250,100000,0.978319522959649,0.999374733282852,-0.00341687377469962,-0.00547951854890716,3.42805924345099
"heavy_tail",500,100000,0.986726506413416,0.999703085501987,-0.00178082783517491,-0.00334054373968018,3.14664847105735
"heavy_tail",1000,100000,0.991486090066735,0.999646588846844,-0.000993978958555186,-0.0021375770526848,3.99590415056805
"heavy_tail",2000,100000,0.995251643594465,0.99996512337983,-0.000491125471615061,-0.00118991416967251,3.56820304017578
"normal",100,100000,0.992667379838133,0.999879096593961,-0.00255098742802445,-0.0018399006882367,1
"normal",250,100000,0.997765899041921,1.0000053469685,-0.000996737084175914,-0.000559149838602113,1
"normal",500,100000,0.998254505413188,0.999726716168159,-0.000565944321888778,-0.000436754823509189,1
"normal",1000,100000,0.999365548862699,1.00000478771655,-0.000248749449711871,-0.000158663117011626,1
"normal",2000,100000,0.999640596761956,0.999948758385528,-0.000137639440941362,-8.98669587494072e-05,1
