"arm","functional","target_rho","n_eligible","n_solved","n_unreachable","n_infeasible","n_other_failure","share_solved","share_unreachable"
"eqc","rho_tilde",0.5,128,128,0,0,0,1,0
"eqc","rho_tilde",0.6,128,128,0,0,0,1,0
"eqc","rho_tilde",0.7,128,128,0,0,0,1,0
"eqc","rho_tilde",0.8,128,128,0,0,0,1,0
"eqc","rho_tilde",0.9,127,126,0,1,0,0.992125984251969,0
"eqc","rho_tilde",0.95,109,105,0,4,0,0.963302752293578,0
"sac_info","rho_tilde",0.5,128,128,0,0,0,1,0
"sac_info","rho_tilde",0.6,128,128,0,0,0,1,0
"sac_info","rho_tilde",0.7,128,126,0,0,2,0.984375,0
"sac_info","rho_tilde",0.8,128,125,0,0,3,0.9765625,0
"sac_info","rho_tilde",0.9,127,119,0,0,8,0.937007874015748,0
"sac_info","rho_tilde",0.95,109,107,0,0,2,0.981651376146789,0
"sac_msem","w_bar",0.5,96,95,0,0,1,0.989583333333333,0
"sac_msem","w_bar",0.6,96,90,4,0,2,0.9375,0.0416666666666667
"sac_msem","w_bar",0.7,96,85,9,0,2,0.885416666666667,0.09375
"sac_msem","w_bar",0.8,96,67,26,0,3,0.697916666666667,0.270833333333333
"sac_msem","w_bar",0.9,95,49,44,0,2,0.515789473684211,0.463157894736842
"sac_msem","w_bar",0.95,82,21,59,0,2,0.25609756097561,0.719512195121951
