"grouping","algorithm","model","latent_shape","pool","n_items","target_rho","n_cells","n_ok","n_error","n_excluded","ok_rate_over_all","mean_delta","sd_delta","mae","max_abs","within_001","within_0001","median_sec","iqr_sec","note"
"overall",NA,NA,NA,NA,NA,NA,2992,2260,3,555,0.755347593582888,-0.000345123046852537,0.0051377840981547,0.00212207163628687,0.0394131088684069,0.938053097345133,0.699557522123894,22.4715,22.6230000000002,""
"algorithm","EQC",NA,NA,NA,NA,NA,748,743,0,0,0.99331550802139,1.28820806407307e-09,2.81657987871504e-09,1.53762532914081e-09,3.80832176904988e-08,1,1,26.7710000000001,26.1435,""
"algorithm","SAC (rho-tilde)",NA,NA,NA,NA,NA,748,733,0,0,0.979946524064171,-0.000144704225699314,0.0067215916218579,0.00287372847743415,0.0394131088684069,0.914051841746248,0.64256480218281,23.951,21.4510000000001,""
"algorithm","SAC (superpopulation)",NA,NA,NA,NA,NA,748,377,3,368,0.504010695187166,-0.00034359085142533,0.00687124354921799,0.00488730920046332,0.0292401065638428,0.864721485411141,0.225464190981432,17.621,7.8340000000002,""
"algorithm","SAC (w-bar)",NA,NA,NA,NA,NA,748,407,0,187,0.544117647058823,-0.00133753585896896,0.00451804522420221,0.00208088995827722,0.0367153474358675,0.936117936117936,0.692874692874693,27.9639999999999,20.7714999999998,"conditional on reachability; see T_s2_reachability.csv"
"algorithm x model","EQC","2pl",NA,NA,NA,NA,190,190,0,0,1,1.56582644861876e-09,2.83203587922679e-09,1.56582644861876e-09,3.51115743146835e-08,1,1,23.3250000000001,21.70775,""
"algorithm x model","SAC (rho-tilde)","2pl",NA,NA,NA,NA,190,188,0,0,0.989473684210526,0.000344742627705353,0.00616101758759679,0.00242529803155703,0.0387211726019586,0.930851063829787,0.675531914893617,20.2075,15.5155000000002,""
"algorithm x model","SAC (superpopulation)","2pl",NA,NA,NA,NA,190,95,1,94,0.5,-0.000622161109477547,0.00578728506544793,0.00425030310956643,0.0225353839723557,0.936842105263158,0.178947368421053,15.3130000000001,7.91950000000008,""
"algorithm x model","SAC (w-bar)","2pl",NA,NA,NA,NA,190,111,0,47,0.58421052631579,-0.000679239179649258,0.0037257033130334,0.00172705107714323,0.0195159839137027,0.954954954954955,0.72972972972973,20.9230000000002,14.6384999999999,"conditional on reachability; see T_s2_reachability.csv"
"algorithm x model","EQC","3pl_beta",NA,NA,NA,NA,183,180,0,0,0.983606557377049,1.26959247189381e-09,2.12005186314031e-09,1.37857904351317e-09,2.01203278482609e-08,1,1,35.8495,27.233,""
"algorithm x model","SAC (rho-tilde)","3pl_beta",NA,NA,NA,NA,183,175,0,0,0.956284153005464,-0.000967426862824557,0.00853784332783402,0.00393927268623943,0.0394131088684069,0.88,0.571428571428571,29.427,20.8065000000001,""
"algorithm x model","SAC (superpopulation)","3pl_beta",NA,NA,NA,NA,183,92,1,90,0.502732240437158,-0.00074958119145667,0.00762484602194347,0.00579399196959037,0.0249231863724778,0.793478260869565,0.16304347826087,19.3095,7.99925,""
"algorithm x model","SAC (w-bar)","3pl_beta",NA,NA,NA,NA,183,89,0,46,0.486338797814208,-0.00161845706058715,0.00475696509972605,0.00233103680525624,0.0218135643632442,0.921348314606742,0.640449438202247,35.899,27.1,"conditional on reachability; see T_s2_reachability.csv"
"algorithm x model","EQC","3pl_g20",NA,NA,NA,NA,183,181,0,0,0.989071038251366,8.54728674577808e-10,3.97813110912341e-09,1.64084468173566e-09,3.80832176904988e-08,1,1,37.634,25.5470000000001,""
"algorithm x model","SAC (rho-tilde)","3pl_g20",NA,NA,NA,NA,183,178,0,0,0.972677595628415,0.000345539685424789,0.00634562209150747,0.00298313448914592,0.0336502824896794,0.910112359550562,0.606741573033708,29.9744999999999,20.0812500000001,""
"algorithm x model","SAC (superpopulation)","3pl_g20",NA,NA,NA,NA,183,94,1,88,0.513661202185792,0.000381523708932122,0.00849450736842284,0.0063583014735923,0.0292401065638428,0.787234042553192,0.127659574468085,18.3765,7.18624999999992,""
"algorithm x model","SAC (w-bar)","3pl_g20",NA,NA,NA,NA,183,95,0,46,0.519125683060109,-0.00228126504272314,0.00601498928750126,0.00293295426134274,0.0367153474358675,0.905263157894737,0.673684210526316,37.3519999999999,18.9470000000003,"conditional on reachability; see T_s2_reachability.csv"
"algorithm x model","EQC","rasch",NA,NA,NA,NA,192,192,0,0,1,1.4395782881732e-09,1.86489765528599e-09,1.56151812024756e-09,1.72961170941122e-08,1,1,19.272,19.04275,""
"algorithm x model","SAC (rho-tilde)","rasch",NA,NA,NA,NA,192,192,0,0,1,-0.000328573825299576,0.00558126152527486,0.00224018898368039,0.0381325276619563,0.932291666666667,0.708333333333333,19.1379999999999,14.3604999999999,""
"algorithm x model","SAC (superpopulation)","rasch",NA,NA,NA,NA,192,96,0,96,0.5,-0.000388856298047795,0.005161435015911,0.00320842889006115,0.0198029854237263,0.9375,0.427083333333333,15.1425000000001,9.4617499999999,""
"algorithm x model","SAC (w-bar)","rasch",NA,NA,NA,NA,192,112,0,48,0.583333333333333,-0.000966238287574517,0.00330607185419502,0.00151005904429076,0.0149075418833241,0.955357142857143,0.714285714285714,19.4604999999999,19.5054999999999,"conditional on reachability; see T_s2_reachability.csv"
"algorithm x shape","EQC",NA,"bimodal",NA,NA,NA,186,186,0,0,1,1.30676613377251e-09,3.03097087999134e-09,1.53729539253727e-09,3.51115743146835e-08,1,1,25.6725000000001,25.5692499999999,""
"algorithm x shape","SAC (rho-tilde)",NA,"bimodal",NA,NA,NA,186,184,0,0,0.989247311827957,-0.000627180101221048,0.00706904068291132,0.00312308853487779,0.0354439450382734,0.907608695652174,0.603260869565217,24.342,21.6139999999999,""
"algorithm x shape","SAC (superpopulation)",NA,"bimodal",NA,NA,NA,186,94,2,90,0.505376344086022,-0.000122672291400348,0.00738316380267621,0.00547671740369048,0.0249231863724778,0.882978723404255,0.191489361702128,18.4015,7.66374999999997,""
"algorithm x shape","SAC (w-bar)",NA,"bimodal",NA,NA,NA,186,150,0,0,0.806451612903226,-0.00150797988976391,0.00415484065875721,0.00218937593054096,0.0164778887330161,0.933333333333333,0.673333333333333,27.2425,20.6902499999999,"conditional on reachability; see T_s2_reachability.csv"
"algorithm x shape","EQC",NA,"heavy_tail",NA,NA,NA,187,184,0,0,0.983957219251337,1.1771084578075e-09,2.75033996300322e-09,1.53728318842754e-09,3.30602809572866e-08,1,1,27.0995,25.7799999999999,""
"algorithm x shape","SAC (rho-tilde)",NA,"heavy_tail",NA,NA,NA,187,180,0,0,0.962566844919786,0.000285601351161893,0.00614385857146574,0.00260037016974503,0.0336502824896794,0.922222222222222,0.661111111111111,23.9830000000001,21.4505000000002,""
"algorithm x shape","SAC (superpopulation)",NA,"heavy_tail",NA,NA,NA,187,95,0,92,0.508021390374332,0.000664201201990165,0.00727348297741418,0.00505786197316921,0.0292401065638428,0.863157894736842,0.231578947368421,18.113,7.8675000000001,""
"algorithm x shape","SAC (w-bar)",NA,"heavy_tail",NA,NA,NA,187,0,0,187,0,NA,NA,NA,NA,NA,NA,NA,NA,"conditional on reachability; see T_s2_reachability.csv"
"algorithm x shape","EQC",NA,"normal",NA,NA,NA,187,186,0,0,0.994652406417112,1.28540738507213e-09,1.09949656931013e-09,1.28540738507213e-09,6.43866293614792e-09,1,1,26.861,26.606,""
"algorithm x shape","SAC (rho-tilde)",NA,"normal",NA,NA,NA,187,184,0,0,0.983957219251337,0.000492627506375444,0.00632734026697981,0.00278475996235547,0.0387211726019586,0.902173913043478,0.66304347826087,23.2004999999999,20.7589999999999,""
"algorithm x shape","SAC (superpopulation)",NA,"normal",NA,NA,NA,187,94,0,93,0.502673796791444,-3.75769951072205e-05,0.00714538222798567,0.00491693463589269,0.0225353839723557,0.851063829787234,0.223404255319149,16.6375,7.17124999999988,""
"algorithm x shape","SAC (w-bar)",NA,"normal",NA,NA,NA,187,134,0,0,0.716577540106952,-0.00128462278860394,0.0045097067819717,0.00207664020937309,0.0218135643632442,0.925373134328358,0.723880597014925,28.5795,21.2697499999998,"conditional on reachability; see T_s2_reachability.csv"
"algorithm x shape","EQC",NA,"skew_pos",NA,NA,NA,188,187,0,0,0.99468085106383,1.38185219713692e-09,3.72070652662716e-09,1.78915933821178e-09,3.80832176904988e-08,1,1,26.7710000000001,26.248,""
"algorithm x shape","SAC (rho-tilde)",NA,"skew_pos",NA,NA,NA,188,185,0,0,0.984042553191489,-0.000717398719973767,0.00723522377755918,0.00298017416169841,0.0394131088684069,0.924324324324324,0.643243243243243,24.182,20.9410000000003,""
"algorithm x shape","SAC (superpopulation)",NA,"skew_pos",NA,NA,NA,188,94,1,93,0.5,-0.00188903651324153,0.00531517675596006,0.00409590839790191,0.0153309036420343,0.861702127659574,0.25531914893617,17.2915,8.10224999999992,""
"algorithm x shape","SAC (w-bar)",NA,"skew_pos",NA,NA,NA,188,123,0,0,0.654255319148936,-0.00118732241839718,0.00496135660531928,0.00195321979985115,0.0367153474358675,0.951219512195122,0.682926829268293,27.864,20.3859999999998,"conditional on reachability; see T_s2_reachability.csv"
"algorithm x pool","EQC",NA,NA,"irw",NA,NA,371,368,0,0,0.991913746630728,1.33239320693684e-09,1.79593204674902e-09,1.39642591421344e-09,2.01203278482609e-08,1,1,26.2795,25.7962500000002,""
"algorithm x pool","SAC (rho-tilde)",NA,NA,"irw",NA,NA,371,356,0,0,0.959568733153639,-0.000638498687509072,0.00862758297858394,0.00400028218503675,0.0394131088684069,0.865168539325843,0.584269662921348,23.9275,20.8917499999999,""
"algorithm x pool","SAC (superpopulation)",NA,NA,"irw",NA,NA,371,185,3,183,0.498652291105121,-0.000367309644804623,0.00856056843668263,0.00656665488935995,0.0292401065638428,0.789189189189189,0.0972972972972973,19.981,1.8550000000001,""
"algorithm x pool","SAC (w-bar)",NA,NA,"irw",NA,NA,371,196,0,92,0.528301886792453,-0.00130206960056637,0.00521345773944903,0.0024928564140767,0.0367153474358675,0.908163265306122,0.658163265306122,27.0385,20.7592499999999,"conditional on reachability; see T_s2_reachability.csv"
"algorithm x pool","EQC",NA,NA,"parametric",NA,NA,377,375,0,0,0.994694960212202,1.24484771054275e-09,3.5454428411218e-09,1.67618902165619e-09,3.80832176904988e-08,1,1,27.405,26.5189999999998,""
"algorithm x pool","SAC (rho-tilde)",NA,NA,"parametric",NA,NA,377,377,0,0,1,0.000321584443808043,0.0041508598154217,0.00180992709837174,0.0243233131385284,0.960212201591512,0.697612732095491,24.1990000000001,21.8869999999998,""
"algorithm x pool","SAC (superpopulation)",NA,NA,"parametric",NA,NA,377,192,0,185,0.509283819628647,-0.000320736805721324,0.00472717553680314,0.00326918965647439,0.0155572598032106,0.9375,0.348958333333333,12.381,6.04749999999995,""
"algorithm x pool","SAC (w-bar)",NA,NA,"parametric",NA,NA,377,211,0,95,0.559681697612732,-0.00137048081938085,0.00377142532739857,0.00169821021734501,0.0217328697094759,0.962085308056872,0.725118483412322,28.0980000000002,20.9355,"conditional on reachability; see T_s2_reachability.csv"
"algorithm x length","EQC",NA,NA,NA,"10",NA,176,172,0,0,0.977272727272727,1.1547528443792e-09,9.22465450896105e-10,1.1547528443792e-09,7.49828321655599e-09,1,1,11.318,3.1275000000001,""
"algorithm x length","SAC (rho-tilde)",NA,NA,NA,"10",NA,176,167,0,0,0.948863636363636,-0.000222184369937696,0.0099237909091847,0.0053672338822228,0.0394131088684069,0.820359281437126,0.431137724550898,13.469,2.34900000000005,""
"algorithm x length","SAC (superpopulation)",NA,NA,NA,"10",NA,176,0,0,176,0,NA,NA,NA,NA,NA,NA,NA,NA,""
"algorithm x length","SAC (w-bar)",NA,NA,NA,"10",NA,176,63,0,44,0.357954545454545,-0.00105398581935957,0.00465551603404668,0.00296884567462868,0.0143319928568706,0.936507936507937,0.507936507936508,13.308,1.97900000000005,"conditional on reachability; see T_s2_reachability.csv"
"algorithm x length","EQC",NA,NA,NA,"20",NA,189,188,0,0,0.994708994708995,9.40372646772879e-10,3.10364858493993e-09,1.44986210566906e-09,3.80832176904988e-08,1,1,18.067,6.69675000000003,""
"algorithm x length","SAC (rho-tilde)",NA,NA,NA,"20",NA,189,187,0,0,0.989417989417989,0.000261921559461939,0.00643109261486255,0.00294521663244657,0.0354439450382734,0.925133689839572,0.577540106951872,19.423,4.249,""
"algorithm x length","SAC (superpopulation)",NA,NA,NA,"20",NA,189,187,2,0,0.989417989417989,-0.00100262990202337,0.00760604017046255,0.00571106066889117,0.0226872920338013,0.807486631016043,0.197860962566845,12.47,10.0655,""
"algorithm x length","SAC (w-bar)",NA,NA,NA,"20",NA,189,93,0,47,0.492063492063492,-0.00117891547549016,0.00404275401256935,0.00196349851985878,0.0217328697094759,0.946236559139785,0.645161290322581,19.1569999999999,4.138,"conditional on reachability; see T_s2_reachability.csv"
"algorithm x length","EQC",NA,NA,NA,"40",NA,191,191,0,0,1,1.73829002442954e-09,3.25440055098594e-09,1.86086828494407e-09,3.51115743146835e-08,1,1,32.726,11.5844999999998,""
"algorithm x length","SAC (rho-tilde)",NA,NA,NA,"40",NA,191,189,0,0,0.989528795811518,-0.000699230692101582,0.00562023900725062,0.00206290997642842,0.035165074417396,0.952380952380952,0.73015873015873,30.1030000000001,10.7179999999998,""
"algorithm x length","SAC (superpopulation)",NA,NA,NA,"40",NA,191,190,1,0,0.994764397905759,0.00030504231942643,0.00601183047914213,0.00407656433416854,0.0292401065638428,0.921052631578947,0.252631578947368,18.0845,5.21899999999997,""
"algorithm x length","SAC (w-bar)",NA,NA,NA,"40",NA,191,122,0,48,0.638743455497382,-0.00178747921181985,0.00525920366701774,0.00220947375061992,0.0367153474358675,0.918032786885246,0.745901639344262,30.2265,10.7079999999999,"conditional on reachability; see T_s2_reachability.csv"
"algorithm x length","EQC",NA,NA,NA,"60",NA,192,192,0,0,1,1.30061276100898e-09,3.12289214151999e-09,1.64499068764738e-09,3.30602809572866e-08,1,1,46.862,16.9942499999999,""
"algorithm x length","SAC (rho-tilde)",NA,NA,NA,"60",NA,192,190,0,0,0.989583333333333,7.47992712095494e-05,0.00397966254744499,0.00141826010429234,0.0226442466940242,0.947368421052632,0.805263157894737,40.2045,14.638,""
"algorithm x length","SAC (superpopulation)",NA,NA,NA,"60",NA,192,0,0,192,0,NA,NA,NA,NA,NA,NA,NA,NA,""
"algorithm x length","SAC (w-bar)",NA,NA,NA,"60",NA,192,129,0,48,0.671875,-0.00116484019316364,0.00400920784475863,0.00161026182631571,0.0218135643632442,0.945736434108527,0.767441860465116,40.921,13.678,"conditional on reachability; see T_s2_reachability.csv"
"algorithm x target","EQC",NA,NA,NA,NA,"0.5",128,128,0,0,1,5.03782031716082e-10,5.10324479388284e-10,5.04966317024791e-10,4.75113426379181e-09,1,1,25.3185,26.9862500000002,""
"algorithm x target","SAC (rho-tilde)",NA,NA,NA,NA,"0.5",128,128,0,0,1,-7.13820148934832e-05,0.00040776213933627,0.000200144308191957,0.00375351058267726,1,0.984375,23.9135000000001,21.8587500000001,""
"algorithm x target","SAC (superpopulation)",NA,NA,NA,NA,"0.5",128,64,0,64,0.5,-0.00125239076887103,0.00666907091449205,0.00523307021331393,0.0177799049324454,0.875,0.203125,18.2744999999999,7.48925000000002,""
"algorithm x target","SAC (w-bar)",NA,NA,NA,NA,"0.5",128,95,0,32,0.7421875,-9.43123989590452e-05,0.000678752813301621,0.00031819955109604,0.00480400335910169,1,0.947368421052632,23.681,21.8399999999998,"conditional on reachability; see T_s2_reachability.csv"
"algorithm x target","EQC",NA,NA,NA,NA,"0.6",128,128,0,0,1,1.4486401982497e-09,4.898764741485e-09,2.04369047466374e-09,3.80832176904988e-08,1,1,26.8569999999999,26.3342499999999,""
"algorithm x target","SAC (rho-tilde)",NA,NA,NA,NA,"0.6",128,128,0,0,1,-0.000307256147941414,0.00361607294690594,0.000686069463803118,0.0394131088684069,0.9921875,0.921875,23.5345,22.002,""
"algorithm x target","SAC (superpopulation)",NA,NA,NA,NA,"0.6",128,64,0,64,0.5,-0.000913636064930155,0.00688169601740015,0.00496799363822521,0.0213882671637581,0.796875,0.21875,17.5575,7.78500000000003,""
"algorithm x target","SAC (w-bar)",NA,NA,NA,NA,"0.6",128,90,0,32,0.703125,-0.000261379326077016,0.00262291120904539,0.00101282757092507,0.0146810653504048,0.988888888888889,0.844444444444444,23.3285,21.7465,"conditional on reachability; see T_s2_reachability.csv"
"algorithm x target","EQC",NA,NA,NA,NA,"0.7",128,128,0,0,1,1.89340685317896e-09,9.16399588210356e-10,1.89340685317896e-09,3.31640470641048e-09,1,1,24.5865,25.5445000000001,""
"algorithm x target","SAC (rho-tilde)",NA,NA,NA,NA,"0.7",128,126,0,0,0.984375,-3.16664357699059e-05,0.00170885333025752,0.00079021613318712,0.00943767808232121,1,0.785714285714286,23.1524999999998,21.6425000000004,""
"algorithm x target","SAC (superpopulation)",NA,NA,NA,NA,"0.7",128,64,0,64,0.5,0.000557015586741317,0.00693231511583583,0.00534090564882797,0.0226872920338013,0.859375,0.171875,17.9209999999999,7.49525,""
"algorithm x target","SAC (w-bar)",NA,NA,NA,NA,"0.7",128,85,0,32,0.6640625,-0.000178235399805381,0.00269361391633251,0.00117543530804922,0.0143319928568706,0.976470588235294,0.717647058823529,24.1389999999997,20.8620000000001,"conditional on reachability; see T_s2_reachability.csv"
"algorithm x target","EQC",NA,NA,NA,NA,"0.8",128,128,0,0,1,1.84052140281971e-09,3.75928531976296e-09,2.35708829277731e-09,3.30602809572866e-08,1,1,25.795,26.618,""
"algorithm x target","SAC (rho-tilde)",NA,NA,NA,NA,"0.8",128,125,0,0,0.9765625,8.24410163083752e-06,0.00639243434180674,0.00284717537405634,0.0350775785295296,0.904,0.648,23.976,22.6009999999999,""
"algorithm x target","SAC (superpopulation)",NA,NA,NA,NA,"0.8",128,63,1,64,0.4921875,-0.000821132691834303,0.00713503219418976,0.00467697924634549,0.0225353839723557,0.888888888888889,0.301587301587302,18.027,8.0475000000001,""
"algorithm x target","SAC (w-bar)",NA,NA,NA,NA,"0.8",128,67,0,32,0.5234375,-0.00149731724640681,0.00416721094768934,0.00218678608907584,0.0217328697094759,0.955223880597015,0.656716417910448,30.152,20.8655,"conditional on reachability; see T_s2_reachability.csv"
"algorithm x target","EQC",NA,NA,NA,NA,"0.9",127,126,0,0,0.992125984251969,1.03870100439645e-09,1.41844692218006e-09,1.22451408184308e-09,1.17062238791377e-08,1,1,25.7190000000001,25.553,""
"algorithm x target","SAC (rho-tilde)",NA,NA,NA,NA,"0.9",127,119,0,0,0.937007874015748,-0.00111842463610486,0.0114863670012612,0.00697689962154342,0.0387211726019586,0.781512605042017,0.277310924369748,23.8680000000002,21.2535000000002,""
"algorithm x target","SAC (superpopulation)",NA,NA,NA,NA,"0.9",127,63,1,63,0.496062992125984,0.00022302643696159,0.00682119304563973,0.00467018236089971,0.0249231863724778,0.873015873015873,0.206349206349206,17.2139999999999,8.01250000000005,""
"algorithm x target","SAC (w-bar)",NA,NA,NA,NA,"0.9",127,49,0,32,0.385826771653543,-0.00471378424956652,0.00809650310780959,0.00607726558884513,0.0367153474358675,0.755102040816326,0.224489795918367,37.3429999999998,14.8079999999999,"conditional on reachability; see T_s2_reachability.csv"
"algorithm x target","EQC",NA,NA,NA,NA,"0.95",109,105,0,0,0.963302752293578,9.37232408084637e-10,2.11192052296076e-09,1.12262283067483e-09,1.24083733288316e-08,1,1,28.6610000000001,25.3470000000003,""
"algorithm x target","SAC (rho-tilde)",NA,NA,NA,NA,"0.95",109,107,0,0,0.981651376146789,0.000733172685092537,0.00980246701251079,0.00661020936113621,0.035165074417396,0.775700934579439,0.130841121495327,26.2749999999996,19.0665,""
"algorithm x target","SAC (superpopulation)",NA,NA,NA,NA,"0.95",109,59,1,49,0.541284403669725,0.000188536659007844,0.00684977949925764,0.00438912439482593,0.0292401065638428,0.898305084745763,0.254237288135593,16.21,7.4474999999999,""
"algorithm x target","SAC (w-bar)",NA,NA,NA,NA,"0.95",109,21,0,27,0.192660550458716,-0.00787845641099307,0.00672975122354554,0.00863457577503684,0.0195159839137027,0.619047619047619,0,38.624,11.9310000000001,"conditional on reachability; see T_s2_reachability.csv"
