"setting_id","a","A","gamma","n_iter","M_per_iter","n","c_bias","c_rmse","mean_delta","mae_delta","converged_rate","median_projection_rate","median_sec"
"cfg06",1,50,0.55,1000,1000,60,-0.00113474568875686,0.0858719903931254,2.44730414575271e-05,0.000201617088349221,1,0,20.259
"cfg10",1,50,0.67,1000,500,60,0.00205206894431152,0.0892100314059465,7.51088405087789e-05,0.000226416478842521,1,0,10.3425
"cfg03",2,50,0.67,1000,1000,60,-0.00430245953202327,0.078168912556424,2.36211814685953e-05,0.000220277983640712,1,0,20.0829999999998
"cfg02",0.5,50,0.67,1000,1000,60,-0.00670510532478402,0.0817203970009423,0.00350187155709097,0.00364480675500898,1,0,20.0985
"cfg01",1,50,0.67,1000,1000,60,-0.00760863766503354,0.0824321454885007,9.37941581653408e-05,0.000267004060913003,1,0,19.992
"cfg05",1,200,0.67,1000,1000,60,0.00764293836789974,0.0762377817536348,0.000884056156528875,0.000980977900865595,1,0,19.99
"cfg04",1,10,0.67,1000,1000,60,-0.00959848030573858,0.0758264340872669,-2.84038281329929e-05,0.000245888473248251,1,0,19.6775000000001
"cfg09",1,50,0.67,300,1000,60,0.0172744765678102,0.077040707610544,0.00349850452126336,0.00358685813247167,1,0,6.48899999999992
"cfg07",1,50,0.9,1000,1000,60,0.0174889678413877,0.100727906309665,0.0157556072813349,0.0159079152022247,1,0,20.082
"cfg08",1,50,0.67,100,1000,60,0.0589907619861144,0.101620229082394,0.0213592122242417,0.0215309666840028,0.716666666666667,0,3.50999999999999
