"variant","item_kind","estimand","arm_a","arm_b","n_paired_forms","mean_within_cell_covariance","covariance_of_arm_rate_estimators","correlation_of_arm_rate_estimators"
"baseline","dif_form_clean_items","successful_only","target_060","target_075",3200,0.00123047908523938,3.84524714137306e-07,0.498451202742704
"baseline","dif_form_clean_items","successful_only","target_060","target_090",3185,0.000590697246135284,1.85462243684548e-07,0.182809253077088
"baseline","dif_form_clean_items","successful_only","target_060","uncontrolled",3200,0.00108990852907061,3.40596415334565e-07,0.413355865653524
"baseline","dif_form_clean_items","successful_only","target_075","target_090",3185,0.00105619164215523,3.3161433034701e-07,0.284490821428568
"baseline","dif_form_clean_items","successful_only","target_075","uncontrolled",3200,0.00177758198049395,5.55494368904358e-07,0.595125600664499
"baseline","dif_form_clean_items","successful_only","target_090","uncontrolled",3185,0.00130436252254191,4.0953297411049e-07,0.328321715168721
"baseline","dif_form_clean_items","failures_as_nonrejections","target_060","target_075",3200,0.00123145209418403,3.84828779432509e-07,0.509838130649308
"baseline","dif_form_clean_items","failures_as_nonrejections","target_060","target_090",3185,0.000579758632070777,1.82027827965707e-07,0.185988739729097
"baseline","dif_form_clean_items","failures_as_nonrejections","target_060","uncontrolled",3200,0.00109522347498422,3.42257335932568e-07,0.422738119348234
"baseline","dif_form_clean_items","failures_as_nonrejections","target_075","target_090",3185,0.0010497159942527,3.29581159890959e-07,0.293839290083016
"baseline","dif_form_clean_items","failures_as_nonrejections","target_075","uncontrolled",3200,0.00177010276100852,5.53157112815163e-07,0.596587522065817
"baseline","dif_form_clean_items","failures_as_nonrejections","target_090","uncontrolled",3185,0.00135351737374473,4.2496620839709e-07,0.353035181352741
"baseline","null_clean","successful_only","target_060","target_075",3200,0.000815930621178603,2.54978319118313e-07,0.542317652169764
"baseline","null_clean","successful_only","target_060","target_090",3185,0.000341519406972834,1.07227443319571e-07,0.227751626774509
"baseline","null_clean","successful_only","target_060","uncontrolled",3200,0.000722916393290658,2.25911372903331e-07,0.471458676037728
"baseline","null_clean","successful_only","target_075","target_090",3185,0.000504006013940881,1.58243646449256e-07,0.334251675819475
"baseline","null_clean","successful_only","target_075","uncontrolled",3200,0.00095814970286967,2.99421782146772e-07,0.62191977316552
"baseline","null_clean","successful_only","target_090","uncontrolled",3185,0.000630582785379116,1.97985175943208e-07,0.410375702493571
"baseline","null_clean","failures_as_nonrejections","target_060","target_075",3200,0.000810493607954545,2.53279252485795e-07,0.541872683986062
"baseline","null_clean","failures_as_nonrejections","target_060","target_090",3185,0.00034017110955976,1.06804116031322e-07,0.230010889135649
"baseline","null_clean","failures_as_nonrejections","target_060","uncontrolled",3200,0.000718965041035354,2.24676575323548e-07,0.470705033570828
"baseline","null_clean","failures_as_nonrejections","target_075","target_090",3185,0.000498586443342499,1.56542054424646e-07,0.335774830801122
"baseline","null_clean","failures_as_nonrejections","target_075","uncontrolled",3200,0.000953403172348485,2.97938491358902e-07,0.622468789973491
"baseline","null_clean","failures_as_nonrejections","target_090","uncontrolled",3185,0.000629175287018486,1.97543261230294e-07,0.415196140154844
"baseline","power","successful_only","target_060","target_075",3200,0.0182455606769223,5.70173771153821e-06,0.535027805659033
"baseline","power","successful_only","target_060","target_090",3185,0.00286687185144055,9.00116750844756e-07,0.126782261134523
"baseline","power","successful_only","target_060","uncontrolled",3200,0.0134846287197013,4.21394647490664e-06,0.416753686916731
"baseline","power","successful_only","target_075","target_090",3185,0.00639335536469848,2.00733292455211e-06,0.316544672586706
"baseline","power","successful_only","target_075","uncontrolled",3200,0.0189849814175986,5.93280669299957e-06,0.653439455445038
"baseline","power","successful_only","target_090","uncontrolled",3185,0.00894680334677438,2.80904343697783e-06,0.469458509126949
"baseline","power","failures_as_nonrejections","target_060","target_075",3200,0.0182416449652778,5.70051405164931e-06,0.533798484858271
"baseline","power","failures_as_nonrejections","target_060","target_090",3185,0.00284642276003555,8.93696313982904e-07,0.121932500882316
"baseline","power","failures_as_nonrejections","target_060","uncontrolled",3200,0.0136897786458333,4.27805582682291e-06,0.423080920242437
"baseline","power","failures_as_nonrejections","target_075","target_090",3185,0.00673130485334759,2.11343951439485e-06,0.322402501312807
"baseline","power","failures_as_nonrejections","target_075","uncontrolled",3200,0.0193076763731061,6.03364886659564e-06,0.662406720593258
"baseline","power","failures_as_nonrejections","target_090","uncontrolled",3185,0.00929442102974441,2.91818556663875e-06,0.472286111219512
"impact","dif_form_clean_items","successful_only","target_060","target_075",3200,0.00388582632646613,1.21432072702067e-06,0.570562520216936
"impact","dif_form_clean_items","successful_only","target_060","target_090",3185,0.00177484389907751,5.57250831735481e-07,0.260637186625466
"impact","dif_form_clean_items","successful_only","target_060","uncontrolled",3200,0.00350342323281279,1.094819760254e-06,0.521653429448594
"impact","dif_form_clean_items","successful_only","target_075","target_090",3185,0.00259304393749122,8.14142523545125e-07,0.381703793034762
"impact","dif_form_clean_items","successful_only","target_075","uncontrolled",3200,0.00429428849521887,1.3419651547559e-06,0.638689923089236
"impact","dif_form_clean_items","successful_only","target_090","uncontrolled",3185,0.00270223469157214,8.48425334873512e-07,0.398208041082775
"impact","dif_form_clean_items","failures_as_nonrejections","target_060","target_075",3200,0.00366833002880366,1.14635313400114e-06,0.559441536786458
"impact","dif_form_clean_items","failures_as_nonrejections","target_060","target_090",3185,0.00172623359362869,5.4198856942816e-07,0.258725518463204
"impact","dif_form_clean_items","failures_as_nonrejections","target_060","uncontrolled",3200,0.00349978976779514,1.09368430243598e-06,0.529733617922816
"impact","dif_form_clean_items","failures_as_nonrejections","target_075","target_090",3185,0.0025289334237074,7.9401363381708e-07,0.381632587675505
"impact","dif_form_clean_items","failures_as_nonrejections","target_075","uncontrolled",3200,0.00431831128669508,1.34947227709221e-06,0.65680556586556
"impact","dif_form_clean_items","failures_as_nonrejections","target_090","uncontrolled",3185,0.00277967445444135,8.72739232163689e-07,0.417425392801981
"impact","null_clean","successful_only","target_060","target_075",3199,0.00224349790662982,7.01312255901789e-07,0.552820380846503
"impact","null_clean","successful_only","target_060","target_090",3185,0.00116945961649297,3.67177273624166e-07,0.285192152647809
"impact","null_clean","successful_only","target_060","uncontrolled",3200,0.00208744016352249,6.52325051100778e-07,0.531019173281645
"impact","null_clean","successful_only","target_075","target_090",3185,0.00142853196338404,4.48518669822304e-07,0.371487477341944
"impact","null_clean","successful_only","target_075","uncontrolled",3199,0.00231821077240063,7.24667324914234e-07,0.627714173636468
"impact","null_clean","successful_only","target_090","uncontrolled",3185,0.00149488682423993,4.69352221111438e-07,0.40284221693789
"impact","null_clean","failures_as_nonrejections","target_060","target_075",3200,0.00218516019570707,6.8286256115846e-07,0.555089841590919
"impact","null_clean","failures_as_nonrejections","target_060","target_090",3185,0.00111554951687891,3.50251025707665e-07,0.294990513986549
"impact","null_clean","failures_as_nonrejections","target_060","uncontrolled",3200,0.00204506194760101,6.39081858625316e-07,0.5297617037091
"impact","null_clean","failures_as_nonrejections","target_075","target_090",3185,0.00123993825627956,3.89305574970034e-07,0.354538980777906
"impact","null_clean","failures_as_nonrejections","target_075","uncontrolled",3200,0.00224760495580808,7.02376548690025e-07,0.628468571513765
"impact","null_clean","failures_as_nonrejections","target_090","uncontrolled",3185,0.00138240700918136,4.34036737576567e-07,0.405101004441811
"impact","power","successful_only","target_060","target_075",3200,0.0128029980931767,4.00093690411771e-06,0.425448105262749
"impact","power","successful_only","target_060","target_090",3185,0.00220948785359513,6.93716751521233e-07,0.0929897182160893
"impact","power","successful_only","target_060","uncontrolled",3200,0.0108832931649617,3.40102911405053e-06,0.337025748757331
"impact","power","successful_only","target_075","target_090",3185,0.00728315364327039,2.28670444058725e-06,0.246797284724063
"impact","power","successful_only","target_075","uncontrolled",3200,0.024281818347341,7.58806823354408e-06,0.601468941949146
"impact","power","successful_only","target_090","uncontrolled",3185,0.0134546373908456,4.22437594689029e-06,0.422842776366845
"impact","power","failures_as_nonrejections","target_060","target_075",3200,0.0127972597064394,3.99914365826231e-06,0.425789993936989
"impact","power","failures_as_nonrejections","target_060","target_090",3185,0.00225476061234608,7.07931118476006e-07,0.0932627172519559
"impact","power","failures_as_nonrejections","target_060","uncontrolled",3200,0.0108851700599747,3.40161564374211e-06,0.337052313397912
"impact","power","failures_as_nonrejections","target_075","target_090",3185,0.00729397613279182,2.29010239648095e-06,0.243122525021636
"impact","power","failures_as_nonrejections","target_075","uncontrolled",3200,0.0243863932291667,7.62074788411458e-06,0.60451684390622
"impact","power","failures_as_nonrejections","target_090","uncontrolled",3185,0.0139426247963521,4.3775902029363e-06,0.430474329010057
"logodds","dif_form_clean_items","successful_only","target_060","target_075",3200,0.00155317911381209,4.85368473066279e-07,0.555257889443844
"logodds","dif_form_clean_items","successful_only","target_060","target_090",3185,0.000730617587026281,2.29393276931329e-07,0.262581459212915
"logodds","dif_form_clean_items","successful_only","target_060","uncontrolled",3200,0.00133593170482056,4.17478657756424e-07,0.478042318004586
"logodds","dif_form_clean_items","successful_only","target_075","target_090",3185,0.00118923554249315,3.73386355570847e-07,0.384722973266531
"logodds","dif_form_clean_items","successful_only","target_075","uncontrolled",3200,0.00201842454404687,6.30757670014647e-07,0.650377555391372
"logodds","dif_form_clean_items","successful_only","target_090","uncontrolled",3185,0.00144413537847679,4.53417701248599e-07,0.467386369912532
"logodds","dif_form_clean_items","failures_as_nonrejections","target_060","target_075",3200,0.00154445455531881,4.82642048537129e-07,0.554564804043637
"logodds","dif_form_clean_items","failures_as_nonrejections","target_060","target_090",3185,0.000724775059342869,2.27558888333711e-07,0.262553280419145
"logodds","dif_form_clean_items","failures_as_nonrejections","target_060","uncontrolled",3200,0.00133054174558081,4.15794295494003e-07,0.477347981093734
"logodds","dif_form_clean_items","failures_as_nonrejections","target_075","target_090",3185,0.00118976163845712,3.73551534837399e-07,0.388474557014203
"logodds","dif_form_clean_items","failures_as_nonrejections","target_075","uncontrolled",3200,0.00201375633779198,6.29298855559994e-07,0.65159041512578
"logodds","dif_form_clean_items","failures_as_nonrejections","target_090","uncontrolled",3185,0.00145267923039717,4.56100229324071e-07,0.473896240611594
"logodds","null_clean","successful_only","target_060","target_075",3200,0.000815930621178603,2.54978319118313e-07,0.542317652169764
"logodds","null_clean","successful_only","target_060","target_090",3185,0.000341519406972834,1.07227443319571e-07,0.227751626774509
"logodds","null_clean","successful_only","target_060","uncontrolled",3200,0.000722916393290658,2.25911372903331e-07,0.471458676037728
"logodds","null_clean","successful_only","target_075","target_090",3185,0.000504006013940881,1.58243646449256e-07,0.334251675819475
"logodds","null_clean","successful_only","target_075","uncontrolled",3200,0.00095814970286967,2.99421782146772e-07,0.62191977316552
"logodds","null_clean","successful_only","target_090","uncontrolled",3185,0.000630582785379116,1.97985175943208e-07,0.410375702493571
"logodds","null_clean","failures_as_nonrejections","target_060","target_075",3200,0.000810493607954545,2.53279252485795e-07,0.541872683986062
"logodds","null_clean","failures_as_nonrejections","target_060","target_090",3185,0.00034017110955976,1.06804116031322e-07,0.230010889135649
"logodds","null_clean","failures_as_nonrejections","target_060","uncontrolled",3200,0.000718965041035354,2.24676575323548e-07,0.470705033570828
"logodds","null_clean","failures_as_nonrejections","target_075","target_090",3185,0.000498586443342499,1.56542054424646e-07,0.335774830801122
"logodds","null_clean","failures_as_nonrejections","target_075","uncontrolled",3200,0.000953403172348485,2.97938491358902e-07,0.622468789973491
"logodds","null_clean","failures_as_nonrejections","target_090","uncontrolled",3185,0.000629175287018486,1.97543261230294e-07,0.415196140154844
"logodds","power","successful_only","target_060","target_075",3200,0.0168926155689549,5.27894236529839e-06,0.663799026964376
"logodds","power","successful_only","target_060","target_090",3185,0.0099147492154836,3.11295108806393e-06,0.344301160385201
"logodds","power","successful_only","target_060","uncontrolled",3200,0.013974095359419,4.36690479981844e-06,0.580315542706728
"logodds","power","successful_only","target_075","target_090",3185,0.017999788332383,5.65142490812654e-06,0.50826022934483
"logodds","power","successful_only","target_075","uncontrolled",3200,0.0213768656439322,6.68027051372882e-06,0.724683537764736
"logodds","power","successful_only","target_090","uncontrolled",3185,0.0174818896552135,5.48881935799481e-06,0.509315452317791
"logodds","power","failures_as_nonrejections","target_060","target_075",3200,0.0169714725378788,5.30358516808712e-06,0.664631838883312
"logodds","power","failures_as_nonrejections","target_060","target_090",3185,0.0101006772580661,3.17132723958119e-06,0.349320793897204
"logodds","power","failures_as_nonrejections","target_060","uncontrolled",3200,0.0140442017834596,4.38881305733112e-06,0.582061724661382
"logodds","power","failures_as_nonrejections","target_075","target_090",3185,0.0182954496237876,5.7442541989914e-06,0.513747827776865
"logodds","power","failures_as_nonrejections","target_075","uncontrolled",3200,0.0214713541666667,6.70979817708333e-06,0.72511611772271
"logodds","power","failures_as_nonrejections","target_090","uncontrolled",3185,0.0176893854916918,5.55396718734435e-06,0.513323000568886
"purified","dif_form_clean_items","successful_only","target_060","target_075",3200,0.00101754031750197,3.17981349219365e-07,0.51454183536434
"purified","dif_form_clean_items","successful_only","target_060","target_090",3185,0.00051074745679322,1.6036026900886e-07,0.240689982073141
"purified","dif_form_clean_items","successful_only","target_060","uncontrolled",3200,0.000944929415626527,2.9529044238329e-07,0.464518422851485
"purified","dif_form_clean_items","successful_only","target_075","target_090",3185,0.000708462746270763,2.22437282973552e-07,0.324629493825396
"purified","dif_form_clean_items","successful_only","target_075","uncontrolled",3200,0.00129455134360883,4.04547294877758e-07,0.618890980755339
"purified","dif_form_clean_items","successful_only","target_090","uncontrolled",3185,0.000923693648639864,2.90013704439518e-07,0.410797857316224
"purified","dif_form_clean_items","failures_as_nonrejections","target_060","target_075",3200,0.00100783222853535,3.14947571417298e-07,0.513607788437416
"purified","dif_form_clean_items","failures_as_nonrejections","target_060","target_090",3185,0.000506930154110574,1.59161743833775e-07,0.245171477158113
"purified","dif_form_clean_items","failures_as_nonrejections","target_060","uncontrolled",3200,0.000937993213383838,2.9312287918245e-07,0.463191030176121
"purified","dif_form_clean_items","failures_as_nonrejections","target_075","target_090",3185,0.000701309592388953,2.20191394784601e-07,0.330654562832233
"purified","dif_form_clean_items","failures_as_nonrejections","target_075","uncontrolled",3200,0.00128505205867266,4.01578768335207e-07,0.619080436446715
"purified","dif_form_clean_items","failures_as_nonrejections","target_090","uncontrolled",3185,0.000919466559620063,2.88686517934086e-07,0.419931942336161
"purified","null_clean","successful_only","target_060","target_075",3200,0.000770889327863101,2.40902914957219e-07,0.519484485515469
"purified","null_clean","successful_only","target_060","target_090",3185,0.000371409329785355,1.16612034469499e-07,0.24692348666658
"purified","null_clean","successful_only","target_060","uncontrolled",3200,0.000682922929136861,2.13413415355269e-07,0.462161817233894
"purified","null_clean","successful_only","target_075","target_090",3185,0.000509581174681471,1.59994089381937e-07,0.335761856864419
"purified","null_clean","successful_only","target_075","uncontrolled",3200,0.000912098272777855,2.8503071024308e-07,0.611695225025149
"purified","null_clean","successful_only","target_090","uncontrolled",3185,0.000609055804926739,1.91226312378882e-07,0.403054793869977
"purified","null_clean","failures_as_nonrejections","target_060","target_075",3200,0.00076500946969697,2.39065459280303e-07,0.519405523805884
"purified","null_clean","failures_as_nonrejections","target_060","target_090",3185,0.000368178065280343,1.15597508722243e-07,0.248401077939979
"purified","null_clean","failures_as_nonrejections","target_060","uncontrolled",3200,0.000678845091540404,2.12139091106376e-07,0.461060292283716
"purified","null_clean","failures_as_nonrejections","target_075","target_090",3185,0.000498552273408915,1.56531326031056e-07,0.334370186122503
"purified","null_clean","failures_as_nonrejections","target_075","uncontrolled",3200,0.000905971827651515,2.83116196141098e-07,0.611941596657138
"purified","null_clean","failures_as_nonrejections","target_090","uncontrolled",3185,0.000604952662746508,1.89938041678653e-07,0.40621023587258
"purified","power","successful_only","target_060","target_075",3200,0.0198827398712536,6.21335620976676e-06,0.526737186118238
"purified","power","successful_only","target_060","target_090",3184,0.00262217937919726,8.2354879999914e-07,0.118007507212344
"purified","power","successful_only","target_060","uncontrolled",3200,0.0142149572897341,4.4421741530419e-06,0.4099905777024
"purified","power","successful_only","target_075","target_090",3184,0.00566515346098034,1.77925674025764e-06,0.292296077613652
"purified","power","successful_only","target_075","uncontrolled",3200,0.0191919499254879,5.99748435171496e-06,0.631426152399577
"purified","power","successful_only","target_090","uncontrolled",3184,0.00823231833692721,2.5855271158691e-06,0.46592042911226
"purified","power","failures_as_nonrejections","target_060","target_075",3200,0.0199143288352273,6.22322776100852e-06,0.525780852767477
"purified","power","failures_as_nonrejections","target_060","target_090",3185,0.00238227954626836,7.47968460366832e-07,0.09942881974519
"purified","power","failures_as_nonrejections","target_060","uncontrolled",3200,0.0144575145991162,4.5179733122238e-06,0.416873516207802
"purified","power","failures_as_nonrejections","target_075","target_090",3185,0.00606435114697813,1.9040348970104e-06,0.289806293421608
"purified","power","failures_as_nonrejections","target_075","uncontrolled",3200,0.0195637527619949,6.11367273812342e-06,0.640801559135813
"purified","power","failures_as_nonrejections","target_090","uncontrolled",3185,0.00860627282990426,2.70212647720699e-06,0.451594655858249
