"variant","arm","item_kind","estimate","mcse_form_cluster_sandwich","ci_low_cell_stratified_bootstrap","ci_high_cell_stratified_bootstrap","retained_point","rerun_minus_retained","retained_point_inside_rerun_cluster_bootstrap_ci"
"baseline","target_060","dif_form_clean_items",0.0485719127634889,0.000770802449656006,0.0470388661875358,0.0501017773915731,0.0496698237408853,-0.00109791097739636,TRUE
"impact","target_060","dif_form_clean_items",0.206594868050485,0.00126559808931141,0.204153818320584,0.208988554862219,0.207583274458328,-0.000988406407842979,TRUE
"logodds","target_060","dif_form_clean_items",0.0670308039264252,0.000850787500947453,0.065444617547015,0.0687792482793114,0.0684053181257803,-0.00137451419935514,TRUE
"purified","target_060","dif_form_clean_items",0.043321252574766,0.000742227031349391,0.0418791184979641,0.0448301113854006,0.0447417262736429,-0.00142047369887691,TRUE
"baseline","target_075","dif_form_clean_items",0.0645751633986928,0.000857189362132874,0.063020927749805,0.0661902404375315,0.0642787495065837,0.000296413892109104,TRUE
"impact","target_075","dif_form_clean_items",0.239475852328455,0.00129095790639788,0.236976725939712,0.242153468571017,0.241301596929545,-0.00182574460108959,TRUE
"logodds","target_075","dif_form_clean_items",0.0804998888845314,0.000940929707162494,0.0787352702526618,0.0822757652931194,0.0803775773599891,0.000122311524542326,TRUE
"purified","target_075","dif_form_clean_items",0.0447575848681717,0.000759381316768576,0.0432850616562627,0.0461903018480891,0.0455634864835903,-0.000805901615418644,TRUE
"baseline","target_090","dif_form_clean_items",0.137792049899567,0.00108360645478842,0.135725806580323,0.139814333109102,0.138490069236443,-0.000698019336876438,TRUE
"impact","target_090","dif_form_clean_items",0.324678244996759,0.00134241552080828,0.322077688762013,0.327345337618512,0.32432746714308,0.000350777853679318,TRUE
"logodds","target_090","dif_form_clean_items",0.082248622362005,0.000933074150250563,0.0805417573361842,0.0841107104926045,0.0828500654920353,-0.000601443130030355,TRUE
"purified","target_090","dif_form_clean_items",0.0463150375044648,0.000786153903187493,0.0447662204820035,0.0479427664000161,0.0464859599854955,-0.000170922481030678,TRUE
"baseline","uncontrolled","dif_form_clean_items",0.0870886538235793,0.000967362843806849,0.0852088448491595,0.0889034931647079,0.0867179153366406,0.000370738486938679,TRUE
"impact","uncontrolled","dif_form_clean_items",0.266626660056879,0.00129537366976894,0.26419597174512,0.269289432607325,0.265888124845053,0.000738535211825986,TRUE
"logodds","uncontrolled","dif_form_clean_items",0.0857832268162254,0.000952371776841858,0.0839253889239042,0.0876920724058302,0.0856176175967277,0.000165609219497681,TRUE
"purified","uncontrolled","dif_form_clean_items",0.0465625855929882,0.000784352530382641,0.0450086282192318,0.0481208274831782,0.045830681094844,0.000731904498144226,TRUE
"baseline","target_060","null_clean",0.0432724391057724,0.000652189211960116,0.042035257435049,0.0445339223265942,0.0433394503065438,-6.70112007713566e-05,TRUE
"impact","target_060","null_clean",0.148350158518271,0.00102221274934799,0.146391721924416,0.150349392298369,0.148231251094781,0.000118907423490328,TRUE
"logodds","target_060","null_clean",0.0432724391057724,0.000652189211960116,0.042035257435049,0.0445339223265942,0.0435183274017642,-0.000245888295991759,TRUE
"purified","target_060","null_clean",0.0428866366366366,0.000647366790462224,0.0416370568803173,0.0441273703716998,0.0436121611956855,-0.000725524559048861,TRUE
"baseline","target_075","null_clean",0.04267929380037,0.000658284620830339,0.0414233825933229,0.0439427652212632,0.0432589601127095,-0.000579666312339466,TRUE
"impact","target_075","null_clean",0.134151059802784,0.000963600681360659,0.1323296399844,0.136098011710864,0.133058219242516,0.00109284056026759,TRUE
"logodds","target_075","null_clean",0.04267929380037,0.000658284620830339,0.0414233825933229,0.0439427652212632,0.0433526373846771,-0.000673343584307068,TRUE
"purified","target_075","null_clean",0.0426779554719348,0.000654762994650865,0.0414801990164043,0.0439263550323721,0.042911028681887,-0.00023307320995223,TRUE
"baseline","target_090","null_clean",0.0420097107874182,0.000649968537887628,0.0407315724792118,0.0432409920476543,0.041968053600859,4.16571865591991e-05,TRUE
"impact","target_090","null_clean",0.097671273403491,0.000932079349070209,0.09593515272953,0.0994479413735108,0.0975153574972029,0.000155915906288079,TRUE
"logodds","target_090","null_clean",0.0420097107874182,0.000649968537887628,0.0407315724792118,0.0432409920476543,0.0423083332102909,-0.0002986224228727,TRUE
"purified","target_090","null_clean",0.0417080122453288,0.000647587761605912,0.0403724159193293,0.0429881180409414,0.0413358357206643,0.000372176524664529,TRUE
"baseline","uncontrolled","null_clean",0.0433235969121636,0.000657628508899597,0.0420412441455142,0.0446400703831615,0.0427868575398887,0.000536739372274872,TRUE
"impact","uncontrolled","null_clean",0.118713743165978,0.00091951369282478,0.116964474059204,0.120471212698255,0.118221111002123,0.000492632163855047,TRUE
"logodds","uncontrolled","null_clean",0.0433235969121636,0.000657628508899597,0.0420412441455142,0.0446400703831615,0.0432187370907103,0.000104859821453272,TRUE
"purified","uncontrolled","null_clean",0.0427806928782299,0.000642394175975905,0.0415269267724792,0.0440851931272955,0.0424925100353009,0.000288182842929037,TRUE
"baseline","target_060","power",0.428727727414817,0.00320245291909442,0.422623808399192,0.435022885513443,0.423764841954996,0.00496288545982115,TRUE
"impact","target_060","power",0.142604074402126,0.00240731271256198,0.137826631559335,0.147176812636944,0.140858131199467,0.00174594320265878,TRUE
"logodds","target_060","power",0.876719466444352,0.00232275640575537,0.872055117891688,0.88127794451315,0.880327185578827,-0.00360771913447522,TRUE
"purified","target_060","power",0.459798864050857,0.0034621505077304,0.453114275610564,0.466364961643117,0.45546432144048,0.00433454261037719,TRUE
"baseline","target_075","power",0.61968085106383,0.00312231422286942,0.613428124143998,0.625835212523159,0.618715353285669,0.000965497778160795,TRUE
"impact","target_075","power",0.354281839991655,0.00312249035625073,0.348124962479839,0.360275377992096,0.35181361199758,0.00246822799407537,TRUE
"logodds","target_075","power",0.813914676123918,0.00284847346896612,0.808062170848039,0.819470647828218,0.815493383664063,-0.00157870754014522,TRUE
"purified","target_075","power",0.667848761408083,0.0033277235182249,0.660944009557202,0.674368674809631,0.669593601067879,-0.00174483965979555,TRUE
"baseline","target_090","power",0.869499161777033,0.00225132272093621,0.865167333655224,0.874062631904181,0.87435216190581,-0.00485300012877732,FALSE
"impact","target_090","power",0.792575503355705,0.0027818682756298,0.787379559136911,0.797931066083635,0.797678414281524,-0.00510291092581927,TRUE
"logodds","target_090","power",0.633966023489933,0.00348722137348592,0.627078748532075,0.640693054466172,0.63252797451909,0.00143804897084288,TRUE
"purified","target_090","power",0.911365185923323,0.00211826823092925,0.907280065186014,0.915591325452132,0.912305916911456,-0.000940730988132965,TRUE
"baseline","uncontrolled","power",0.762229747330034,0.00284787481808093,0.756682088882763,0.767986185277966,0.762346579424451,-0.000116832094417152,TRUE
"impact","uncontrolled","power",0.559793653274973,0.00346763681977278,0.552948319543123,0.566494267847837,0.561771877539962,-0.00197822426498939,TRUE
"logodds","uncontrolled","power",0.772116286339481,0.00289885359165639,0.766461544416967,0.777598332899192,0.773238306607067,-0.00112202026758601,TRUE
"purified","uncontrolled","power",0.813493097160719,0.00289123302462336,0.807699822028455,0.81935677953451,0.816590428358567,-0.00309733119784805,TRUE
