"variant","arm","item_kind","estimand","n_structural_cells","n_form_clusters_planned","n_form_clusters_contributing","n_form_clusters_unreachable","n_form_clusters_with_mh_failure","n_mh_rejected","n_mh_successful","n_mh_failed","n_mh_attempted","mh_failure_rate","estimate","mcse_form_cluster_sandwich","ci_low_form_cluster_normal","ci_high_form_cluster_normal","realized_rho_median","mcse_cell_stratified_bootstrap","ci_low_cell_stratified_bootstrap","ci_high_cell_stratified_bootstrap"
"baseline","target_060","dif_form_clean_items","successful_only",32,3200,3200,0,43,3726,76711,89,76800,0.00115885416666667,0.0485719127634889,0.000770802449656006,0.0470611677229679,0.05008265780401,0.59992992553866,0.000778091999714677,0.0470388661875358,0.0501017773915731
"baseline","target_060","dif_form_clean_items","failures_as_nonrejections",32,3200,3200,0,43,3726,76711,89,76800,0.00115885416666667,0.048515625,0.000769864782467825,0.0470067177533973,0.0500245322466027,0.59992992553866,0.000777398020098667,0.0469788411458333,0.0500520833333333
"impact","target_060","dif_form_clean_items","successful_only",32,3200,3200,0,49,15845,76696,104,76800,0.00135416666666667,0.206594868050485,0.00126559808931141,0.204114341376532,0.209075394724438,0.59992992553866,0.00124423880308052,0.204153818320584,0.208988554862219
"impact","target_060","dif_form_clean_items","failures_as_nonrejections",32,3200,3200,0,49,15845,76696,104,76800,0.00135416666666667,0.206315104166667,0.00126341127595162,0.20383886356814,0.208791344765194,0.59992992553866,0.00124092644707355,0.203854166666667,0.208736979166667
"logodds","target_060","dif_form_clean_items","successful_only",32,3200,3200,0,43,5142,76711,89,76800,0.00115885416666667,0.0670308039264252,0.000850787500947453,0.0653632910660713,0.068698316786779,0.59992992553866,0.00084624580173123,0.065444617547015,0.0687792482793114
"logodds","target_060","dif_form_clean_items","failures_as_nonrejections",32,3200,3200,0,43,5142,76711,89,76800,0.00115885416666667,0.066953125,0.000850116483862011,0.0652869273089666,0.0686193226910334,0.59992992553866,0.000845660267778419,0.0653772786458333,0.0687112630208333
"purified","target_060","dif_form_clean_items","successful_only",32,3200,3200,0,43,3323,76706,94,76800,0.00122395833333333,0.043321252574766,0.000742227031349391,0.0418665143249691,0.0447759908245629,0.59992992553866,0.000745087120031324,0.0418791184979641,0.0448301113854006
"purified","target_060","dif_form_clean_items","failures_as_nonrejections",32,3200,3200,0,43,3323,76706,94,76800,0.00122395833333333,0.0432682291666667,0.000741434895898977,0.0418150434738235,0.0447214148595099,0.59992992553866,0.00074467612742805,0.0418229166666667,0.0447786458333333
"baseline","target_075","dif_form_clean_items","successful_only",32,3200,3200,0,116,4940,76500,300,76800,0.00390625,0.0645751633986928,0.000857189362132874,0.0628951031209815,0.0662552236764041,0.749934847060579,0.000833392756004057,0.063020927749805,0.0661902404375315
"baseline","target_075","dif_form_clean_items","failures_as_nonrejections",32,3200,3200,0,116,4940,76500,300,76800,0.00390625,0.0643229166666667,0.000854388543773505,0.062648345892067,0.0659974874412664,0.749934847060579,0.000831487640687418,0.0627604166666667,0.0659378255208333
"impact","target_075","dif_form_clean_items","successful_only",32,3200,3200,0,124,18312,76467,333,76800,0.0043359375,0.239475852328455,0.00129095790639788,0.236945621326358,0.242006083330552,0.749934847060579,0.0012975935120733,0.236976725939712,0.242153468571017
"impact","target_075","dif_form_clean_items","failures_as_nonrejections",32,3200,3200,0,124,18312,76467,333,76800,0.0043359375,0.2384375,0.00128221905847243,0.235924396825103,0.240950603174897,0.749934847060579,0.00128492072201498,0.2359375,0.2411591796875
"logodds","target_075","dif_form_clean_items","successful_only",32,3200,3200,0,118,6158,76497,303,76800,0.0039453125,0.0804998888845314,0.000940929707162494,0.0786557005465091,0.0823440772225537,0.749934847060579,0.000917625095067786,0.0787352702526618,0.0822757652931194
"logodds","target_075","dif_form_clean_items","failures_as_nonrejections",32,3200,3200,0,118,6158,76497,303,76800,0.0039453125,0.0801822916666667,0.000939082427469421,0.0783417239303122,0.0820228594030212,0.749934847060579,0.000915627408555436,0.0784505208333333,0.0819791666666667
"purified","target_075","dif_form_clean_items","successful_only",32,3200,3200,0,116,3424,76501,299,76800,0.00389322916666667,0.0447575848681717,0.000759381316768576,0.0432692248367726,0.0462459448995707,0.749934847060579,0.000741290272516062,0.0432850616562627,0.0461903018480891
"purified","target_075","dif_form_clean_items","failures_as_nonrejections",32,3200,3200,0,116,3424,76501,299,76800,0.00389322916666667,0.0445833333333333,0.000756753288809145,0.0431001241420852,0.0460665425245815,0.749934847060579,0.000738942965864849,0.043125,0.046015625
"baseline","target_090","dif_form_clean_items","successful_only",32,3200,3185,15,325,10427,75672,888,76560,0.0115987460815047,0.137792049899567,0.00108360645478842,0.135668220274766,0.139915879524367,0.899978145966545,0.00107378685738659,0.135725806580323,0.139814333109102
"baseline","target_090","dif_form_clean_items","failures_as_nonrejections",32,3200,3185,15,325,10427,75672,888,76560,0.0115987460815047,0.136193834900731,0.00107760678303104,0.134081764416495,0.138305905384968,0.899978145966545,0.00107005333705372,0.134130046352213,0.138241746761387
"impact","target_090","dif_form_clean_items","successful_only",32,3200,3185,15,338,24546,75601,959,76560,0.0125261233019854,0.324678244996759,0.00134241552080828,0.322047158923687,0.327309331069831,0.899978145966545,0.00133901468188773,0.322077688762013,0.327345337618512
"impact","target_090","dif_form_clean_items","failures_as_nonrejections",32,3200,3185,15,338,24546,75601,959,76560,0.0125261233019854,0.320611285266458,0.00131805716344549,0.31802794069654,0.323194629836376,0.899978145966545,0.00131458232250972,0.31805957967066,0.323154395492935
"logodds","target_090","dif_form_clean_items","successful_only",32,3200,3185,15,320,6224,75673,887,76560,0.011585684430512,0.082248622362005,0.000933074150250563,0.0804198306326085,0.0840774140914014,0.899978145966545,0.000925172576565495,0.0805417573361842,0.0841107104926045
"logodds","target_090","dif_form_clean_items","failures_as_nonrejections",32,3200,3185,15,320,6224,75673,887,76560,0.011585684430512,0.0812957157784744,0.000931452846938758,0.0794701017451771,0.0831213298117717,0.899978145966545,0.000923594380267034,0.0795620519255566,0.083111479261464
"purified","target_090","dif_form_clean_items","successful_only",32,3200,3185,15,337,3501,75591,969,76560,0.0126567398119122,0.0463150375044648,0.000786153903187493,0.0447742041679117,0.0478558708410179,0.899978145966545,0.000792839683761814,0.0447662204820035,0.0479427664000161
"purified","target_090","dif_form_clean_items","failures_as_nonrejections",32,3200,3185,15,337,3501,75591,969,76560,0.0126567398119122,0.0457288401253918,0.000778273909126912,0.0442034512933959,0.0472542289573878,0.899978145966545,0.000785149476623421,0.0442005476242354,0.0473094585616871
"baseline","uncontrolled","dif_form_clean_items","successful_only",32,3200,3200,0,81,6677,76669,131,76800,0.00170572916666667,0.0870886538235793,0.000967362843806849,0.0851926574897356,0.088984650157423,0.813418828196995,0.00096582245656961,0.0852088448491595,0.0889034931647079
"baseline","uncontrolled","dif_form_clean_items","failures_as_nonrejections",32,3200,3200,0,81,6677,76669,131,76800,0.00170572916666667,0.0869401041666667,0.000966964973634991,0.0850448876440304,0.088835320689303,0.813418828196995,0.000964619648221601,0.0850520833333333,0.0887760416666667
"impact","uncontrolled","dif_form_clean_items","successful_only",32,3200,3200,0,94,20438,76654,146,76800,0.00190104166666667,0.266626660056879,0.00129537366976894,0.26408777431761,0.269165545796148,0.813418828196995,0.00130135142538297,0.26419597174512,0.269289432607325
"impact","uncontrolled","dif_form_clean_items","failures_as_nonrejections",32,3200,3200,0,94,20438,76654,146,76800,0.00190104166666667,0.266119791666667,0.00129384361555537,0.263583904778551,0.268655678554782,0.813418828196995,0.00129675356752191,0.2636845703125,0.268789388020833
"logodds","uncontrolled","dif_form_clean_items","successful_only",32,3200,3200,0,81,6577,76670,130,76800,0.00169270833333333,0.0857832268162254,0.000952371776841858,0.0839166124337229,0.0876498411987278,0.813418828196995,0.00095221037904192,0.0839253889239042,0.0876920724058302
"logodds","uncontrolled","dif_form_clean_items","failures_as_nonrejections",32,3200,3200,0,81,6577,76670,130,76800,0.00169270833333333,0.0856380208333333,0.000951734399527775,0.083772655687411,0.0875033859792556,0.813418828196995,0.000950643866321029,0.0837760416666667,0.0875390625
"purified","uncontrolled","dif_form_clean_items","successful_only",32,3200,3200,0,80,3570,76671,129,76800,0.0016796875,0.0465625855929882,0.000784352530382641,0.0450252828822554,0.0480998883037211,0.813418828196995,0.00079757016964696,0.0450086282192318,0.0481208274831782
"purified","uncontrolled","dif_form_clean_items","failures_as_nonrejections",32,3200,3200,0,80,3570,76671,129,76800,0.0016796875,0.046484375,0.000783183196684501,0.0449493641412014,0.0480193858587986,0.813418828196995,0.000796396384349496,0.0449475911458333,0.048046875
"baseline","target_060","null_clean","successful_only",32,3200,3200,0,43,4150,95904,96,96000,0.001,0.0432724391057724,0.000652189211960116,0.041994171739225,0.0445507064723198,0.59992992553866,0.000646953583326938,0.042035257435049,0.0445339223265942
"baseline","target_060","null_clean","failures_as_nonrejections",32,3200,3200,0,43,4150,95904,96,96000,0.001,0.0432291666666667,0.000651618221136213,0.0419520184215696,0.0445063149117637,0.59992992553866,0.000646535033495922,0.0419893229166667,0.04448984375
"impact","target_060","null_clean","successful_only",32,3200,3200,0,49,14225,95888,112,96000,0.00116666666666667,0.148350158518271,0.00102221274934799,0.146346658345012,0.150353658691531,0.59992992553866,0.00100271610825303,0.146391721924416,0.150349392298369
"impact","target_060","null_clean","failures_as_nonrejections",32,3200,3200,0,49,14225,95888,112,96000,0.00116666666666667,0.148177083333333,0.00101993052138289,0.14617805624469,0.150176110421977,0.59992992553866,0.000999414737522947,0.14622890625,0.15015625
"logodds","target_060","null_clean","successful_only",32,3200,3200,0,43,4150,95904,96,96000,0.001,0.0432724391057724,0.000652189211960116,0.041994171739225,0.0445507064723198,0.59992992553866,0.000646953583326938,0.042035257435049,0.0445339223265942
"logodds","target_060","null_clean","failures_as_nonrejections",32,3200,3200,0,43,4150,95904,96,96000,0.001,0.0432291666666667,0.000651618221136213,0.0419520184215696,0.0445063149117637,0.59992992553866,0.000646535033495922,0.0419893229166667,0.04448984375
"purified","target_060","null_clean","successful_only",32,3200,3200,0,42,4113,95904,96,96000,0.001,0.0428866366366366,0.000647366790462224,0.0416178210425434,0.0441554522307299,0.59992992553866,0.000642110084442019,0.0416370568803173,0.0441273703716998
"purified","target_060","null_clean","failures_as_nonrejections",32,3200,3200,0,42,4113,95904,96,96000,0.001,0.04284375,0.000646761816290808,0.0415761201334943,0.0441113798665057,0.59992992553866,0.00064165570930538,0.0415934895833333,0.0440940104166667
"baseline","target_075","null_clean","successful_only",32,3200,3200,0,119,4083,95667,333,96000,0.00346875,0.04267929380037,0.000658284620830339,0.041389079651966,0.0439695079487741,0.749934847060579,0.000650100528934179,0.0414233825933229,0.0439427652212632
"baseline","target_075","null_clean","failures_as_nonrejections",32,3200,3200,0,119,4083,95667,333,96000,0.00346875,0.04253125,0.000656328491912194,0.0412448697938246,0.0438176302061754,0.749934847060579,0.000648175342141539,0.04128125,0.0437916666666667
"impact","target_075","null_clean","successful_only",32,3200,3199,0,124,12829,95631,369,96000,0.00384375,0.134151059802784,0.000963600681360659,0.132262437171838,0.136039682433729,0.749934847060579,0.000970003942185953,0.1323296399844,0.136098011710864
"impact","target_075","null_clean","failures_as_nonrejections",32,3200,3200,0,124,12829,95631,369,96000,0.00384375,0.133635416666667,0.000953144692396521,0.131767287397514,0.135503545935819,0.749934847060579,0.000960985485490021,0.13182265625,0.135594010416667
"logodds","target_075","null_clean","successful_only",32,3200,3200,0,119,4083,95667,333,96000,0.00346875,0.04267929380037,0.000658284620830339,0.041389079651966,0.0439695079487741,0.749934847060579,0.000650100528934179,0.0414233825933229,0.0439427652212632
"logodds","target_075","null_clean","failures_as_nonrejections",32,3200,3200,0,119,4083,95667,333,96000,0.00346875,0.04253125,0.000656328491912194,0.0412448697938246,0.0438176302061754,0.749934847060579,0.000648175342141539,0.04128125,0.0437916666666667
"purified","target_075","null_clean","successful_only",32,3200,3200,0,118,4083,95670,330,96000,0.0034375,0.0426779554719348,0.000654762994650865,0.0413946435840095,0.0439612673598601,0.749934847060579,0.000641954201947833,0.0414801990164043,0.0439263550323721
"purified","target_075","null_clean","failures_as_nonrejections",32,3200,3200,0,118,4083,95670,330,96000,0.0034375,0.04253125,0.000652728244682061,0.0412519261487311,0.0438105738512689,0.749934847060579,0.000639852683829222,0.0413229166666667,0.0437708333333333
"baseline","target_090","null_clean","successful_only",32,3200,3185,15,320,3980,94740,960,95700,0.0100313479623824,0.0420097107874182,0.000649968537887628,0.0407357958620743,0.0432836257127621,0.899978145966545,0.000658045866752617,0.0407315724792118,0.0432409920476543
"baseline","target_090","null_clean","failures_as_nonrejections",32,3200,3185,15,320,3980,94740,960,95700,0.0100313479623824,0.0415882967607106,0.000645238238012006,0.0403236530527589,0.0428529404686622,0.899978145966545,0.000653685272159639,0.0403170518136415,0.0428246885151921
"impact","target_090","null_clean","successful_only",32,3200,3185,15,342,9244,94644,1056,95700,0.0110344827586207,0.097671273403491,0.000932079349070209,0.0958444314485798,0.0994981153584021,0.899978145966545,0.000897671372733752,0.09593515272953,0.0994479413735108
"impact","target_090","null_clean","failures_as_nonrejections",32,3200,3185,15,342,9244,94644,1056,95700,0.0110344827586207,0.0965935214211076,0.000904437119509507,0.0948208572405878,0.0983661856016274,0.899978145966545,0.000874647198853752,0.0948880980035525,0.0983488891668182
"logodds","target_090","null_clean","successful_only",32,3200,3185,15,320,3980,94740,960,95700,0.0100313479623824,0.0420097107874182,0.000649968537887628,0.0407357958620743,0.0432836257127621,0.899978145966545,0.000658045866752617,0.0407315724792118,0.0432409920476543
"logodds","target_090","null_clean","failures_as_nonrejections",32,3200,3185,15,320,3980,94740,960,95700,0.0100313479623824,0.0415882967607106,0.000645238238012006,0.0403236530527589,0.0428529404686622,0.899978145966545,0.000653685272159639,0.0403170518136415,0.0428246885151921
"purified","target_090","null_clean","successful_only",32,3200,3185,15,325,3951,94730,970,95700,0.0101358411703239,0.0417080122453288,0.000647587761605912,0.0404387635557523,0.0429772609349053,0.899978145966545,0.00065180268687304,0.0403724159193293,0.0429881180409414
"purified","target_090","null_clean","failures_as_nonrejections",32,3200,3185,15,325,3951,94730,970,95700,0.0101358411703239,0.0412852664576802,0.000642864088869671,0.0400252759965415,0.042545256918819,0.899978145966545,0.000646644333853588,0.039956001170429,0.0425523123994291
"baseline","uncontrolled","null_clean","successful_only",32,3200,3200,0,83,4153,95860,140,96000,0.00145833333333333,0.0433235969121636,0.000657628508899597,0.0420346687195136,0.0446125251048136,0.813418828196995,0.00066622871580643,0.0420412441455142,0.0446400703831615
"baseline","uncontrolled","null_clean","failures_as_nonrejections",32,3200,3200,0,83,4153,95860,140,96000,0.00145833333333333,0.0432604166666667,0.000656750851042553,0.0419732086518072,0.0445476246815261,0.813418828196995,0.000665464500370403,0.04196875,0.04458359375
"impact","uncontrolled","null_clean","successful_only",32,3200,3200,0,94,11378,95844,156,96000,0.001625,0.118713743165978,0.00091951369282478,0.11691152944475,0.120515956887206,0.813418828196995,0.000902328842948208,0.116964474059204,0.120471212698255
"impact","uncontrolled","null_clean","failures_as_nonrejections",32,3200,3200,0,94,11378,95844,156,96000,0.001625,0.118520833333333,0.000915849660779755,0.116725800982952,0.120315865683715,0.813418828196995,0.000898631507362603,0.11678125,0.120281510416667
"logodds","uncontrolled","null_clean","successful_only",32,3200,3200,0,83,4153,95860,140,96000,0.00145833333333333,0.0433235969121636,0.000657628508899597,0.0420346687195136,0.0446125251048136,0.813418828196995,0.00066622871580643,0.0420412441455142,0.0446400703831615
"logodds","uncontrolled","null_clean","failures_as_nonrejections",32,3200,3200,0,83,4153,95860,140,96000,0.00145833333333333,0.0432604166666667,0.000656750851042553,0.0419732086518072,0.0445476246815261,0.813418828196995,0.000665464500370403,0.04196875,0.04458359375
"purified","uncontrolled","null_clean","successful_only",32,3200,3200,0,84,4101,95861,139,96000,0.00144791666666667,0.0427806928782299,0.000642394175975905,0.0415216234294389,0.044039762327021,0.813418828196995,0.000648316737195962,0.0415269267724792,0.0440851931272955
"purified","uncontrolled","null_clean","failures_as_nonrejections",32,3200,3200,0,84,4101,95861,139,96000,0.00144791666666667,0.04271875,0.00064155354642625,0.0414613281548506,0.0439761718451494,0.813418828196995,0.000647484618812648,0.0414578125,0.0440208333333333
"baseline","target_060","power","successful_only",32,3200,3200,0,4,8229,19194,6,19200,0.0003125,0.428727727414817,0.00320245291909442,0.422451035031207,0.435004419798427,0.59992992553866,0.00325260498571807,0.422623808399192,0.435022885513443
"baseline","target_060","power","failures_as_nonrejections",32,3200,3200,0,4,8229,19194,6,19200,0.0003125,0.42859375,0.00320276676536912,0.422316442488995,0.434871057511005,0.59992992553866,0.00325252653996205,0.422447916666667,0.434947916666667
"impact","target_060","power","successful_only",32,3200,3200,0,5,2737,19193,7,19200,0.000364583333333333,0.142604074402126,0.00240731271256198,0.137885828185979,0.147322320618273,0.59992992553866,0.00241230103433792,0.137826631559335,0.147176812636944
"impact","target_060","power","failures_as_nonrejections",32,3200,3200,0,5,2737,19193,7,19200,0.000364583333333333,0.142552083333333,0.00240652009211929,0.137835390624708,0.147268776041959,0.59992992553866,0.00241182497814956,0.137811197916667,0.147135416666667
"logodds","target_060","power","successful_only",32,3200,3200,0,6,16826,19192,8,19200,0.000416666666666667,0.876719466444352,0.00232275640575537,0.872166947544212,0.881271985344492,0.59992992553866,0.00236964506349886,0.872055117891688,0.88127794451315
"logodds","target_060","power","failures_as_nonrejections",32,3200,3200,0,6,16826,19192,8,19200,0.000416666666666667,0.876354166666667,0.00234227062364337,0.87176340060228,0.880944932731054,0.59992992553866,0.00238660403910763,0.871666666666667,0.880885416666667
"purified","target_060","power","successful_only",32,3200,3200,0,6,8824,19191,9,19200,0.00046875,0.459798864050857,0.0034621505077304,0.453013173746649,0.466584554355066,0.59992992553866,0.00348693793894741,0.453114275610564,0.466364961643117
"purified","target_060","power","failures_as_nonrejections",32,3200,3200,0,6,8824,19191,9,19200,0.00046875,0.459583333333333,0.00346205107510056,0.452797837913498,0.466368828753169,0.59992992553866,0.00348555980995654,0.452916666666667,0.466095052083333
"baseline","target_075","power","successful_only",32,3200,3200,0,17,11883,19176,24,19200,0.00125,0.61968085106383,0.00312231422286942,0.613561227638589,0.625800474489071,0.749934847060579,0.00318651086357828,0.613428124143998,0.625835212523159
"baseline","target_075","power","failures_as_nonrejections",32,3200,3200,0,17,11883,19176,24,19200,0.00125,0.61890625,0.0031290176544456,0.612773488090297,0.625039011909703,0.749934847060579,0.00318838174162968,0.61265625,0.62494921875
"impact","target_075","power","successful_only",32,3200,3200,0,19,6793,19174,26,19200,0.00135416666666667,0.354281839991655,0.00312249035625073,0.34816187135133,0.36040180863198,0.749934847060579,0.00309384917012726,0.348124962479839,0.360275377992096
"impact","target_075","power","failures_as_nonrejections",32,3200,3200,0,19,6793,19174,26,19200,0.00135416666666667,0.353802083333333,0.00312238158400006,0.347682327882702,0.359921838783965,0.749934847060579,0.0030931541866966,0.347654947916667,0.359845052083333
"logodds","target_075","power","successful_only",32,3200,3200,0,19,15606,19174,26,19200,0.00135416666666667,0.813914676123918,0.00284847346896612,0.808331770713826,0.819497581534009,0.749934847060579,0.00286049158784707,0.808062170848039,0.819470647828218
"logodds","target_075","power","failures_as_nonrejections",32,3200,3200,0,19,15606,19174,26,19200,0.00135416666666667,0.8128125,0.00290533362180392,0.807118150738191,0.818506849261809,0.749934847060579,0.00290887826762531,0.806875,0.818385416666667
"purified","target_075","power","successful_only",32,3200,3200,0,17,12806,19175,25,19200,0.00130208333333333,0.667848761408083,0.0033277235182249,0.661326543161856,0.674370979654311,0.749934847060579,0.00339292415834085,0.660944009557202,0.674368674809631
"purified","target_075","power","failures_as_nonrejections",32,3200,3200,0,17,12806,19175,25,19200,0.00130208333333333,0.666979166666667,0.00333584777322971,0.660441025173228,0.673517308160105,0.749934847060579,0.0033964649314916,0.659947916666667,0.673645833333333
"baseline","target_090","power","successful_only",32,3200,3185,15,36,16597,19088,52,19140,0.00271682340647858,0.869499161777033,0.00225132272093621,0.865086650326421,0.873911673227644,0.899978145966545,0.00224365127777813,0.865167333655224,0.874062631904181
"baseline","target_090","power","failures_as_nonrejections",32,3200,3185,15,36,16597,19088,52,19140,0.00271682340647858,0.867136886102403,0.00235573315829068,0.862519733954967,0.87175403824984,0.899978145966545,0.00234123246615203,0.862661606383132,0.871808287986605
"impact","target_090","power","successful_only",32,3200,3185,15,48,15116,19072,68,19140,0.00355276907001045,0.792575503355705,0.0027818682756298,0.787123141725736,0.798027864985674,0.899978145966545,0.00272027744865707,0.787379559136911,0.797931066083635
"impact","target_090","power","failures_as_nonrejections",32,3200,3185,15,48,15116,19072,68,19140,0.00355276907001045,0.789759665621735,0.00288319516918869,0.784108706929725,0.795410624313744,0.899978145966545,0.00281882015507105,0.784266020538959,0.795198338224557
"logodds","target_090","power","successful_only",32,3200,3185,15,48,12091,19072,68,19140,0.00355276907001045,0.633966023489933,0.00348722137348592,0.627131195191782,0.640800851788084,0.899978145966545,0.0035075336554233,0.627078748532075,0.640693054466172
"logodds","target_090","power","failures_as_nonrejections",32,3200,3185,15,48,12091,19072,68,19140,0.00355276907001045,0.63171368861024,0.00355661737644298,0.624742846645623,0.638684530574858,0.899978145966545,0.00356153389413376,0.624606848943684,0.638663345674172
"purified","target_090","power","successful_only",32,3200,3184,15,46,17377,19067,73,19140,0.00381400208986416,0.911365185923323,0.00211826823092925,0.907213456481106,0.91551691536554,0.899978145966545,0.0021071484307185,0.907280065186014,0.915591325452132
"purified","target_090","power","failures_as_nonrejections",32,3200,3185,15,46,17377,19067,73,19140,0.00381400208986416,0.907889237199582,0.00228533682497228,0.903410059330093,0.912368415069071,0.899978145966545,0.00225232853646681,0.903483603896487,0.912229793233083
"baseline","uncontrolled","power","successful_only",32,3200,3200,0,5,14631,19195,5,19200,0.000260416666666667,0.762229747330034,0.00284787481808093,0.756648015254117,0.767811479405951,0.813418828196995,0.00292174569228486,0.756682088882763,0.767986185277966
"baseline","uncontrolled","power","failures_as_nonrejections",32,3200,3200,0,5,14631,19195,5,19200,0.000260416666666667,0.76203125,0.00285681530162147,0.756431994898339,0.767630505101661,0.813418828196995,0.002929851831726,0.75640625,0.767813802083333
"impact","uncontrolled","power","successful_only",32,3200,3200,0,9,10743,19191,9,19200,0.00046875,0.559793653274973,0.00346763681977278,0.552997209996753,0.566590096553192,0.813418828196995,0.00349926396433124,0.552948319543123,0.566494267847837
"impact","uncontrolled","power","failures_as_nonrejections",32,3200,3200,0,9,10743,19191,9,19200,0.00046875,0.55953125,0.00347359900103503,0.552723121061237,0.566339378938763,0.813418828196995,0.0035019119651047,0.552604166666667,0.566147135416667
"logodds","uncontrolled","power","successful_only",32,3200,3200,0,6,14820,19194,6,19200,0.0003125,0.772116286339481,0.00289885359165639,0.76643463770338,0.777797934975582,0.813418828196995,0.00289143897207515,0.766461544416967,0.777598332899192
"logodds","uncontrolled","power","failures_as_nonrejections",32,3200,3200,0,6,14820,19194,6,19200,0.0003125,0.771875,0.00290700246253762,0.766177379870457,0.777572620129543,0.813418828196995,0.00289941216103069,0.766197916666667,0.777395833333333
"purified","uncontrolled","power","successful_only",32,3200,3200,0,5,15615,19195,5,19200,0.000260416666666667,0.813493097160719,0.00289123302462336,0.807826384561544,0.819159809759894,0.813418828196995,0.00296751140338524,0.807699822028455,0.81935677953451
"purified","uncontrolled","power","failures_as_nonrejections",32,3200,3200,0,5,15615,19195,5,19200,0.000260416666666667,0.81328125,0.00290133676504475,0.80759473443349,0.81896776556651,0.813418828196995,0.00297461030454198,0.807498697916667,0.819166666666667
