"variant","model","arm","impact_mean_focal","median_theta_shift","median_linear_predictor_shift","median_conditional_logodds_2pl_only","median_ets_delta_2pl_only","effect_definition_id"
"baseline","2pl","target_060",0,0.5,0.228423885320535,0.228423885320535,0.536796130503257,"2pl_fixed_theta_shift_0p5"
"impact","2pl","target_060",0.5,0.5,0.228423885320535,0.228423885320535,0.536796130503257,"2pl_fixed_theta_shift_0p5"
"logodds","2pl","target_060",0,1.13005408437332,0.5,0.5,1.175,"2pl_fixed_conditional_logodds_and_lp_0p5"
"purified","2pl","target_060",0,0.5,0.228423885320535,0.228423885320535,0.536796130503257,"2pl_fixed_theta_shift_0p5"
"baseline","3pl_g20","target_060",0,0.5,0.29876845348724,NA,NA,"3pl_fixed_theta_shift_0p5"
"impact","3pl_g20","target_060",0.5,0.5,0.29876845348724,NA,NA,"3pl_fixed_theta_shift_0p5"
"logodds","3pl_g20","target_060",0,0.872244097478381,0.5,NA,NA,"3pl_fixed_linear_predictor_0p5"
"purified","3pl_g20","target_060",0,0.5,0.29876845348724,NA,NA,"3pl_fixed_theta_shift_0p5"
"baseline","2pl","target_075",0,0.5,0.348482485077231,0.348482485077231,0.818933839931493,"2pl_fixed_theta_shift_0p5"
"impact","2pl","target_075",0.5,0.5,0.348482485077231,0.348482485077231,0.818933839931493,"2pl_fixed_theta_shift_0p5"
"logodds","2pl","target_075",0,0.750102193317207,0.5,0.5,1.175,"2pl_fixed_conditional_logodds_and_lp_0p5"
"purified","2pl","target_075",0,0.5,0.348482485077231,0.348482485077231,0.818933839931493,"2pl_fixed_theta_shift_0p5"
"baseline","3pl_g20","target_075",0,0.5,0.477975108749716,NA,NA,"3pl_fixed_theta_shift_0p5"
"impact","3pl_g20","target_075",0.5,0.5,0.477975108749716,NA,NA,"3pl_fixed_theta_shift_0p5"
"logodds","3pl_g20","target_075",0,0.550785198601477,0.5,NA,NA,"3pl_fixed_linear_predictor_0p5"
"purified","3pl_g20","target_075",0,0.5,0.477975108749716,NA,NA,"3pl_fixed_theta_shift_0p5"
"baseline","2pl","target_090",0,0.5,0.760321194413608,0.760321194413608,1.78675480687198,"2pl_fixed_theta_shift_0p5"
"impact","2pl","target_090",0.5,0.5,0.760321194413608,0.760321194413608,1.78675480687198,"2pl_fixed_theta_shift_0p5"
"logodds","2pl","target_090",0,0.347295805182155,0.5,0.5,1.175,"2pl_fixed_conditional_logodds_and_lp_0p5"
"purified","2pl","target_090",0,0.5,0.760321194413608,0.760321194413608,1.78675480687198,"2pl_fixed_theta_shift_0p5"
"baseline","3pl_g20","target_090",0,0.5,1.12486157266156,NA,NA,"3pl_fixed_theta_shift_0p5"
"impact","3pl_g20","target_090",0.5,0.5,1.12486157266156,NA,NA,"3pl_fixed_theta_shift_0p5"
"logodds","3pl_g20","target_090",0,0.233920070476623,0.5,NA,NA,"3pl_fixed_linear_predictor_0p5"
"purified","3pl_g20","target_090",0,0.5,1.12486157266156,NA,NA,"3pl_fixed_theta_shift_0p5"
"baseline","2pl","uncontrolled",0,0.5,0.515345615977047,0.515345615977047,1.21106219754606,"2pl_fixed_theta_shift_0p5"
"impact","2pl","uncontrolled",0.5,0.5,0.515345615977047,0.515345615977047,1.21106219754606,"2pl_fixed_theta_shift_0p5"
"logodds","2pl","uncontrolled",0,0.505411973726039,0.5,0.5,1.175,"2pl_fixed_conditional_logodds_and_lp_0p5"
"purified","2pl","uncontrolled",0,0.5,0.515345615977047,0.515345615977047,1.21106219754606,"2pl_fixed_theta_shift_0p5"
"baseline","3pl_g20","uncontrolled",0,0.5,0.520188287648837,NA,NA,"3pl_fixed_theta_shift_0p5"
"impact","3pl_g20","uncontrolled",0.5,0.5,0.520188287648837,NA,NA,"3pl_fixed_theta_shift_0p5"
"logodds","3pl_g20","uncontrolled",0,0.500637976042638,0.5,NA,NA,"3pl_fixed_linear_predictor_0p5"
"purified","3pl_g20","uncontrolled",0,0.5,0.520188287648837,NA,NA,"3pl_fixed_theta_shift_0p5"
