"arm","kind","n_cells","median_realized_rho","min_realized_rho","max_realized_rho","n_mh_successful","n_mh_failed","n_mh_attempted","mh_failure_rate","rate_mh_successful_only","rate_mh_failures_as_nonrejections","rate_lr","precision_status"
"target_060","dif_form_clean_items",32,0.599944875861801,0.599204095309812,0.600873921574646,767166,818,767984,0.0010651263567991,0.0496698237408853,0.0496169191024813,0.0578741891515052,"point_estimate_only_form_cluster_records_not_retained"
"target_075","dif_form_clean_items",32,0.74993299161004,0.749018824610302,0.751017341703157,765074,2766,767840,0.00360231298187122,0.0642787495065837,0.0640471973327777,0.0755221288625131,"point_estimate_only_form_cluster_records_not_retained"
"uncontrolled","dif_form_clean_items",32,0.813854682922362,0.705287479733437,0.889398433103071,766589,1411,768000,0.00183723958333333,0.0867179153366406,0.08655859375,0.100403176924671,"point_estimate_only_form_cluster_records_not_retained"
"target_090","dif_form_clean_items",32,0.899925805294872,0.899231693168842,0.900676684695522,756538,9478,766016,0.0123731097000585,0.138490069236443,0.136776516417412,0.158043222905266,"point_estimate_only_form_cluster_records_not_retained"
"target_060","null_clean",32,0.599944875861801,0.599204095309812,0.600873921574646,767156,828,767984,0.00107814746140545,0.0434096846013066,0.0433628825600533,0.0501154535788003,"point_estimate_only_form_cluster_records_not_retained"
"target_075","null_clean",32,0.74993299161004,0.749018824610302,0.751017341703157,765069,2771,767840,0.00360882475515732,0.0432065604540244,0.0430506355490727,0.0505138081869818,"point_estimate_only_form_cluster_records_not_retained"
"uncontrolled","null_clean",32,0.813854682922362,0.705287479733437,0.889398433103071,766598,1402,768000,0.00182552083333333,0.0428216614183705,0.0427434895833333,0.050829296779273,"point_estimate_only_form_cluster_records_not_retained"
"target_090","null_clean",32,0.899925805294872,0.899231693168842,0.900676684695522,756497,9519,766016,0.0124266333862478,0.0420266042033214,0.0415043550004177,0.0511015399543063,"point_estimate_only_form_cluster_records_not_retained"
"target_060","null_planted_position",32,0.599944875861801,0.599204095309812,0.600873921574646,191924,72,191996,0.000375007812662764,0.0430587107396678,0.0430425633867372,0.0498361543951779,"point_estimate_only_form_cluster_records_not_retained"
"target_075","null_planted_position",32,0.74993299161004,0.749018824610302,0.751017341703157,191727,233,191960,0.00121379454052928,0.0434680561423274,0.0434152948530944,0.0503399445243905,"point_estimate_only_form_cluster_records_not_retained"
"uncontrolled","null_planted_position",32,0.813854682922362,0.705287479733437,0.889398433103071,191944,56,192000,0.000291666666666667,0.0426478556245572,0.0426354166666667,0.049897641855886,"point_estimate_only_form_cluster_records_not_retained"
"target_090","null_planted_position",32,0.899925805294872,0.899231693168842,0.900676684695522,190652,852,191504,0.00444899323251734,0.041735727923127,0.0415500459520428,0.0502430693795445,"point_estimate_only_form_cluster_records_not_retained"
"target_060","power",32,0.599944875861801,0.599204095309812,0.600873921574646,191939,57,191996,0.000296881185024688,0.423764841954996,0.423639034146545,0.441831631589915,"point_estimate_only_form_cluster_records_not_retained"
"target_075","power",32,0.74993299161004,0.749018824610302,0.751017341703157,191757,203,191960,0.00105751198166285,0.618715353285669,0.61806105438633,0.637179721099961,"point_estimate_only_form_cluster_records_not_retained"
"uncontrolled","power",32,0.813854682922362,0.705287479733437,0.889398433103071,191956,44,192000,0.000229166666666667,0.762346579424451,0.762171875,0.778669097538742,"point_estimate_only_form_cluster_records_not_retained"
"target_090","power",32,0.899925805294872,0.899231693168842,0.900676684695522,190827,677,191504,0.00353517420001671,0.87435216190581,0.871261174701312,0.885221352462235,"point_estimate_only_form_cluster_records_not_retained"
