"variant","arm","item_kind","n_form_clusters","n_mh_successful","n_mh_failed","n_mh_attempted","mh_failure_rate","n_forms_with_any_failure","n_forms_unreachable","n_reached_forms_with_all_mh_tests_failed","successful_only_rate","failures_as_nonrejections_rate","sensitivity_shift"
"baseline","target_060","dif_form_clean_items",3200,76711,89,76800,0.00115885416666667,43,0,0,0.0485719127634889,0.048515625,-5.62877634889408e-05
"impact","target_060","dif_form_clean_items",3200,76696,104,76800,0.00135416666666667,49,0,0,0.206594868050485,0.206315104166667,-0.00027976388381834
"logodds","target_060","dif_form_clean_items",3200,76711,89,76800,0.00115885416666667,43,0,0,0.0670308039264252,0.066953125,-7.76789264251565e-05
"purified","target_060","dif_form_clean_items",3200,76706,94,76800,0.00122395833333333,43,0,0,0.043321252574766,0.0432682291666667,-5.30234080993244e-05
"baseline","target_075","dif_form_clean_items",3200,76500,300,76800,0.00390625,116,0,0,0.0645751633986928,0.0643229166666667,-0.000252246732026146
"impact","target_075","dif_form_clean_items",3200,76467,333,76800,0.0043359375,124,0,0,0.239475852328455,0.2384375,-0.00103835232845542
"logodds","target_075","dif_form_clean_items",3200,76497,303,76800,0.0039453125,118,0,0,0.0804998888845314,0.0801822916666667,-0.000317597217864757
"purified","target_075","dif_form_clean_items",3200,76501,299,76800,0.00389322916666667,116,0,0,0.0447575848681717,0.0445833333333333,-0.00017425153483832
"baseline","target_090","dif_form_clean_items",3200,75672,888,76560,0.0115987460815047,325,15,0,0.137792049899567,0.136193834900731,-0.00159821499883511
"impact","target_090","dif_form_clean_items",3200,75601,959,76560,0.0125261233019854,338,15,0,0.324678244996759,0.320611285266458,-0.00406695973030163
"logodds","target_090","dif_form_clean_items",3200,75673,887,76560,0.011585684430512,320,15,0,0.082248622362005,0.0812957157784744,-0.000952906583530547
"purified","target_090","dif_form_clean_items",3200,75591,969,76560,0.0126567398119122,337,15,0,0.0463150375044648,0.0457288401253918,-0.000586197379072971
"baseline","uncontrolled","dif_form_clean_items",3200,76669,131,76800,0.00170572916666667,81,0,0,0.0870886538235793,0.0869401041666667,-0.000148549656912605
"impact","uncontrolled","dif_form_clean_items",3200,76654,146,76800,0.00190104166666667,94,0,0,0.266626660056879,0.266119791666667,-0.000506868390212301
"logodds","uncontrolled","dif_form_clean_items",3200,76670,130,76800,0.00169270833333333,81,0,0,0.0857832268162254,0.0856380208333333,-0.000145205982892055
"purified","uncontrolled","dif_form_clean_items",3200,76671,129,76800,0.0016796875,80,0,0,0.0465625855929882,0.046484375,-7.82105929882232e-05
"baseline","target_060","null_clean",3200,95904,96,96000,0.001,43,0,0,0.0432724391057724,0.0432291666666667,-4.32724391057765e-05
"impact","target_060","null_clean",3200,95888,112,96000,0.00116666666666667,49,0,0,0.148350158518271,0.148177083333333,-0.000173075184938004
"logodds","target_060","null_clean",3200,95904,96,96000,0.001,43,0,0,0.0432724391057724,0.0432291666666667,-4.32724391057765e-05
"purified","target_060","null_clean",3200,95904,96,96000,0.001,42,0,0,0.0428866366366366,0.04284375,-4.28866366366382e-05
"baseline","target_075","null_clean",3200,95667,333,96000,0.00346875,119,0,0,0.04267929380037,0.04253125,-0.000148043800370035
"impact","target_075","null_clean",3200,95631,369,96000,0.00384375,124,0,1,0.134151059802784,0.133635416666667,-0.000515643136116933
"logodds","target_075","null_clean",3200,95667,333,96000,0.00346875,119,0,0,0.04267929380037,0.04253125,-0.000148043800370035
"purified","target_075","null_clean",3200,95670,330,96000,0.0034375,118,0,0,0.0426779554719348,0.04253125,-0.000146705471934773
"baseline","target_090","null_clean",3200,94740,960,95700,0.0100313479623824,320,15,0,0.0420097107874182,0.0415882967607106,-0.000421414026707645
"impact","target_090","null_clean",3200,94644,1056,95700,0.0110344827586207,342,15,0,0.097671273403491,0.0965935214211076,-0.00107775198238336
"logodds","target_090","null_clean",3200,94740,960,95700,0.0100313479623824,320,15,0,0.0420097107874182,0.0415882967607106,-0.000421414026707645
"purified","target_090","null_clean",3200,94730,970,95700,0.0101358411703239,325,15,0,0.0417080122453288,0.0412852664576802,-0.00042274578764858
"baseline","uncontrolled","null_clean",3200,95860,140,96000,0.00145833333333333,83,0,0,0.0433235969121636,0.0432604166666667,-6.31802454969035e-05
"impact","uncontrolled","null_clean",3200,95844,156,96000,0.001625,94,0,0,0.118713743165978,0.118520833333333,-0.000192909832644708
"logodds","uncontrolled","null_clean",3200,95860,140,96000,0.00145833333333333,83,0,0,0.0433235969121636,0.0432604166666667,-6.31802454969035e-05
"purified","uncontrolled","null_clean",3200,95861,139,96000,0.00144791666666667,84,0,0,0.0427806928782299,0.04271875,-6.19428782299355e-05
"baseline","target_060","power",3200,19194,6,19200,0.0003125,4,0,0,0.428727727414817,0.42859375,-0.000133977414817132
"impact","target_060","power",3200,19193,7,19200,0.000364583333333333,5,0,0,0.142604074402126,0.142552083333333,-5.19910687924452e-05
"logodds","target_060","power",3200,19192,8,19200,0.000416666666666667,6,0,0,0.876719466444352,0.876354166666667,-0.00036529977768518
"purified","target_060","power",3200,19191,9,19200,0.00046875,6,0,0,0.459798864050857,0.459583333333333,-0.000215530717523837
"baseline","target_075","power",3200,19176,24,19200,0.00125,17,0,0,0.61968085106383,0.61890625,-0.000774601063829761
"impact","target_075","power",3200,19174,26,19200,0.00135416666666667,19,0,0,0.354281839991655,0.353802083333333,-0.000479756658322006
"logodds","target_075","power",3200,19174,26,19200,0.00135416666666667,19,0,0,0.813914676123918,0.8128125,-0.00110217612391772
"purified","target_075","power",3200,19175,25,19200,0.00130208333333333,17,0,0,0.667848761408083,0.666979166666667,-0.00086959474141679
"baseline","target_090","power",3200,19088,52,19140,0.00271682340647858,36,15,0,0.869499161777033,0.867136886102403,-0.00236227567462932
"impact","target_090","power",3200,19072,68,19140,0.00355276907001045,48,15,0,0.792575503355705,0.789759665621735,-0.00281583773397009
"logodds","target_090","power",3200,19072,68,19140,0.00355276907001045,48,15,0,0.633966023489933,0.63171368861024,-0.00225233487969256
"purified","target_090","power",3200,19067,73,19140,0.00381400208986416,46,15,1,0.911365185923323,0.907889237199582,-0.00347594872374102
"baseline","uncontrolled","power",3200,19195,5,19200,0.000260416666666667,5,0,0,0.762229747330034,0.76203125,-0.000198497330033853
"impact","uncontrolled","power",3200,19191,9,19200,0.00046875,9,0,0,0.559793653274973,0.55953125,-0.000262403274972622
"logodds","uncontrolled","power",3200,19194,6,19200,0.0003125,6,0,0,0.772116286339481,0.771875,-0.000241286339481062
"purified","uncontrolled","power",3200,19195,5,19200,0.000260416666666667,5,0,0,0.813493097160719,0.81328125,-0.000211847160718981
