"arm","kind","n_cells","n_mh_successful","n_mh_failed","n_mh_attempted","mh_failure_rate","n_mh_rejected","rate_mh_successful_only","rate_mh_failures_as_nonrejections","sensitivity_shift","precision_status"
"target_060","dif_form_clean_items",32,767166,818,767984,0.0010651263567991,38105,0.0496698237408853,0.0496169191024813,5.29046384039819e-05,"point_estimate_only_form_cluster_records_not_retained"
"target_075","dif_form_clean_items",32,765074,2766,767840,0.00360231298187122,49178,0.0642787495065837,0.0640471973327777,0.000231552173806007,"point_estimate_only_form_cluster_records_not_retained"
"target_090","dif_form_clean_items",32,756538,9478,766016,0.0123731097000585,104773,0.138490069236443,0.136776516417412,0.00171355281903121,"point_estimate_only_form_cluster_records_not_retained"
"uncontrolled","dif_form_clean_items",32,766589,1411,768000,0.00183723958333333,66477,0.0867179153366406,0.08655859375,0.000159321586640629,"point_estimate_only_form_cluster_records_not_retained"
"target_060","null_clean",32,767156,828,767984,0.00107814746140545,33302,0.0434096846013066,0.0433628825600533,4.68020412533118e-05,"point_estimate_only_form_cluster_records_not_retained"
"target_075","null_clean",32,765069,2771,767840,0.00360882475515732,33056,0.0432065604540244,0.0430506355490727,0.000155924904951685,"point_estimate_only_form_cluster_records_not_retained"
"target_090","null_clean",32,756497,9519,766016,0.0124266333862478,31793,0.0420266042033214,0.0415043550004177,0.000522249202903613,"point_estimate_only_form_cluster_records_not_retained"
"uncontrolled","null_clean",32,766598,1402,768000,0.00182552083333333,32827,0.0428216614183705,0.0427434895833333,7.81718350371802e-05,"point_estimate_only_form_cluster_records_not_retained"
"target_060","null_planted_position",32,191924,72,191996,0.000375007812662764,8264,0.0430587107396678,0.0430425633867372,1.61473529305609e-05,"point_estimate_only_form_cluster_records_not_retained"
"target_075","null_planted_position",32,191727,233,191960,0.00121379454052928,8334,0.0434680561423274,0.0434152948530944,5.27612892329762e-05,"point_estimate_only_form_cluster_records_not_retained"
"target_090","null_planted_position",32,190652,852,191504,0.00444899323251734,7957,0.041735727923127,0.0415500459520428,0.000185681971084178,"point_estimate_only_form_cluster_records_not_retained"
"uncontrolled","null_planted_position",32,191944,56,192000,0.000291666666666667,8186,0.0426478556245572,0.0426354166666667,1.24389578904927e-05,"point_estimate_only_form_cluster_records_not_retained"
"target_060","power",32,191939,57,191996,0.000296881185024688,81337,0.423764841954996,0.423639034146545,0.000125807808451395,"point_estimate_only_form_cluster_records_not_retained"
"target_075","power",32,191757,203,191960,0.00105751198166285,118643,0.618715353285669,0.61806105438633,0.000654298899338324,"point_estimate_only_form_cluster_records_not_retained"
"target_090","power",32,190827,677,191504,0.00353517420001671,166850,0.87435216190581,0.871261174701312,0.0030909872044983,"point_estimate_only_form_cluster_records_not_retained"
"uncontrolled","power",32,191956,44,192000,0.000229166666666667,146337,0.762346579424451,0.762171875,0.000174704424451333,"point_estimate_only_form_cluster_records_not_retained"
