"contrast","factor","level_high","level_low","arm","design","rate_high","rate_low","delta","rho_high","rho_low","inference_status"
"length","n_items","40","20","uncontrolled","uncontrolled",0.749990231551308,0.787054834122482,-0.0370646025711743,0.859720682499153,0.754349807750661,"deferred_form_cluster_records_not_retained"
"length","n_items","40","20","target_075","targeted",0.536146556577219,0.78407791923083,-0.24793136265361,0.749898485018811,0.75001440446698,"deferred_form_cluster_records_not_retained"
"model","model","3pl_g20","2pl","uncontrolled","uncontrolled",0.685972369819341,0.838727155271219,-0.152754785451878,0.773370492804587,0.841858525511398,"deferred_form_cluster_records_not_retained"
"model","model","3pl_g20","2pl","target_075","targeted",0.609064446461548,0.628359920759045,-0.0192954742974968,0.749987573943303,0.749915233684253,"deferred_form_cluster_records_not_retained"
"sample_size","n_per_group","1000","500","uncontrolled","uncontrolled",0.868332222037006,0.656347684741383,0.211984537295623,0.813854682922362,0.81384083768485,"deferred_form_cluster_records_not_retained"
"sample_size","n_per_group","1000","500","target_075","targeted",0.73732233542238,0.500062591278948,0.237259744143432,0.749840810175894,0.750132467348559,"deferred_form_cluster_records_not_retained"
"pool","pool","irw","parametric","uncontrolled","uncontrolled",0.744705906873984,0.779979166666667,-0.0352732597926828,0.810763095782836,0.816611086889349,"deferred_form_cluster_records_not_retained"
"pool","pool","irw","parametric","target_075","targeted",0.615829652140313,0.62159375,-0.00576409785968646,0.750132221133033,0.749699761246198,"deferred_form_cluster_records_not_retained"
"shape","latent_shape","skew_pos","normal","uncontrolled","uncontrolled",0.763958200931415,0.760734789993019,0.00322341093839607,0.814833886820167,0.813026410563372,"deferred_form_cluster_records_not_retained"
"shape","latent_shape","skew_pos","normal","target_075","targeted",0.618308111096046,0.619122616713255,-0.000814505617208527,0.750122554302195,0.749795245963819,"deferred_form_cluster_records_not_retained"
