"variant","item_kind","estimand","reference_arm","comparison_arm","n_joint_form_records","n_reference_contributing_forms","n_comparison_contributing_forms","reference_rate","comparison_rate","paired_difference","mcse_paired_form_cluster","ci_low_paired_normal","ci_high_paired_normal","pairing","mcse_joint_cell_stratified_bootstrap","ci_low_joint_cell_stratified_bootstrap","ci_high_joint_cell_stratified_bootstrap"
"baseline","dif_form_clean_items","successful_only","uncontrolled","target_060",3200,3200,3200,0.0870886538235793,0.0485719127634889,-0.0385167410600903,0.000974814865906429,-0.0404273430888612,-0.0366061390313195,"same_structural_cell_form_bank_abilities_uniforms",0.000998366411581188,-0.0404722012760399,-0.0365454059522101
"baseline","dif_form_clean_items","failures_as_nonrejections","uncontrolled","target_060",3200,3200,3200,0.0869401041666667,0.048515625,-0.0384244791666667,0.000974232630366311,-0.0403339400347484,-0.036515018298585,"same_structural_cell_form_bank_abilities_uniforms",0.000997519167961696,-0.0403779296875,-0.0364583333333333
"baseline","dif_form_clean_items","successful_only","uncontrolled","target_075",3200,3200,3200,0.0870886538235793,0.0645751633986928,-0.0225134904248865,0.00089126316209472,-0.0242603341233394,-0.0207666467264335,"same_structural_cell_form_bank_abilities_uniforms",0.000878281092621125,-0.0242152658631149,-0.0207896313660933
"baseline","dif_form_clean_items","failures_as_nonrejections","uncontrolled","target_075",3200,3200,3200,0.0869401041666667,0.0643229166666667,-0.0226171875,0.000889108072095409,-0.0243598072996709,-0.0208745677003292,"same_structural_cell_form_bank_abilities_uniforms",0.000876320084212657,-0.0243229166666667,-0.0209111328125
"baseline","dif_form_clean_items","successful_only","uncontrolled","target_090",3200,3200,3185,0.0870886538235793,0.137792049899567,0.0507033960759873,0.00108529727978778,0.048576252495084,0.0528305396568906,"same_structural_cell_form_bank_abilities_uniforms",0.00106801333760465,0.0487178596830564,0.0528268054285729
"baseline","dif_form_clean_items","failures_as_nonrejections","uncontrolled","target_090",3200,3200,3185,0.0869401041666667,0.136193834900731,0.0492537307340648,0.00107309552086063,0.0471505021612067,0.0513569593069229,"same_structural_cell_form_bank_abilities_uniforms",0.00106221888907633,0.0472837827293217,0.0514204525045716
"baseline","null_clean","successful_only","uncontrolled","target_060",3200,3200,3200,0.0433235969121636,0.0432724391057724,-5.11578063911305e-05,0.000685586277763389,-0.00139488221910225,0.00129256660631998,"same_structural_cell_form_bank_abilities_uniforms",0.000687217804305879,-0.00135914425511105,0.00132701571773769
"baseline","null_clean","failures_as_nonrejections","uncontrolled","target_060",3200,3200,3200,0.0432604166666667,0.0432291666666667,-3.12500000000035e-05,0.000684785254592567,-0.00137340443614553,0.00131090443614552,"same_structural_cell_form_bank_abilities_uniforms",0.000686674076163496,-0.00134375,0.00134375
"baseline","null_clean","successful_only","uncontrolled","target_075",3200,3200,3200,0.0433235969121636,0.04267929380037,-0.000644303111793539,0.000613156822562511,-0.00184606840089108,0.000557462177304,"same_structural_cell_form_bank_abilities_uniforms",0.000613146842074662,-0.00184749193073297,0.000551725368148839
"baseline","null_clean","failures_as_nonrejections","uncontrolled","target_075",3200,3200,3200,0.0432604166666667,0.04253125,-0.00072916666666667,0.000611887205193825,-0.00192844355144744,0.000470110218114097,"same_structural_cell_form_bank_abilities_uniforms",0.000611848477889078,-0.00192734375,0.000468749999999997
"baseline","null_clean","successful_only","uncontrolled","target_090",3200,3200,3185,0.0433235969121636,0.0420097107874182,-0.00131388612474537,0.000649186526300976,-0.00258626833554395,-4.15039139467967e-05,"same_structural_cell_form_bank_abilities_uniforms",0.000633807230504166,-0.00254496901701915,-5.37565352951503e-05
"baseline","null_clean","failures_as_nonrejections","uncontrolled","target_090",3200,3200,3185,0.0432604166666667,0.0415882967607106,-0.00167211990595612,0.000646374263266086,-0.00293899018249126,-0.000405249629420976,"same_structural_cell_form_bank_abilities_uniforms",0.000631374130684241,-0.00288652695314916,-0.000434484050481827
"baseline","power","successful_only","uncontrolled","target_060",3200,3200,3200,0.762229747330034,0.428727727414817,-0.333502019915217,0.00345381430703335,-0.340271371566291,-0.326732668264142,"same_structural_cell_form_bank_abilities_uniforms",0.00347286225064363,-0.340449115615063,-0.326842976946522
"baseline","power","failures_as_nonrejections","uncontrolled","target_060",3200,3200,3200,0.76203125,0.42859375,-0.3334375,0.0034554202062713,-0.340209999155744,-0.326665000844256,"same_structural_cell_form_bank_abilities_uniforms",0.00347430374154106,-0.340364583333333,-0.326770833333333
"baseline","power","successful_only","uncontrolled","target_075",3200,3200,3200,0.762229747330034,0.61968085106383,-0.142548896266204,0.0027423794613066,-0.147923861242307,-0.137173931290101,"same_structural_cell_form_bank_abilities_uniforms",0.00270230985228073,-0.147886201637787,-0.137413288190022
"baseline","power","failures_as_nonrejections","uncontrolled","target_075",3200,3200,3200,0.76203125,0.61890625,-0.143125,0.00272630256839633,-0.148468454845016,-0.137781545154984,"same_structural_cell_form_bank_abilities_uniforms",0.0026870413573501,-0.148385416666667,-0.138020833333333
"baseline","power","successful_only","uncontrolled","target_090",3200,3200,3185,0.762229747330034,0.869499161777033,0.107269414446999,0.00243348573713655,0.102499870045319,0.112038958848678,"same_structural_cell_form_bank_abilities_uniforms",0.00246107618714069,0.102330287294885,0.111850692115014
"baseline","power","failures_as_nonrejections","uncontrolled","target_090",3200,3200,3185,0.76203125,0.867136886102403,0.105105636102403,0.0024485924053128,0.100306483175172,0.109904789029635,"same_structural_cell_form_bank_abilities_uniforms",0.00247991078449614,0.100222427133031,0.109621286281658
"impact","dif_form_clean_items","successful_only","uncontrolled","target_060",3200,3200,3200,0.266626660056879,0.206594868050485,-0.0600317920063939,0.00130430023087196,-0.0625881734839303,-0.0574754105288576,"same_structural_cell_form_bank_abilities_uniforms",0.00131459445893707,-0.0625243504837559,-0.0574101277992042
"impact","dif_form_clean_items","failures_as_nonrejections","uncontrolled","target_060",3200,3200,3200,0.266119791666667,0.206315104166667,-0.0598046875,0.00130282951578086,-0.0623581864289262,-0.0572511885710737,"same_structural_cell_form_bank_abilities_uniforms",0.00131169454777151,-0.0622789713541666,-0.0571614583333333
"impact","dif_form_clean_items","successful_only","uncontrolled","target_075",3200,3200,3200,0.266626660056879,0.239475852328455,-0.0271508077284235,0.00117347994641117,-0.0294507861599694,-0.0248508292968777,"same_structural_cell_form_bank_abilities_uniforms",0.00118011700207768,-0.0295196124860208,-0.0248160965970971
"impact","dif_form_clean_items","failures_as_nonrejections","uncontrolled","target_075",3200,3200,3200,0.266119791666667,0.2384375,-0.0276822916666667,0.00116674898342504,-0.0299690776531785,-0.0253955056801549,"same_structural_cell_form_bank_abilities_uniforms",0.00117231215125812,-0.0300263671875,-0.0253902994791666
"impact","dif_form_clean_items","successful_only","uncontrolled","target_090",3200,3200,3185,0.266626660056879,0.324678244996759,0.0580515849398803,0.00133786881148433,0.0554294102533316,0.060673759626429,"same_structural_cell_form_bank_abilities_uniforms",0.00129689037554464,0.0554653458146049,0.0605431830403224
"impact","dif_form_clean_items","failures_as_nonrejections","uncontrolled","target_090",3200,3200,3185,0.266119791666667,0.320611285266458,0.054491493599791,0.0013136915456999,0.0519167054834244,0.0570662817161576,"same_structural_cell_form_bank_abilities_uniforms",0.0012798942155919,0.0519574146092486,0.0569245839335285
"impact","null_clean","successful_only","uncontrolled","target_060",3200,3200,3200,0.118713743165978,0.148350158518271,0.0296364153522933,0.00098535872299073,0.0277051477433791,0.0315676829612075,"same_structural_cell_form_bank_abilities_uniforms",0.000985814575087937,0.0276962812880055,0.0315437690170282
"impact","null_clean","failures_as_nonrejections","uncontrolled","target_060",3200,3200,3200,0.118520833333333,0.148177083333333,0.02965625,0.000984092288113045,0.0277274645578348,0.0315850354421652,"same_structural_cell_form_bank_abilities_uniforms",0.0009841723562806,0.02771875,0.0315627604166667
"impact","null_clean","successful_only","uncontrolled","target_075",3200,3200,3199,0.118713743165978,0.134151059802784,0.0154373166368056,0.000871883220424434,0.0137284569260489,0.0171461763475622,"same_structural_cell_form_bank_abilities_uniforms",0.000873546882118682,0.0137264340477553,0.0171589767705287
"impact","null_clean","failures_as_nonrejections","uncontrolled","target_075",3200,3200,3200,0.118520833333333,0.133635416666667,0.0151145833333333,0.000868508089113613,0.0134123387583889,0.0168168279082777,"same_structural_cell_form_bank_abilities_uniforms",0.000870816137003165,0.0133958333333333,0.0168026041666667
"impact","null_clean","successful_only","uncontrolled","target_090",3200,3200,3185,0.118713743165978,0.097671273403491,-0.0210424697624871,0.00094087432627484,-0.0228865495559641,-0.01919838996901,"same_structural_cell_form_bank_abilities_uniforms",0.000936572500209578,-0.0228318708344736,-0.0191516309448623
"impact","null_clean","failures_as_nonrejections","uncontrolled","target_090",3200,3200,3185,0.118520833333333,0.0965935214211076,-0.0219273119122257,0.000927553509424377,-0.0237452833844312,-0.0201093404400202,"same_structural_cell_form_bank_abilities_uniforms",0.000926551050317399,-0.0237265142832138,-0.0200527381010511
"impact","power","successful_only","uncontrolled","target_060",3200,3200,3200,0.559793653274973,0.142604074402126,-0.417189578872847,0.0036176932345121,-0.424280127319605,-0.410099030426089,"same_structural_cell_form_bank_abilities_uniforms",0.00361471465154491,-0.423887463292307,-0.410183536664981
"impact","power","failures_as_nonrejections","uncontrolled","target_060",3200,3200,3200,0.55953125,0.142552083333333,-0.416979166666667,0.00362263392004475,-0.424079398679128,-0.409878934654206,"same_structural_cell_form_bank_abilities_uniforms",0.00361656150863299,-0.423647135416667,-0.409998697916667
"impact","power","successful_only","uncontrolled","target_075",3200,3200,3200,0.559793653274973,0.354281839991655,-0.205511813283317,0.00325268322883578,-0.211886955264953,-0.199136671301682,"same_structural_cell_form_bank_abilities_uniforms",0.0031518257690941,-0.211537355876512,-0.199234005254217
"impact","power","failures_as_nonrejections","uncontrolled","target_075",3200,3200,3200,0.55953125,0.353802083333333,-0.205729166666667,0.00324845574876487,-0.212096022939618,-0.199362310393715,"same_structural_cell_form_bank_abilities_uniforms",0.00315074502485714,-0.211669270833333,-0.199427083333333
"impact","power","successful_only","uncontrolled","target_090",3200,3200,3185,0.559793653274973,0.792575503355705,0.232781850080732,0.00309275991124856,0.226720152041856,0.238843548119609,"same_structural_cell_form_bank_abilities_uniforms",0.00302304666880662,0.226720817668576,0.238679891189083
"impact","power","failures_as_nonrejections","uncontrolled","target_090",3200,3200,3185,0.55953125,0.789759665621735,0.230228415621735,0.00310066803749834,0.224151217940223,0.236305613303246,"same_structural_cell_form_bank_abilities_uniforms",0.00304342865102608,0.224257270819559,0.236263828808159
"logodds","dif_form_clean_items","successful_only","uncontrolled","target_060",3200,3200,3200,0.0857832268162254,0.0670308039264252,-0.0187524228898002,0.00095516538318033,-0.0206245126401131,-0.0168803331394874,"same_structural_cell_form_bank_abilities_uniforms",0.000964598662312093,-0.0206517027818998,-0.016863185065198
"logodds","dif_form_clean_items","failures_as_nonrejections","uncontrolled","target_060",3200,3200,3200,0.0856380208333333,0.066953125,-0.0186848958333333,0.000954388406007628,-0.0205554627363709,-0.0168143289302958,"same_structural_cell_form_bank_abilities_uniforms",0.00096355019863895,-0.0205862630208333,-0.016796875
"logodds","dif_form_clean_items","successful_only","uncontrolled","target_075",3200,3200,3200,0.0857832268162254,0.0804998888845314,-0.00528333793169396,0.000857612478870332,-0.00696422750297193,-0.00360244836041599,"same_structural_cell_form_bank_abilities_uniforms",0.000843947658875006,-0.00699029314163709,-0.003661032594109
"logodds","dif_form_clean_items","failures_as_nonrejections","uncontrolled","target_075",3200,3200,3200,0.0856380208333333,0.0801822916666667,-0.00545572916666666,0.000855701426991774,-0.00713287314509007,-0.00377858518824325,"same_structural_cell_form_bank_abilities_uniforms",0.000842270850447907,-0.00714843749999999,-0.00385416666666667
"logodds","dif_form_clean_items","successful_only","uncontrolled","target_090",3200,3200,3185,0.0857832268162254,0.082248622362005,-0.00353460445422044,0.000896125174681113,-0.00529097752223508,-0.00177823138620579,"same_structural_cell_form_bank_abilities_uniforms",0.000885615974847586,-0.00527979910562147,-0.00179790965703326
"logodds","dif_form_clean_items","failures_as_nonrejections","uncontrolled","target_090",3200,3200,3185,0.0856380208333333,0.0812957157784744,-0.00434230505485893,0.000892708096682422,-0.00609198077306377,-0.00259262933665408,"same_structural_cell_form_bank_abilities_uniforms",0.00088577982412413,-0.00606697237754538,-0.00261833940033409
"logodds","null_clean","successful_only","uncontrolled","target_060",3200,3200,3200,0.0433235969121636,0.0432724391057724,-5.11578063911305e-05,0.000685586277763389,-0.00139488221910225,0.00129256660631998,"same_structural_cell_form_bank_abilities_uniforms",0.000687217804305879,-0.00135914425511105,0.00132701571773769
"logodds","null_clean","failures_as_nonrejections","uncontrolled","target_060",3200,3200,3200,0.0432604166666667,0.0432291666666667,-3.12500000000035e-05,0.000684785254592567,-0.00137340443614553,0.00131090443614552,"same_structural_cell_form_bank_abilities_uniforms",0.000686674076163496,-0.00134375,0.00134375
"logodds","null_clean","successful_only","uncontrolled","target_075",3200,3200,3200,0.0433235969121636,0.04267929380037,-0.000644303111793539,0.000613156822562511,-0.00184606840089108,0.000557462177304,"same_structural_cell_form_bank_abilities_uniforms",0.000613146842074662,-0.00184749193073297,0.000551725368148839
"logodds","null_clean","failures_as_nonrejections","uncontrolled","target_075",3200,3200,3200,0.0432604166666667,0.04253125,-0.00072916666666667,0.000611887205193825,-0.00192844355144744,0.000470110218114097,"same_structural_cell_form_bank_abilities_uniforms",0.000611848477889078,-0.00192734375,0.000468749999999997
"logodds","null_clean","successful_only","uncontrolled","target_090",3200,3200,3185,0.0433235969121636,0.0420097107874182,-0.00131388612474537,0.000649186526300976,-0.00258626833554395,-4.15039139467967e-05,"same_structural_cell_form_bank_abilities_uniforms",0.000633807230504166,-0.00254496901701915,-5.37565352951503e-05
"logodds","null_clean","failures_as_nonrejections","uncontrolled","target_090",3200,3200,3185,0.0432604166666667,0.0415882967607106,-0.00167211990595612,0.000646374263266086,-0.00293899018249126,-0.000405249629420976,"same_structural_cell_form_bank_abilities_uniforms",0.000631374130684241,-0.00288652695314916,-0.000434484050481827
"logodds","power","successful_only","uncontrolled","target_060",3200,3200,3200,0.772116286339481,0.876719466444352,0.104603180104871,0.00260077991580608,0.0995057451381758,0.109700615071566,"same_structural_cell_form_bank_abilities_uniforms",0.00259562388402595,0.0994734940770085,0.109515971372821
"logodds","power","failures_as_nonrejections","uncontrolled","target_060",3200,3200,3200,0.771875,0.876354166666667,0.104479166666667,0.00260058676497557,0.099382110268643,0.10957622306469,"same_structural_cell_form_bank_abilities_uniforms",0.0025910193616786,0.099375,0.109427083333333
"logodds","power","successful_only","uncontrolled","target_075",3200,3200,3200,0.772116286339481,0.813914676123918,0.0417983897844367,0.0022693604326252,0.0373505250685511,0.0462462545003224,"same_structural_cell_form_bank_abilities_uniforms",0.00224274876961666,0.0375400357098081,0.0461774510751106
"logodds","power","failures_as_nonrejections","uncontrolled","target_075",3200,3200,3200,0.771875,0.8128125,0.0409375000000001,0.00229404481365178,0.0364412547863217,0.0454337452136785,"same_structural_cell_form_bank_abilities_uniforms",0.00225927405124132,0.0366145833333333,0.0453645833333333
"logodds","power","successful_only","uncontrolled","target_090",3200,3200,3185,0.772116286339481,0.633966023489933,-0.138150262849548,0.00289163180497113,-0.143817757043842,-0.132482768655254,"same_structural_cell_form_bank_abilities_uniforms",0.00289974196421366,-0.143840239509289,-0.132475050453279
"logodds","power","failures_as_nonrejections","uncontrolled","target_090",3200,3200,3185,0.771875,0.63171368861024,-0.14016131138976,0.00292195199872418,-0.145888232071814,-0.134434390707705,"same_structural_cell_form_bank_abilities_uniforms",0.00292307634648517,-0.145896305910316,-0.134430467216673
"purified","dif_form_clean_items","successful_only","uncontrolled","target_060",3200,3200,3200,0.0465625855929882,0.043321252574766,-0.00324133301822224,0.000823752050866253,-0.0048558573701111,-0.00162680866633337,"same_structural_cell_form_bank_abilities_uniforms",0.000842689446734026,-0.00484036883089701,-0.00155326479400241
"purified","dif_form_clean_items","failures_as_nonrejections","uncontrolled","target_060",3200,3200,3200,0.046484375,0.0432682291666667,-0.00321614583333334,0.00082271606877458,-0.00482863969763389,-0.00160365196903278,"same_structural_cell_form_bank_abilities_uniforms",0.000841969029479442,-0.00483072916666667,-0.0015234375
"purified","dif_form_clean_items","successful_only","uncontrolled","target_075",3200,3200,3200,0.0465625855929882,0.0447575848681717,-0.00180500072481657,0.000730088872414267,-0.00323594862026199,-0.000374052829371147,"same_structural_cell_form_bank_abilities_uniforms",0.000729843009246476,-0.00327844031470383,-0.000379256092158619
"purified","dif_form_clean_items","failures_as_nonrejections","uncontrolled","target_075",3200,3200,3200,0.046484375,0.0445833333333333,-0.00190104166666667,0.000728181923584021,-0.00332825201108444,-0.000473831322248886,"same_structural_cell_form_bank_abilities_uniforms",0.000727940404719524,-0.00337239583333333,-0.000481445312500001
"purified","dif_form_clean_items","successful_only","uncontrolled","target_090",3200,3200,3185,0.0465625855929882,0.0463150375044648,-0.000247548088523404,0.000785317591495029,-0.0017867422842794,0.00129164610723259,"same_structural_cell_form_bank_abilities_uniforms",0.000794228995300855,-0.00177065868785965,0.00133171973520165
"purified","dif_form_clean_items","failures_as_nonrejections","uncontrolled","target_090",3200,3200,3185,0.046484375,0.0457288401253918,-0.000755534874608152,0.000780507631679164,-0.00228530172235797,0.000774231973141663,"same_structural_cell_form_bank_abilities_uniforms",0.000789495333073263,-0.00228504849451129,0.000806086013537063
"purified","null_clean","successful_only","uncontrolled","target_060",3200,3200,3200,0.0427806928782299,0.0428866366366366,0.000105943758406703,0.000680326469157911,-0.0012274716188721,0.00143935913568551,"same_structural_cell_form_bank_abilities_uniforms",0.000671796994680548,-0.00116779780582417,0.00144346891037847
"purified","null_clean","failures_as_nonrejections","uncontrolled","target_060",3200,3200,3200,0.04271875,0.04284375,0.000125,0.000679548252164776,-0.0012068901000001,0.0014568901000001,"same_structural_cell_form_bank_abilities_uniforms",0.000671329417384197,-0.00114583333333333,0.00145833333333333
"purified","null_clean","successful_only","uncontrolled","target_075",3200,3200,3200,0.0427806928782299,0.0426779554719348,-0.000102737406295163,0.000603847488016067,-0.00128625673496163,0.00108078192237131,"same_structural_cell_form_bank_abilities_uniforms",0.00059994341477393,-0.00134317060752689,0.0010742480880696
"purified","null_clean","failures_as_nonrejections","uncontrolled","target_075",3200,3200,3200,0.04271875,0.04253125,-0.0001875,0.000602568127903752,-0.00136851182892308,0.000993511828923078,"same_structural_cell_form_bank_abilities_uniforms",0.000598675231137845,-0.00141692708333334,0.000999999999999994
"purified","null_clean","successful_only","uncontrolled","target_090",3200,3200,3185,0.0427806928782299,0.0417080122453288,-0.00107268063290111,0.000648752624145354,-0.00234421241110185,0.000198851145299637,"same_structural_cell_form_bank_abilities_uniforms",0.000631757302664647,-0.00227917506368753,0.00017609370604461
"purified","null_clean","failures_as_nonrejections","uncontrolled","target_090",3200,3200,3185,0.04271875,0.0412852664576802,-0.00143348354231975,0.000645955369911516,-0.00269953280296657,-0.000167434281672932,"same_structural_cell_form_bank_abilities_uniforms",0.000628337301437593,-0.00263123031877092,-0.000189569455329153
"purified","power","successful_only","uncontrolled","target_060",3200,3200,3200,0.813493097160719,0.459798864050857,-0.353694233109862,0.00365762156615702,-0.360863039648606,-0.346525426571117,"same_structural_cell_form_bank_abilities_uniforms",0.00369476536680512,-0.360862206239349,-0.34661938308882
"purified","power","failures_as_nonrejections","uncontrolled","target_060",3200,3200,3200,0.81328125,0.459583333333333,-0.353697916666667,0.0036577449412452,-0.360866965016141,-0.346528868317192,"same_structural_cell_form_bank_abilities_uniforms",0.00369407746306519,-0.3608359375,-0.34661328125
"purified","power","successful_only","uncontrolled","target_075",3200,3200,3200,0.813493097160719,0.667848761408083,-0.145644335752635,0.00295291688669724,-0.151431946499902,-0.139856725005369,"same_structural_cell_form_bank_abilities_uniforms",0.0029831525967061,-0.151522448566442,-0.139955113281886
"purified","power","failures_as_nonrejections","uncontrolled","target_075",3200,3200,3200,0.81328125,0.666979166666667,-0.146302083333333,0.00293464408385749,-0.152053880045137,-0.140550286621529,"same_structural_cell_form_bank_abilities_uniforms",0.00296846803413861,-0.152135416666667,-0.140572916666667
"purified","power","successful_only","uncontrolled","target_090",3200,3200,3184,0.813493097160719,0.911365185923323,0.0978720887626041,0.00246103177429624,0.0930485551201748,0.102695622405033,"same_structural_cell_form_bank_abilities_uniforms",0.00248777059300879,0.0929961803908303,0.103003463475904
"purified","power","failures_as_nonrejections","uncontrolled","target_090",3200,3200,3185,0.81328125,0.907889237199582,0.0946079871995821,0.00250253422468275,0.089703110249125,0.0995128641500391,"same_structural_cell_form_bank_abilities_uniforms",0.0025374444583223,0.0898591877460184,0.0997399358179426
