"analysis","is_primary","p_value_method","denominator_rule","n_items","target_rho","te_sd","n_planned","n_observed","n_missing","n_detected","detection_rate","detection_mcse","analysis_label","denominator","method","sig_het_rate","sig_het_mcse","rung_seed_relation","diagonal_scope"
"retry_resolved_chibar",TRUE,"equal_mix_chisq1_chisq2","observed",10,0.8,0.1,200,196,4,12,0.0612244897959184,0.0171244025138057,"Declared primary",196,"Varying",0.0612244897959184,0.0171244025138057,"independent","reliability_calibrated_analogue"
"retry_resolved_chibar",TRUE,"equal_mix_chisq1_chisq2","observed",10,0.887,0.1,200,192,8,14,0.0729166666666667,0.0187638596538345,"Declared primary",192,"Varying",0.0729166666666667,0.0187638596538345,"independent","reliability_calibrated_analogue"
"retry_resolved_chibar",TRUE,"equal_mix_chisq1_chisq2","observed",10,0.94,0.1,200,194,6,34,0.175257731958763,0.0272958645849582,"Declared primary",194,"Varying",0.175257731958763,0.0272958645849582,"independent","reliability_calibrated_analogue"
"retry_resolved_chibar",TRUE,"equal_mix_chisq1_chisq2","observed",20,0.8,0.1,200,200,0,7,0.035,0.012995191418367,"Declared primary",200,"Varying",0.035,0.012995191418367,"independent","reliability_calibrated_analogue"
"retry_resolved_chibar",TRUE,"equal_mix_chisq1_chisq2","observed",20,0.887,0.1,200,200,0,12,0.06,0.0167928556237467,"Declared primary",200,"Varying",0.06,0.0167928556237467,"independent","reliability_calibrated_analogue"
"retry_resolved_chibar",TRUE,"equal_mix_chisq1_chisq2","observed",20,0.94,0.1,200,200,0,23,0.115,0.0225582579114612,"Declared primary",200,"Varying",0.115,0.0225582579114612,"independent","reliability_calibrated_analogue"
"retry_resolved_chibar",TRUE,"equal_mix_chisq1_chisq2","observed",40,0.8,0.1,200,200,0,13,0.065,0.0174320107847603,"Declared primary",200,"Varying",0.065,0.0174320107847603,"independent","reliability_calibrated_analogue"
"retry_resolved_chibar",TRUE,"equal_mix_chisq1_chisq2","observed",40,0.887,0.1,200,200,0,12,0.06,0.0167928556237467,"Declared primary",200,"Varying",0.06,0.0167928556237467,"independent","reliability_calibrated_analogue"
"retry_resolved_chibar",TRUE,"equal_mix_chisq1_chisq2","observed",40,0.94,0.1,200,200,0,27,0.135,0.0241635055403805,"Declared primary",200,"Varying",0.135,0.0241635055403805,"independent","reliability_calibrated_analogue"
"retry_resolved_chibar",TRUE,"equal_mix_chisq1_chisq2","observed",10,0.8,0.2,200,199,1,35,0.175879396984925,0.0269883498689521,"Declared primary",199,"Varying",0.175879396984925,0.0269883498689521,"independent","reliability_calibrated_analogue"
"retry_resolved_chibar",TRUE,"equal_mix_chisq1_chisq2","observed",10,0.887,0.2,200,198,2,75,0.378787878787879,0.0344735018771378,"Declared primary",198,"Varying",0.378787878787879,0.0344735018771378,"independent","reliability_calibrated_analogue"
"retry_resolved_chibar",TRUE,"equal_mix_chisq1_chisq2","observed",10,0.94,0.2,200,194,6,113,0.582474226804124,0.0354061851659491,"Declared primary",194,"Varying",0.582474226804124,0.0354061851659491,"independent","reliability_calibrated_analogue"
"retry_resolved_chibar",TRUE,"equal_mix_chisq1_chisq2","observed",20,0.8,0.2,200,200,0,30,0.15,0.0252487623459052,"Declared primary",200,"Varying",0.15,0.0252487623459052,"independent","reliability_calibrated_analogue"
"retry_resolved_chibar",TRUE,"equal_mix_chisq1_chisq2","observed",20,0.887,0.2,200,200,0,69,0.345,0.0336136133136561,"Declared primary",200,"Varying",0.345,0.0336136133136561,"independent","reliability_calibrated_analogue"
"retry_resolved_chibar",TRUE,"equal_mix_chisq1_chisq2","observed",20,0.94,0.2,200,200,0,137,0.685,0.0328462326606873,"Declared primary",200,"Varying",0.685,0.0328462326606873,"independent","reliability_calibrated_analogue"
"retry_resolved_chibar",TRUE,"equal_mix_chisq1_chisq2","observed",40,0.8,0.2,200,200,0,20,0.1,0.0212132034355964,"Declared primary",200,"Varying",0.1,0.0212132034355964,"independent","reliability_calibrated_analogue"
"retry_resolved_chibar",TRUE,"equal_mix_chisq1_chisq2","observed",40,0.887,0.2,200,200,0,50,0.25,0.0306186217847897,"Declared primary",200,"Varying",0.25,0.0306186217847897,"independent","reliability_calibrated_analogue"
"retry_resolved_chibar",TRUE,"equal_mix_chisq1_chisq2","observed",40,0.94,0.2,200,200,0,126,0.63,0.0341394200302231,"Declared primary",200,"Varying",0.63,0.0341394200302231,"independent","reliability_calibrated_analogue"
"retry_resolved_chibar",TRUE,"equal_mix_chisq1_chisq2","observed",10,0.8,0.4,200,199,1,145,0.728643216080402,0.0315210928614149,"Declared primary",199,"Varying",0.728643216080402,0.0315210928614149,"independent","reliability_calibrated_analogue"
"retry_resolved_chibar",TRUE,"equal_mix_chisq1_chisq2","observed",10,0.887,0.4,200,200,0,180,0.9,0.0212132034355964,"Declared primary",200,"Varying",0.9,0.0212132034355964,"independent","reliability_calibrated_analogue"
"retry_resolved_chibar",TRUE,"equal_mix_chisq1_chisq2","observed",10,0.94,0.4,200,199,1,192,0.964824120603015,0.0130593036409335,"Declared primary",199,"Varying",0.964824120603015,0.0130593036409335,"independent","reliability_calibrated_analogue"
"retry_resolved_chibar",TRUE,"equal_mix_chisq1_chisq2","observed",20,0.8,0.4,200,200,0,139,0.695,0.0325557214633619,"Declared primary",200,"Varying",0.695,0.0325557214633619,"independent","reliability_calibrated_analogue"
"retry_resolved_chibar",TRUE,"equal_mix_chisq1_chisq2","observed",20,0.887,0.4,200,200,0,192,0.96,0.013856406460551,"Declared primary",200,"Varying",0.96,0.013856406460551,"independent","reliability_calibrated_analogue"
"retry_resolved_chibar",TRUE,"equal_mix_chisq1_chisq2","observed",20,0.94,0.4,200,200,0,200,1,0,"Declared primary",200,"Varying",1,0,"independent","reliability_calibrated_analogue"
"retry_resolved_chibar",TRUE,"equal_mix_chisq1_chisq2","observed",40,0.8,0.4,200,200,0,133,0.665,0.0333747659167821,"Declared primary",200,"Varying",0.665,0.0333747659167821,"independent","reliability_calibrated_analogue"
"retry_resolved_chibar",TRUE,"equal_mix_chisq1_chisq2","observed",40,0.887,0.4,200,200,0,192,0.96,0.013856406460551,"Declared primary",200,"Varying",0.96,0.013856406460551,"independent","reliability_calibrated_analogue"
"retry_resolved_chibar",TRUE,"equal_mix_chisq1_chisq2","observed",40,0.94,0.4,200,200,0,200,1,0,"Declared primary",200,"Varying",1,0,"independent","reliability_calibrated_analogue"
