"te_scale","te_mean","target_rho","mean_estimate","mean_se","empirical_sd","se_ratio","reject_rate","n_reps"
"logit_fixed",0,0.5,-0.00228334791227515,0.0581635669659997,0.109796568056534,0.529739389814548,0.29,100
"logit_fixed",0,0.6,-0.00499823129830949,0.0664794600471999,0.115457421364821,0.575792004198144,0.28,100
"logit_fixed",0,0.7,-0.00244169546922394,0.0794410273309221,0.104782608112918,0.758150887457516,0.15,100
"logit_fixed",0,0.8,-0.0144419254595512,0.105479546428503,0.135591661481374,0.777920598332606,0.13,100
"logit_fixed",0,0.887,-0.0166270389347572,0.160156570491011,0.190909485829887,0.838913633834423,0.13,100
"logit_fixed",0,0.9,-0.031598075150406,0.177371425516942,0.193504697855475,0.916625939745492,0.09,100
"logit_fixed",0.4,0.5,0.386682229408085,0.0584011886701827,0.1076995631059,0.542260218945898,0.99,100
"logit_fixed",0.4,0.6,0.383443633408158,0.066725388047944,0.11369749990189,0.586867680516474,0.99,100
"logit_fixed",0.4,0.7,0.387823912613358,0.0797322050639411,0.106008995351077,0.752126786975827,1,100
"logit_fixed",0.4,0.8,0.377517051431015,0.10553941579478,0.139324436192505,0.757508292723006,0.86,100
"logit_fixed",0.4,0.887,0.380021992034055,0.160289716649362,0.189014673175588,0.84802790151883,0.63,100
"logit_fixed",0.4,0.9,0.359059887000082,0.177576943803955,0.192301153838636,0.92343150448782,0.55,100
"theta_fixed",0,0.5,-0.00427440426959424,0.0583109656722056,0.0647149908166564,0.901042632261295,0.076,1000
"theta_fixed",0,0.6,0.00112372422108805,0.0668604287270011,0.0764110775424358,0.87500963050638,0.089,1000
"theta_fixed",0,0.7,-0.00246167370693092,0.0801793293334463,0.0838744377263145,0.955944761085309,0.063,1000
"theta_fixed",0,0.8,0.000949120229416329,0.105621110264557,0.124123571377525,0.850935153511723,0.09,1000
"theta_fixed",0,0.887,2.55569129781637e-05,0.160651574778228,0.185488721961612,0.866098882343238,0.091,1000
"theta_fixed",0,0.9,-0.00720228312470555,0.177108045736443,0.198127293570407,0.89391038733139,0.075,1000
"theta_fixed",0.4,0.5,0.106118349866172,0.0583225488236756,0.06478431239243,0.900257279422642,0.442,1000
"theta_fixed",0.4,0.6,0.139770502037097,0.0668967595178541,0.0758276610256133,0.882221060402451,0.544,1000
"theta_fixed",0.4,0.7,0.17546857803832,0.0802119044199583,0.0838501751652337,0.956609861123057,0.593,1000
"theta_fixed",0.4,0.8,0.250272661654733,0.105705767380073,0.124899664566574,0.846325470503805,0.652,1000
"theta_fixed",0.4,0.887,0.397232139670567,0.160774317989342,0.18534587271387,0.867428638335744,0.674,1000
"theta_fixed",0.4,0.9,0.433731119804533,0.177298445137826,0.19887323135229,0.891514880772233,0.672,1000
