"analysis","is_primary","p_value_method","denominator_rule","n_items","target_rho","te_sd","n_planned","n_observed","n_missing","n_detected","detection_rate","detection_mcse"
"legacy_all_fit_df2",FALSE,"ordinary_chisq_df2","planned",10,0.8,0.1,200,200,0,10,0.05,0.0154110350074224
"original_warning_complete_case_chibar",FALSE,"equal_mix_chisq1_chisq2","observed",10,0.8,0.1,200,83,117,8,0.0963855421686747,0.0323935456589075
"original_warning_missing_as_nondetection_chibar",FALSE,"equal_mix_chisq1_chisq2","planned",10,0.8,0.1,200,83,117,8,0.04,0.013856406460551
"retry_resolved_chibar",TRUE,"equal_mix_chisq1_chisq2","observed",10,0.8,0.1,200,196,4,12,0.0612244897959184,0.0171244025138057
"retry_resolved_df2",FALSE,"ordinary_chisq_df2","observed",10,0.8,0.1,200,196,4,10,0.0510204081632653,0.0157170981434751
"retry_unresolved_as_nondetection_chibar",FALSE,"equal_mix_chisq1_chisq2","planned",10,0.8,0.1,200,196,4,12,0.06,0.0167928556237467
"legacy_all_fit_df2",FALSE,"ordinary_chisq_df2","planned",10,0.887,0.1,200,200,0,10,0.05,0.0154110350074224
"original_warning_complete_case_chibar",FALSE,"equal_mix_chisq1_chisq2","observed",10,0.887,0.1,200,93,107,10,0.10752688172043,0.0321228909483683
"original_warning_missing_as_nondetection_chibar",FALSE,"equal_mix_chisq1_chisq2","planned",10,0.887,0.1,200,93,107,10,0.05,0.0154110350074224
"retry_resolved_chibar",TRUE,"equal_mix_chisq1_chisq2","observed",10,0.887,0.1,200,192,8,14,0.0729166666666667,0.0187638596538345
"retry_resolved_df2",FALSE,"ordinary_chisq_df2","observed",10,0.887,0.1,200,192,8,10,0.0520833333333333,0.0160355496544368
"retry_unresolved_as_nondetection_chibar",FALSE,"equal_mix_chisq1_chisq2","planned",10,0.887,0.1,200,192,8,14,0.07,0.0180416185526687
"legacy_all_fit_df2",FALSE,"ordinary_chisq_df2","planned",10,0.94,0.1,200,200,0,24,0.12,0.0229782505861521
"original_warning_complete_case_chibar",FALSE,"equal_mix_chisq1_chisq2","observed",10,0.94,0.1,200,109,91,31,0.284403669724771,0.0432104114165516
"original_warning_missing_as_nondetection_chibar",FALSE,"equal_mix_chisq1_chisq2","planned",10,0.94,0.1,200,109,91,31,0.155,0.0255905255905384
"retry_resolved_chibar",TRUE,"equal_mix_chisq1_chisq2","observed",10,0.94,0.1,200,194,6,34,0.175257731958763,0.0272958645849582
"retry_resolved_df2",FALSE,"ordinary_chisq_df2","observed",10,0.94,0.1,200,194,6,24,0.123711340206186,0.0236389121488338
"retry_unresolved_as_nondetection_chibar",FALSE,"equal_mix_chisq1_chisq2","planned",10,0.94,0.1,200,194,6,34,0.17,0.0265612499705868
"legacy_all_fit_df2",FALSE,"ordinary_chisq_df2","planned",20,0.8,0.1,200,200,0,6,0.03,0.0120623380818148
"original_warning_complete_case_chibar",FALSE,"equal_mix_chisq1_chisq2","observed",20,0.8,0.1,200,200,0,7,0.035,0.012995191418367
"original_warning_missing_as_nondetection_chibar",FALSE,"equal_mix_chisq1_chisq2","planned",20,0.8,0.1,200,200,0,7,0.035,0.012995191418367
"retry_resolved_chibar",TRUE,"equal_mix_chisq1_chisq2","observed",20,0.8,0.1,200,200,0,7,0.035,0.012995191418367
"retry_resolved_df2",FALSE,"ordinary_chisq_df2","observed",20,0.8,0.1,200,200,0,6,0.03,0.0120623380818148
"retry_unresolved_as_nondetection_chibar",FALSE,"equal_mix_chisq1_chisq2","planned",20,0.8,0.1,200,200,0,7,0.035,0.012995191418367
"legacy_all_fit_df2",FALSE,"ordinary_chisq_df2","planned",20,0.887,0.1,200,200,0,5,0.025,0.0110397010829098
"original_warning_complete_case_chibar",FALSE,"equal_mix_chisq1_chisq2","observed",20,0.887,0.1,200,200,0,12,0.06,0.0167928556237467
"original_warning_missing_as_nondetection_chibar",FALSE,"equal_mix_chisq1_chisq2","planned",20,0.887,0.1,200,200,0,12,0.06,0.0167928556237467
"retry_resolved_chibar",TRUE,"equal_mix_chisq1_chisq2","observed",20,0.887,0.1,200,200,0,12,0.06,0.0167928556237467
"retry_resolved_df2",FALSE,"ordinary_chisq_df2","observed",20,0.887,0.1,200,200,0,5,0.025,0.0110397010829098
"retry_unresolved_as_nondetection_chibar",FALSE,"equal_mix_chisq1_chisq2","planned",20,0.887,0.1,200,200,0,12,0.06,0.0167928556237467
"legacy_all_fit_df2",FALSE,"ordinary_chisq_df2","planned",20,0.94,0.1,200,200,0,19,0.095,0.0207334271166153
"original_warning_complete_case_chibar",FALSE,"equal_mix_chisq1_chisq2","observed",20,0.94,0.1,200,200,0,23,0.115,0.0225582579114612
"original_warning_missing_as_nondetection_chibar",FALSE,"equal_mix_chisq1_chisq2","planned",20,0.94,0.1,200,200,0,23,0.115,0.0225582579114612
"retry_resolved_chibar",TRUE,"equal_mix_chisq1_chisq2","observed",20,0.94,0.1,200,200,0,23,0.115,0.0225582579114612
"retry_resolved_df2",FALSE,"ordinary_chisq_df2","observed",20,0.94,0.1,200,200,0,19,0.095,0.0207334271166153
"retry_unresolved_as_nondetection_chibar",FALSE,"equal_mix_chisq1_chisq2","planned",20,0.94,0.1,200,200,0,23,0.115,0.0225582579114612
"legacy_all_fit_df2",FALSE,"ordinary_chisq_df2","planned",40,0.8,0.1,200,200,0,7,0.035,0.012995191418367
"original_warning_complete_case_chibar",FALSE,"equal_mix_chisq1_chisq2","observed",40,0.8,0.1,200,200,0,13,0.065,0.0174320107847603
"original_warning_missing_as_nondetection_chibar",FALSE,"equal_mix_chisq1_chisq2","planned",40,0.8,0.1,200,200,0,13,0.065,0.0174320107847603
"retry_resolved_chibar",TRUE,"equal_mix_chisq1_chisq2","observed",40,0.8,0.1,200,200,0,13,0.065,0.0174320107847603
"retry_resolved_df2",FALSE,"ordinary_chisq_df2","observed",40,0.8,0.1,200,200,0,7,0.035,0.012995191418367
"retry_unresolved_as_nondetection_chibar",FALSE,"equal_mix_chisq1_chisq2","planned",40,0.8,0.1,200,200,0,13,0.065,0.0174320107847603
"legacy_all_fit_df2",FALSE,"ordinary_chisq_df2","planned",40,0.887,0.1,200,200,0,6,0.03,0.0120623380818148
"original_warning_complete_case_chibar",FALSE,"equal_mix_chisq1_chisq2","observed",40,0.887,0.1,200,200,0,12,0.06,0.0167928556237467
"original_warning_missing_as_nondetection_chibar",FALSE,"equal_mix_chisq1_chisq2","planned",40,0.887,0.1,200,200,0,12,0.06,0.0167928556237467
"retry_resolved_chibar",TRUE,"equal_mix_chisq1_chisq2","observed",40,0.887,0.1,200,200,0,12,0.06,0.0167928556237467
"retry_resolved_df2",FALSE,"ordinary_chisq_df2","observed",40,0.887,0.1,200,200,0,6,0.03,0.0120623380818148
"retry_unresolved_as_nondetection_chibar",FALSE,"equal_mix_chisq1_chisq2","planned",40,0.887,0.1,200,200,0,12,0.06,0.0167928556237467
"legacy_all_fit_df2",FALSE,"ordinary_chisq_df2","planned",40,0.94,0.1,200,200,0,20,0.1,0.0212132034355964
"original_warning_complete_case_chibar",FALSE,"equal_mix_chisq1_chisq2","observed",40,0.94,0.1,200,200,0,27,0.135,0.0241635055403805
"original_warning_missing_as_nondetection_chibar",FALSE,"equal_mix_chisq1_chisq2","planned",40,0.94,0.1,200,200,0,27,0.135,0.0241635055403805
"retry_resolved_chibar",TRUE,"equal_mix_chisq1_chisq2","observed",40,0.94,0.1,200,200,0,27,0.135,0.0241635055403805
"retry_resolved_df2",FALSE,"ordinary_chisq_df2","observed",40,0.94,0.1,200,200,0,20,0.1,0.0212132034355964
"retry_unresolved_as_nondetection_chibar",FALSE,"equal_mix_chisq1_chisq2","planned",40,0.94,0.1,200,200,0,27,0.135,0.0241635055403805
"legacy_all_fit_df2",FALSE,"ordinary_chisq_df2","planned",10,0.8,0.2,200,200,0,30,0.15,0.0252487623459052
"original_warning_complete_case_chibar",FALSE,"equal_mix_chisq1_chisq2","observed",10,0.8,0.2,200,135,65,34,0.251851851851852,0.0373593655837407
"original_warning_missing_as_nondetection_chibar",FALSE,"equal_mix_chisq1_chisq2","planned",10,0.8,0.2,200,135,65,34,0.17,0.0265612499705868
"retry_resolved_chibar",TRUE,"equal_mix_chisq1_chisq2","observed",10,0.8,0.2,200,199,1,35,0.175879396984925,0.0269883498689521
"retry_resolved_df2",FALSE,"ordinary_chisq_df2","observed",10,0.8,0.2,200,199,1,30,0.150753768844221,0.0253643866606464
"retry_unresolved_as_nondetection_chibar",FALSE,"equal_mix_chisq1_chisq2","planned",10,0.8,0.2,200,199,1,35,0.175,0.0268677315752558
"legacy_all_fit_df2",FALSE,"ordinary_chisq_df2","planned",10,0.887,0.2,200,200,0,65,0.325,0.0331191032487294
"original_warning_complete_case_chibar",FALSE,"equal_mix_chisq1_chisq2","observed",10,0.887,0.2,200,159,41,72,0.452830188679245,0.0394757316500651
"original_warning_missing_as_nondetection_chibar",FALSE,"equal_mix_chisq1_chisq2","planned",10,0.887,0.2,200,159,41,72,0.36,0.0339411254969543
"retry_resolved_chibar",TRUE,"equal_mix_chisq1_chisq2","observed",10,0.887,0.2,200,198,2,75,0.378787878787879,0.0344735018771378
"retry_resolved_df2",FALSE,"ordinary_chisq_df2","observed",10,0.887,0.2,200,198,2,65,0.328282828282828,0.0333721904531859
"retry_unresolved_as_nondetection_chibar",FALSE,"equal_mix_chisq1_chisq2","planned",10,0.887,0.2,200,198,2,75,0.375,0.0342326598440729
"legacy_all_fit_df2",FALSE,"ordinary_chisq_df2","planned",10,0.94,0.2,200,200,0,107,0.535,0.0352686121076518
"original_warning_complete_case_chibar",FALSE,"equal_mix_chisq1_chisq2","observed",10,0.94,0.2,200,179,21,112,0.625698324022346,0.0361715289237463
"original_warning_missing_as_nondetection_chibar",FALSE,"equal_mix_chisq1_chisq2","planned",10,0.94,0.2,200,179,21,112,0.56,0.0350998575495685
"retry_resolved_chibar",TRUE,"equal_mix_chisq1_chisq2","observed",10,0.94,0.2,200,194,6,113,0.582474226804124,0.0354061851659491
"retry_resolved_df2",FALSE,"ordinary_chisq_df2","observed",10,0.94,0.2,200,194,6,106,0.54639175257732,0.0357430553627406
"retry_unresolved_as_nondetection_chibar",FALSE,"equal_mix_chisq1_chisq2","planned",10,0.94,0.2,200,194,6,113,0.565,0.0350553134346279
"legacy_all_fit_df2",FALSE,"ordinary_chisq_df2","planned",20,0.8,0.2,200,200,0,25,0.125,0.0233853586673371
"original_warning_complete_case_chibar",FALSE,"equal_mix_chisq1_chisq2","observed",20,0.8,0.2,200,200,0,30,0.15,0.0252487623459052
"original_warning_missing_as_nondetection_chibar",FALSE,"equal_mix_chisq1_chisq2","planned",20,0.8,0.2,200,200,0,30,0.15,0.0252487623459052
"retry_resolved_chibar",TRUE,"equal_mix_chisq1_chisq2","observed",20,0.8,0.2,200,200,0,30,0.15,0.0252487623459052
"retry_resolved_df2",FALSE,"ordinary_chisq_df2","observed",20,0.8,0.2,200,200,0,25,0.125,0.0233853586673371
"retry_unresolved_as_nondetection_chibar",FALSE,"equal_mix_chisq1_chisq2","planned",20,0.8,0.2,200,200,0,30,0.15,0.0252487623459052
"legacy_all_fit_df2",FALSE,"ordinary_chisq_df2","planned",20,0.887,0.2,200,200,0,52,0.26,0.0310161248385416
"original_warning_complete_case_chibar",FALSE,"equal_mix_chisq1_chisq2","observed",20,0.887,0.2,200,200,0,69,0.345,0.0336136133136561
"original_warning_missing_as_nondetection_chibar",FALSE,"equal_mix_chisq1_chisq2","planned",20,0.887,0.2,200,200,0,69,0.345,0.0336136133136561
"retry_resolved_chibar",TRUE,"equal_mix_chisq1_chisq2","observed",20,0.887,0.2,200,200,0,69,0.345,0.0336136133136561
"retry_resolved_df2",FALSE,"ordinary_chisq_df2","observed",20,0.887,0.2,200,200,0,52,0.26,0.0310161248385416
"retry_unresolved_as_nondetection_chibar",FALSE,"equal_mix_chisq1_chisq2","planned",20,0.887,0.2,200,200,0,69,0.345,0.0336136133136561
"legacy_all_fit_df2",FALSE,"ordinary_chisq_df2","planned",20,0.94,0.2,200,200,0,125,0.625,0.0342326598440729
"original_warning_complete_case_chibar",FALSE,"equal_mix_chisq1_chisq2","observed",20,0.94,0.2,200,200,0,137,0.685,0.0328462326606873
"original_warning_missing_as_nondetection_chibar",FALSE,"equal_mix_chisq1_chisq2","planned",20,0.94,0.2,200,200,0,137,0.685,0.0328462326606873
"retry_resolved_chibar",TRUE,"equal_mix_chisq1_chisq2","observed",20,0.94,0.2,200,200,0,137,0.685,0.0328462326606873
"retry_resolved_df2",FALSE,"ordinary_chisq_df2","observed",20,0.94,0.2,200,200,0,125,0.625,0.0342326598440729
"retry_unresolved_as_nondetection_chibar",FALSE,"equal_mix_chisq1_chisq2","planned",20,0.94,0.2,200,200,0,137,0.685,0.0328462326606873
"legacy_all_fit_df2",FALSE,"ordinary_chisq_df2","planned",40,0.8,0.2,200,200,0,15,0.075,0.0186245805321892
"original_warning_complete_case_chibar",FALSE,"equal_mix_chisq1_chisq2","observed",40,0.8,0.2,200,200,0,20,0.1,0.0212132034355964
"original_warning_missing_as_nondetection_chibar",FALSE,"equal_mix_chisq1_chisq2","planned",40,0.8,0.2,200,200,0,20,0.1,0.0212132034355964
"retry_resolved_chibar",TRUE,"equal_mix_chisq1_chisq2","observed",40,0.8,0.2,200,200,0,20,0.1,0.0212132034355964
"retry_resolved_df2",FALSE,"ordinary_chisq_df2","observed",40,0.8,0.2,200,200,0,15,0.075,0.0186245805321892
"retry_unresolved_as_nondetection_chibar",FALSE,"equal_mix_chisq1_chisq2","planned",40,0.8,0.2,200,200,0,20,0.1,0.0212132034355964
"legacy_all_fit_df2",FALSE,"ordinary_chisq_df2","planned",40,0.887,0.2,200,200,0,37,0.185,0.0274567842253968
"original_warning_complete_case_chibar",FALSE,"equal_mix_chisq1_chisq2","observed",40,0.887,0.2,200,200,0,50,0.25,0.0306186217847897
"original_warning_missing_as_nondetection_chibar",FALSE,"equal_mix_chisq1_chisq2","planned",40,0.887,0.2,200,200,0,50,0.25,0.0306186217847897
"retry_resolved_chibar",TRUE,"equal_mix_chisq1_chisq2","observed",40,0.887,0.2,200,200,0,50,0.25,0.0306186217847897
"retry_resolved_df2",FALSE,"ordinary_chisq_df2","observed",40,0.887,0.2,200,200,0,37,0.185,0.0274567842253968
"retry_unresolved_as_nondetection_chibar",FALSE,"equal_mix_chisq1_chisq2","planned",40,0.887,0.2,200,200,0,50,0.25,0.0306186217847897
"legacy_all_fit_df2",FALSE,"ordinary_chisq_df2","planned",40,0.94,0.2,200,200,0,117,0.585,0.0348407089480108
"original_warning_complete_case_chibar",FALSE,"equal_mix_chisq1_chisq2","observed",40,0.94,0.2,200,200,0,126,0.63,0.0341394200302231
"original_warning_missing_as_nondetection_chibar",FALSE,"equal_mix_chisq1_chisq2","planned",40,0.94,0.2,200,200,0,126,0.63,0.0341394200302231
"retry_resolved_chibar",TRUE,"equal_mix_chisq1_chisq2","observed",40,0.94,0.2,200,200,0,126,0.63,0.0341394200302231
"retry_resolved_df2",FALSE,"ordinary_chisq_df2","observed",40,0.94,0.2,200,200,0,117,0.585,0.0348407089480108
"retry_unresolved_as_nondetection_chibar",FALSE,"equal_mix_chisq1_chisq2","planned",40,0.94,0.2,200,200,0,126,0.63,0.0341394200302231
"legacy_all_fit_df2",FALSE,"ordinary_chisq_df2","planned",10,0.8,0.4,200,200,0,137,0.685,0.0328462326606873
"original_warning_complete_case_chibar",FALSE,"equal_mix_chisq1_chisq2","observed",10,0.8,0.4,200,185,15,144,0.778378378378378,0.0305362415120685
"original_warning_missing_as_nondetection_chibar",FALSE,"equal_mix_chisq1_chisq2","planned",10,0.8,0.4,200,185,15,144,0.72,0.0317490157327751
"retry_resolved_chibar",TRUE,"equal_mix_chisq1_chisq2","observed",10,0.8,0.4,200,199,1,145,0.728643216080402,0.0315210928614149
"retry_resolved_df2",FALSE,"ordinary_chisq_df2","observed",10,0.8,0.4,200,199,1,137,0.688442211055276,0.0328304256705811
"retry_unresolved_as_nondetection_chibar",FALSE,"equal_mix_chisq1_chisq2","planned",10,0.8,0.4,200,199,1,145,0.725,0.0315733273507877
"legacy_all_fit_df2",FALSE,"ordinary_chisq_df2","planned",10,0.887,0.4,200,200,0,178,0.89,0.0221246468898376
"original_warning_complete_case_chibar",FALSE,"equal_mix_chisq1_chisq2","observed",10,0.887,0.4,200,197,3,178,0.903553299492386,0.0210323336369815
"original_warning_missing_as_nondetection_chibar",FALSE,"equal_mix_chisq1_chisq2","planned",10,0.887,0.4,200,197,3,178,0.89,0.0221246468898376
"retry_resolved_chibar",TRUE,"equal_mix_chisq1_chisq2","observed",10,0.887,0.4,200,200,0,180,0.9,0.0212132034355964
"retry_resolved_df2",FALSE,"ordinary_chisq_df2","observed",10,0.887,0.4,200,200,0,178,0.89,0.0221246468898376
"retry_unresolved_as_nondetection_chibar",FALSE,"equal_mix_chisq1_chisq2","planned",10,0.887,0.4,200,200,0,180,0.9,0.0212132034355964
"legacy_all_fit_df2",FALSE,"ordinary_chisq_df2","planned",10,0.94,0.4,200,200,0,191,0.955,0.0146586152142691
"original_warning_complete_case_chibar",FALSE,"equal_mix_chisq1_chisq2","observed",10,0.94,0.4,200,199,1,192,0.964824120603015,0.0130593036409335
"original_warning_missing_as_nondetection_chibar",FALSE,"equal_mix_chisq1_chisq2","planned",10,0.94,0.4,200,199,1,192,0.96,0.013856406460551
"retry_resolved_chibar",TRUE,"equal_mix_chisq1_chisq2","observed",10,0.94,0.4,200,199,1,192,0.964824120603015,0.0130593036409335
"retry_resolved_df2",FALSE,"ordinary_chisq_df2","observed",10,0.94,0.4,200,199,1,191,0.959798994974874,0.0139245786490379
"retry_unresolved_as_nondetection_chibar",FALSE,"equal_mix_chisq1_chisq2","planned",10,0.94,0.4,200,199,1,192,0.96,0.013856406460551
"legacy_all_fit_df2",FALSE,"ordinary_chisq_df2","planned",20,0.8,0.4,200,200,0,133,0.665,0.0333747659167821
"original_warning_complete_case_chibar",FALSE,"equal_mix_chisq1_chisq2","observed",20,0.8,0.4,200,200,0,139,0.695,0.0325557214633619
"original_warning_missing_as_nondetection_chibar",FALSE,"equal_mix_chisq1_chisq2","planned",20,0.8,0.4,200,200,0,139,0.695,0.0325557214633619
"retry_resolved_chibar",TRUE,"equal_mix_chisq1_chisq2","observed",20,0.8,0.4,200,200,0,139,0.695,0.0325557214633619
"retry_resolved_df2",FALSE,"ordinary_chisq_df2","observed",20,0.8,0.4,200,200,0,133,0.665,0.0333747659167821
"retry_unresolved_as_nondetection_chibar",FALSE,"equal_mix_chisq1_chisq2","planned",20,0.8,0.4,200,200,0,139,0.695,0.0325557214633619
"legacy_all_fit_df2",FALSE,"ordinary_chisq_df2","planned",20,0.887,0.4,200,200,0,189,0.945,0.0161206389451535
"original_warning_complete_case_chibar",FALSE,"equal_mix_chisq1_chisq2","observed",20,0.887,0.4,200,200,0,192,0.96,0.013856406460551
"original_warning_missing_as_nondetection_chibar",FALSE,"equal_mix_chisq1_chisq2","planned",20,0.887,0.4,200,200,0,192,0.96,0.013856406460551
"retry_resolved_chibar",TRUE,"equal_mix_chisq1_chisq2","observed",20,0.887,0.4,200,200,0,192,0.96,0.013856406460551
"retry_resolved_df2",FALSE,"ordinary_chisq_df2","observed",20,0.887,0.4,200,200,0,189,0.945,0.0161206389451535
"retry_unresolved_as_nondetection_chibar",FALSE,"equal_mix_chisq1_chisq2","planned",20,0.887,0.4,200,200,0,192,0.96,0.013856406460551
"legacy_all_fit_df2",FALSE,"ordinary_chisq_df2","planned",20,0.94,0.4,200,200,0,200,1,0
"original_warning_complete_case_chibar",FALSE,"equal_mix_chisq1_chisq2","observed",20,0.94,0.4,200,200,0,200,1,0
"original_warning_missing_as_nondetection_chibar",FALSE,"equal_mix_chisq1_chisq2","planned",20,0.94,0.4,200,200,0,200,1,0
"retry_resolved_chibar",TRUE,"equal_mix_chisq1_chisq2","observed",20,0.94,0.4,200,200,0,200,1,0
"retry_resolved_df2",FALSE,"ordinary_chisq_df2","observed",20,0.94,0.4,200,200,0,200,1,0
"retry_unresolved_as_nondetection_chibar",FALSE,"equal_mix_chisq1_chisq2","planned",20,0.94,0.4,200,200,0,200,1,0
"legacy_all_fit_df2",FALSE,"ordinary_chisq_df2","planned",40,0.8,0.4,200,200,0,120,0.6,0.0346410161513775
"original_warning_complete_case_chibar",FALSE,"equal_mix_chisq1_chisq2","observed",40,0.8,0.4,200,200,0,133,0.665,0.0333747659167821
"original_warning_missing_as_nondetection_chibar",FALSE,"equal_mix_chisq1_chisq2","planned",40,0.8,0.4,200,200,0,133,0.665,0.0333747659167821
"retry_resolved_chibar",TRUE,"equal_mix_chisq1_chisq2","observed",40,0.8,0.4,200,200,0,133,0.665,0.0333747659167821
"retry_resolved_df2",FALSE,"ordinary_chisq_df2","observed",40,0.8,0.4,200,200,0,120,0.6,0.0346410161513775
"retry_unresolved_as_nondetection_chibar",FALSE,"equal_mix_chisq1_chisq2","planned",40,0.8,0.4,200,200,0,133,0.665,0.0333747659167821
"legacy_all_fit_df2",FALSE,"ordinary_chisq_df2","planned",40,0.887,0.4,200,200,0,190,0.95,0.0154110350074224
"original_warning_complete_case_chibar",FALSE,"equal_mix_chisq1_chisq2","observed",40,0.887,0.4,200,200,0,192,0.96,0.013856406460551
"original_warning_missing_as_nondetection_chibar",FALSE,"equal_mix_chisq1_chisq2","planned",40,0.887,0.4,200,200,0,192,0.96,0.013856406460551
"retry_resolved_chibar",TRUE,"equal_mix_chisq1_chisq2","observed",40,0.887,0.4,200,200,0,192,0.96,0.013856406460551
"retry_resolved_df2",FALSE,"ordinary_chisq_df2","observed",40,0.887,0.4,200,200,0,190,0.95,0.0154110350074224
"retry_unresolved_as_nondetection_chibar",FALSE,"equal_mix_chisq1_chisq2","planned",40,0.887,0.4,200,200,0,192,0.96,0.013856406460551
"legacy_all_fit_df2",FALSE,"ordinary_chisq_df2","planned",40,0.94,0.4,200,200,0,200,1,0
"original_warning_complete_case_chibar",FALSE,"equal_mix_chisq1_chisq2","observed",40,0.94,0.4,200,200,0,200,1,0
"original_warning_missing_as_nondetection_chibar",FALSE,"equal_mix_chisq1_chisq2","planned",40,0.94,0.4,200,200,0,200,1,0
"retry_resolved_chibar",TRUE,"equal_mix_chisq1_chisq2","observed",40,0.94,0.4,200,200,0,200,1,0
"retry_resolved_df2",FALSE,"ordinary_chisq_df2","observed",40,0.94,0.4,200,200,0,200,1,0
"retry_unresolved_as_nondetection_chibar",FALSE,"equal_mix_chisq1_chisq2","planned",40,0.94,0.4,200,200,0,200,1,0
