"n_items","target_rho","te_sd","n_warned","n_planned","warned_rate"
10,0.8,0.1,117,200,0.585
10,0.8,0.2,65,200,0.325
10,0.8,0.4,15,200,0.075
10,0.887,0.1,107,200,0.535
10,0.887,0.2,41,200,0.205
10,0.887,0.4,3,200,0.015
10,0.94,0.1,91,200,0.455
10,0.94,0.2,21,200,0.105
10,0.94,0.4,1,200,0.005
20,0.8,0.1,0,200,0
20,0.8,0.2,0,200,0
20,0.8,0.4,0,200,0
20,0.887,0.1,0,200,0
20,0.887,0.2,0,200,0
20,0.887,0.4,0,200,0
20,0.94,0.1,0,200,0
20,0.94,0.2,0,200,0
20,0.94,0.4,0,200,0
40,0.8,0.1,0,200,0
40,0.8,0.2,0,200,0
40,0.8,0.4,0,200,0
40,0.887,0.1,0,200,0
40,0.887,0.2,0,200,0
40,0.887,0.4,0,200,0
40,0.94,0.1,0,200,0
40,0.94,0.2,0,200,0
40,0.94,0.4,0,200,0
