"cond_id","delta","condition","focal_sd","score","n_reps","rho_reference","rho_focal","rho_gap","reject_rate","mcse","mean_d_hat","bias_d_hat","sd_d_hat"
"s5b_d00_balanced",0,"balanced",1,"EAP",200,0.799523035049809,0.799966205410329,-0.000443170360520329,0.04,0.013856406460551,-0.00221049087873173,-0.00221049087873173,0.0605564174623281
"s5b_d00_balanced",0,"balanced",1,"sum",200,0.799523035049809,0.799966205410329,-0.000443170360520329,0.035,0.012995191418367,-0.00204978801230873,-0.00204978801230873,0.0591224528661111
"s5b_d00_balanced",0,"balanced",1,"WLE",200,0.799523035049809,0.799966205410329,-0.000443170360520329,0.045,0.014658615214269,-0.00166469668392222,-0.00166469668392222,0.0614661324782557
"s5b_d00_imbalanced",0,"imbalanced",0.6,"EAP",200,0.799597390035175,0.612317252966433,0.187280137068742,0.035,0.012995191418367,-0.00254793234044297,-0.00254793234044297,0.05335719112161
"s5b_d00_imbalanced",0,"imbalanced",0.6,"sum",200,0.799597390035175,0.612317252966433,0.187280137068742,0.04,0.013856406460551,-0.00405595664483572,-0.00405595664483572,0.0540757516864852
"s5b_d00_imbalanced",0,"imbalanced",0.6,"WLE",200,0.799597390035175,0.612317252966433,0.187280137068742,0.045,0.014658615214269,0.000775537766229763,0.000775537766229763,0.0520743643665665
"s5b_d20_balanced",0.2,"balanced",1,"EAP",200,0.799783641745102,0.799153515141327,0.000630126603775039,0.84,0.0259229627936314,0.184752719593201,-0.0152472804067991,0.0635909267800128
"s5b_d20_balanced",0.2,"balanced",1,"sum",200,0.799783641745102,0.799153515141327,0.000630126603775039,0.83,0.0265612499705869,0.183313304536689,-0.0166866954633106,0.0630807989957004
"s5b_d20_balanced",0.2,"balanced",1,"WLE",200,0.799783641745102,0.799153515141327,0.000630126603775039,0.835,0.0262464283284412,0.184506311830866,-0.0154936881691337,0.0640857144556773
"s5b_d20_imbalanced",0.2,"imbalanced",0.6,"EAP",200,0.79943473804627,0.606148267068297,0.193286470977973,0.905,0.0207334271166153,0.188782221161436,-0.0112177788385643,0.0619548943957768
"s5b_d20_imbalanced",0.2,"imbalanced",0.6,"sum",200,0.79943473804627,0.606148267068297,0.193286470977973,0.915,0.019719913792915,0.197914082238093,-0.00208591776190711,0.0629160454565111
"s5b_d20_imbalanced",0.2,"imbalanced",0.6,"WLE",200,0.79943473804627,0.606148267068297,0.193286470977973,0.87,0.0237802439011882,0.174945509660025,-0.0250544903399753,0.0612173774556257
