"c","n_node","rho_tilde","rho_psd","w_bar","w_bar_truncated","mean_info","msem","msem_top_share","theta_var","theta_var_source","n_nodes","status"
1,60011,0.646903602516966,0.641917604654876,0.637063539764254,0.637063539764254,1.83208780131508,0.569702137356741,0.000123487400924212,1,"supplied",60011,"ok"
5,60011,0.932332956480334,0.906368544898554,0.15379026317883,0.15379026317883,13.7782428193329,5.50236223887063,0.00015773107558083,1,"supplied",60011,"ok"
10,60011,0.965734240483936,0.927833070366002,5.90710741789166e-12,5.90710741789166e-12,28.1836519640313,169287593613.967,0.000948385680398677,1,"supplied",60011,"ok"
20,60011,0.98266860725547,0.913137054278482,3.00258479445345e-38,3.00258479445345e-38,56.6987674758918,3.33046381187055e+37,0.00480960417166126,1,"supplied",60011,"ok"
50,60011,0.993006134295853,0.781853718612829,1.02185567725322e-119,1.02185567725322e-119,141.982442371902,9.78611776848987e+118,0.0165300941017694,1,"supplied",60011,"ok"
100,60011,0.996491627183575,0.522644599913775,8.76873790277593e-257,8.76873790277593e-257,284.032421673783,1.14041497315529e+256,0.035482421693454,1,"supplied",60011,"ok"
500,60011,0.999296404087698,0.141214724230637,0,0,1420.27033786776,Inf,0.162688630638373,1,"supplied",60011,"ok"
2000,60011,0.999824008678745,0.0431812535817523,0,0,5681.09837204447,Inf,0.39840364978012,1,"supplied",60011,"ok"
20000,60011,0.999982398083124,0.00562626931700668,0,0,56810.9942293604,Inf,0.4999999433866,1,"supplied",60011,"ok"
