"finding","scenario","input","quantity","value","reference","note"
"CX-02","smooth_three_normal",0.1,"Jbar",0.00244421590675133,0.02,""
"CX-02","smooth_three_normal",0.3,"Jbar",0.0184892142318096,0.02,""
"CX-02","smooth_three_normal",0.5,"Jbar",0.0372963003466285,0.02,""
"CX-02","smooth_three_normal",0.8,"Jbar",0.0489992089672457,0.02,""
"CX-02","smooth_three_normal",1,"Jbar",0.0455625518506128,0.02,""
"CX-02","smooth_three_normal",1.5,"Jbar",0.0250834604652539,0.02,""
"CX-02","smooth_three_normal",2,"Jbar",0.0104085831709958,0.02,""
"CX-02","smooth_three_normal",4,"Jbar",0.000486889425791497,0.02,""
"CX-02","smooth_three_normal",10,"Jbar",0.00176727726337098,0.02,""
"CX-02","smooth_three_normal",50,"Jbar",0.0129311094678381,0.02,""
"CX-02","smooth_three_normal",100,"Jbar",0.0264046306272057,0.02,""
"CX-02","smooth_three_normal",1,"root_at_Jbar_0.02",0.315071350140587,0.02,""
"CX-02","smooth_three_normal",2,"root_at_Jbar_0.02",1.63933952649415,0.02,""
"CX-02","smooth_three_normal",3,"root_at_Jbar_0.02",76.1346267614304,0.02,""
"CX-03","one_item_normal",2,"log_wbar",-1.64760577335319,-1.30685281944005,""
"CX-03","one_item_normal",4,"log_wbar",-5.92357307344956,-5.92055845832016,""
"CX-03","one_item_normal",6,"log_wbar",-15.1096285314734,-15.1096282421038,""
"CX-03","one_item_normal",8,"log_wbar",-28.5342640972007,-28.5342640972003,""
"CX-03","one_item_normal",10,"log_wbar",-46.0879769945719,-46.0879769945719,""
"CX-03","one_item_normal",2,"asymptotic_ratio",0.711234594227594,1,""
"CX-03","one_item_normal",4,"asymptotic_ratio",0.996989924260138,1,""
"CX-03","one_item_normal",6,"asymptotic_ratio",0.99999971063047,1,""
"CX-03","one_item_normal",8,"asymptotic_ratio",0.999999999999581,1,""
"CX-03","one_item_normal",10,"asymptotic_ratio",1,1,""
"CX-06","uniform_1_2_beta_0",1,"Jbar",0.149738499347878,0.367879441171442,""
"CX-06","uniform_1_2_beta_0",2,"Jbar",0.202433424120052,0.270670566473225,""
"CX-06","uniform_1_2_beta_0",4,"Jbar",0.0706034393265003,0.0732625555549367,""
"CX-06","uniform_1_2_beta_0",8,"Jbar",0.00268190076243538,0.00268370102322009,""
"CX-06","uniform_1_2_beta_0",16,"Jbar",1.80056239025487e-06,1.80056279550815e-06,""
"CX-06","uniform_1_2_beta_0",1,"rho_tilde",0.0123244215796015,0,""
"CX-06","uniform_1_2_beta_0",2,"rho_tilde",0.0165895946393701,0,""
"CX-06","uniform_1_2_beta_0",4,"rho_tilde",0.00584920544208018,0,""
"CX-06","uniform_1_2_beta_0",8,"rho_tilde",0.000223441792810074,0,""
"CX-06","uniform_1_2_beta_0",16,"rho_tilde",1.50046843340514e-07,0,""
"CX-11","pareto_lower_bound_nu_2",10,"log_unit_interval_lower_bound",3.49946136216483,Inf,""
"CX-11","pareto_lower_bound_nu_2",20,"log_unit_interval_lower_bound",11.5595798673897,Inf,""
"CX-11","pareto_lower_bound_nu_2",40,"log_unit_interval_lower_bound",29.552430980447,Inf,""
"CX-11","pareto_lower_bound_nu_2",80,"log_unit_interval_lower_bound",67.5097997165426,Inf,""
"CX-11","normal_upper_bound_control",1,"MSEM",5.29744254140026,NA,""
"CX-21","three_pl_spike",0.01,"K_analytic",0.953483129434464,0.953483129434464,""
"CX-21","three_pl_spike",0.1,"K_analytic",0.74415721188955,0.74415721188955,""
"CX-21","three_pl_spike",0.2,"K_analytic",0.597640521891475,0.597640521891475,""
"CX-21","three_pl_spike",0.5,"K_analytic",0.306852819440055,0.306852819440055,""
"CX-21","three_pl_spike",0.8,"K_analytic",0.107425794743161,0.107425794743161,""
"CX-21","three_pl_spike",0.99,"K_analytic",0.00501675050335726,0.00501675050335733,""
