"shape","n_items","guessing","c_turn_psd","c_turn_wbar","psd_max","wbar_max","psd_interior","psd_mono_practical","tilde_mono_wide"
"normal",10,0,10.4563955259127,2.83830242216217,0.930463498629632,0.825438732726996,TRUE,TRUE,TRUE
"skew_pos",10,0,9.58577241145239,1.18989811894946,0.921808764773127,0.709584254112093,TRUE,TRUE,TRUE
"bimodal",10,0,14.8047663784046,6.77029445744823,0.951118838574234,0.917150742255871,TRUE,TRUE,TRUE
"heavy_tail",10,0,11.4060925610648,1.41585753347947,0.927157228287025,0.703913428060811,TRUE,TRUE,TRUE
"normal",20,0,16.1494020801478,3.68403149864039,0.966464395185385,0.911988986641864,TRUE,TRUE,TRUE
"skew_pos",20,0,16.1494020801478,1.68472621578765,0.957862797830999,0.844127729088139,TRUE,TRUE,TRUE
"bimodal",20,0,16.1494020801478,6.20658444554691,0.97911522491675,0.957565349296682,TRUE,TRUE,TRUE
"heavy_tail",20,0,13.5720880829745,1.54445210494638,0.95596573440435,0.827209908055597,TRUE,TRUE,TRUE
"normal",40,0,17.6161636651498,4.78176249895018,0.984842701214263,0.960805258514787,TRUE,TRUE,TRUE
"skew_pos",40,0,16.1494020801478,1.68472621578765,0.97563235276777,0.920373282667402,TRUE,TRUE,TRUE
"bimodal",40,0,27.2073210537206,10.4563955259127,0.992764301175897,0.985235869158124,TRUE,TRUE,TRUE
"heavy_tail",40,0,12.4420453672751,1.54445210494638,0.972044456212643,0.908728205459354,TRUE,TRUE,TRUE
"normal",60,0,14.8047663784046,3.68403149864039,0.988453046240598,0.972470019511299,TRUE,TRUE,TRUE
"skew_pos",60,0,12.4420453672751,1.68472621578765,0.978812148859708,0.941827488253631,TRUE,TRUE,TRUE
"bimodal",60,0,24.9419780363097,8.05596063965163,0.995625653567021,0.990071079948519,TRUE,TRUE,TRUE
"heavy_tail",60,0,13.5720880829745,1.68472621578765,0.978239944400034,0.937331772217597,TRUE,TRUE,TRUE
"normal",10,0.2,9.58577241145239,2.00465255511057,0.881713057291951,0.659457541539013,TRUE,FALSE,TRUE
"skew_pos",10,0.2,13.5720880829745,1.68472621578765,0.899697818414901,0.604366019350534,TRUE,TRUE,TRUE
"bimodal",10,0.2,12.4420453672751,6.20658444554691,0.907995260447541,0.843845006735055,TRUE,TRUE,TRUE
"heavy_tail",10,0.2,11.4060925610648,1,0.893062055532928,0.495631611757742,TRUE,TRUE,TRUE
"normal",20,0.2,14.8047663784046,2.00465255511057,0.947093907566258,0.799073666391494,TRUE,TRUE,TRUE
"skew_pos",20,0.2,16.1494020801478,1.83774065448323,0.943955652443347,0.784917086264076,TRUE,TRUE,TRUE
"bimodal",20,0.2,16.1494020801478,5.21606375092565,0.96642350607892,0.922989795961696,TRUE,TRUE,TRUE
"heavy_tail",20,0.2,17.6161636651498,1.18989811894946,0.945228782479244,0.668946379274044,TRUE,TRUE,TRUE
"normal",40,0.2,16.1494020801478,2.18672414788655,0.974460297567767,0.898298821534952,TRUE,TRUE,TRUE
"skew_pos",40,0.2,17.6161636651498,2.00465255511057,0.969145443643112,0.878776015989534,TRUE,TRUE,TRUE
"bimodal",40,0.2,20.9614400082677,5.6898102027639,0.986972449425105,0.964302579743482,TRUE,TRUE,TRUE
"heavy_tail",40,0.2,13.5720880829745,1.09082451336109,0.961933642162158,0.789524862464014,TRUE,TRUE,TRUE
"normal",60,0.2,20.9614400082677,2.83830242216217,0.98401487426747,0.935877004470804,TRUE,TRUE,TRUE
"skew_pos",60,0.2,14.8047663784046,1.68472621578765,0.975687884324982,0.910345050736946,TRUE,TRUE,TRUE
"bimodal",60,0.2,27.2073210537206,6.77029445744823,0.993465101146296,0.980388403011128,TRUE,TRUE,TRUE
"heavy_tail",60,0.2,17.6161636651498,1.09082451336109,0.973045814847766,0.852070966318232,TRUE,TRUE,TRUE
