path,bytes,sha256,author,source,source_copyright,source_license
.gitattributes,251,77597ff0a5710922484b8e150a75fc445e30e47bded9c45c67d27434bcd9b98a,JoonHo Lee (jlee296@ua.edu),,,
.github/workflows/checks.yml,553,35c042f848b8131d7f9d2fad750bc875ff40663c18891a2fd732f69470dd3594,JoonHo Lee (jlee296@ua.edu),,,
.github/workflows/pages.yml,1040,35a44b853ae534a504e17f16da1f83efcfc1f53b6f23b079ea132e981190b7b0,JoonHo Lee (jlee296@ua.edu),,,
.gitignore,390,a964d092692aa1fda2cd59dfc46f2c827059e93119caf3bb31c586ab207ab61b,JoonHo Lee (jlee296@ua.edu),,,
CITATION.cff,683,3caae071cc92a855a0f15c2d79554491540734a797e252f13c52d1ba610a9457,JoonHo Lee (jlee296@ua.edu),,,
IRTsimrel-paper-replication.Rproj,154,10b651b08c507f23956f67bc79f55bb479dcda01e72576dbe944e374bab75bfe,JoonHo Lee (jlee296@ua.edu),,,
LICENSE,1084,8160092ff125ff74aaf1e99b98b00808b0ccd28de5a42826db032a61f98a91a1,JoonHo Lee (jlee296@ua.edu),,,
README.md,6415,5b417408b77cd4ad4030f62a6d654298f0ed68f748f1ac018a252eccbd29f7a7,JoonHo Lee (jlee296@ua.edu),,,
book/.gitignore,66,12bc223da7147455de172e289ebb33a51c78e90ff24c85b8c701c04caa3844d0,JoonHo Lee (jlee296@ua.edu),,,
book/01-setup.qmd,1799,a59bf8def471d5c702619788aa343bb5cf9cdc39277eda70357af9afd30a99c7,JoonHo Lee (jlee296@ua.edu),,,
book/02-example.qmd,1391,2750cceea8d86a7f3135d33ebbf1fcc7fbe08b4e52e9e9380f1060d44ed5c67e,JoonHo Lee (jlee296@ua.edu),,,
book/03-validation.qmd,5246,a2e365bf18fdda7caa70ea39fb8420c3e7897b11b3784c964935e6bbbbe99173,JoonHo Lee (jlee296@ua.edu),,,
book/04-applications.qmd,2858,e43da9d70f5205fd97c6f5c39361b119f1ecf0b86fd564fc8dfe518743337fac,JoonHo Lee (jlee296@ua.edu),,,
book/05-displays.qmd,1565,92c6df7b4040e38776080a003fc739fcd138d354e854a6b3d6c490425919ccb3,JoonHo Lee (jlee296@ua.edu),,,
book/06-checks.qmd,1444,9fb28c1e69d236475ad935ccceeace6a1771a5a39222c52413e8360ba7f5eef6,JoonHo Lee (jlee296@ua.edu),,,
book/_quarto.yml,765,fa019a721f21544b045178924a74768ceab82f6509bb272946eed565dff20192,JoonHo Lee (jlee296@ua.edu),,,
book/images/fig4_worked_example.png,127509,fcf6eb67aa11dbb95f31215ff90b86bb1999724bb031b77291947ac327b43544,JoonHo Lee (jlee296@ua.edu),,,
book/images/fig5_holdout.png,69395,e87e0e044dc72abf71c0ff5d2551dc8917be90b4546c4ded252a341a77d56bfe,JoonHo Lee (jlee296@ua.edu),,,
book/images/fig7_arm_a.png,94967,cce9ff58b601cb23dc002e31232b589c0aaf055436abf415c2f1e7383e0a9905,JoonHo Lee (jlee296@ua.edu),,,
book/index.qmd,1430,df0115caa018362892bea7cd55650648d7433c2e2261d22e41a7f7750a3953d8,JoonHo Lee (jlee296@ua.edu),,,
code/00_setup.R,4586,7f7fd00998bebd0b1187fee7ebef32cdb9d0e9428215c88b2011bb2c6f1db69a,JoonHo Lee (jlee296@ua.edu),,,
code/01_simulation/extensions.R,6004,4cac4d31cded928ed6483646e2540cab858e1d2c8c4c930098e730eb2921dc89,JoonHo Lee (jlee296@ua.edu),,,
code/01_simulation/feasibility.R,3161,78fe5de55e6fe4b3a04e7030515702283da881a074a64b8f7deca009f95e200a,JoonHo Lee (jlee296@ua.edu),,,
code/01_simulation/validation.R,9927,24fd90c031f8d789dcc7409dcf570d34613fc5bd234048960395257358760904,JoonHo Lee (jlee296@ua.edu),,,
code/01_simulation/worked_example.R,1605,a6505aaf9e99f370e9846b0bc7569ebb3d1ae6ccc49555ea53623a0385274397,JoonHo Lee (jlee296@ua.edu),,,
code/02_analysis/figures/fig02_anatomy.R,3454,64bfc571a275d4ac4c769b61c80a161e675988687c874e38693e546febce9b3a,JoonHo Lee (jlee296@ua.edu),,,
code/02_analysis/figures/fig03_functionals_vs_c.R,4504,04fd24f7db0c5e44f9c92a864b375a8366ecf67e1416ee9bab977285f920f87f,JoonHo Lee (jlee296@ua.edu),,,
code/02_analysis/figures/fig04_atlas.R,4355,b84daed4baf94d7c64e232116ad1bd02b063319fe55d9654013b983f237ce5f8,JoonHo Lee (jlee296@ua.edu),,,
code/02_analysis/figures/fig05_confounding.R,6089,11767b82dcd7b1f93c188a75ce1fcbebded795aefa254786e6c9ad79db468dc3,JoonHo Lee (jlee296@ua.edu),,,
code/02_analysis/figures/fig06_equalization.R,2778,2c71d550c06674b02b5026660b1f0f0d50519a93e9a24a0a9bdc9f46f5f2c83c,JoonHo Lee (jlee296@ua.edu),,,
code/02_analysis/figures/fig07_accuracy_reachability.R,6642,a13d138fbdb792944af84aff931c126fbba8cbb75499bd820256f58eb5b43cc2,JoonHo Lee (jlee296@ua.edu),,,
code/02_analysis/figures/fig08_cstar.R,2871,319d4fed3c1ea0e05a9f32f04c0c4a73f3ab0e0aed3d67eec51a7e415316b28c,JoonHo Lee (jlee296@ua.edu),,,
code/02_analysis/figures/fig09_dif_rates.R,7060,703061252ede8e97761806dad17ac3baedb80a663a1927abf1aac95a72d03734,JoonHo Lee (jlee296@ua.edu),,,
code/02_analysis/figures/fig11_replication.R,3667,9ef5354e7e7bf95a4400a86f0359e7182f44a6e7e278c373afaf3f04a901afc8,JoonHo Lee (jlee296@ua.edu),,,
code/02_analysis/figures/fig13_conventions.R,6409,81c9156521e1dd8f3aa47ada20a0c7b114cc78d01c1e953f21f8c442d58d1d1a,JoonHo Lee (jlee296@ua.edu),,,
code/02_analysis/figures/fig_common.R,7446,ac5826efa10f4a59ae3b9cbbd6b25a7bd78d26d7e5bcf1a40355ea94ee9a4fb5,JoonHo Lee (jlee296@ua.edu),,,
code/02_analysis/figures/fig_main_dif.R,4872,d6398fad34235d855dc1f5d79491cbfc83ad8d29fbff855705d125b0722b1f3d,JoonHo Lee (jlee296@ua.edu),,,
code/02_analysis/figures/fig_v5_arm_a.R,3493,3665ee694ed61befb323b0b24ade0385245869a6f104b55240aa32ec4069ceba,JoonHo Lee (jlee296@ua.edu),,,
code/02_analysis/figures/fig_v5_gaps.R,2795,6be6e8b069f309c25218faca2dab2031dc10b612649b6a81ad673fc448f83d9b,JoonHo Lee (jlee296@ua.edu),,,
code/02_analysis/figures/fig_v5_holdout.R,2715,3f6d7f25ce7ed228dabf7449b0794f85fd7ac542e815374f09275807756e03bf,JoonHo Lee (jlee296@ua.edu),,,
code/02_analysis/figures/fig_v5_worked_example.R,5190,e34a181df8dd275feea586562249a571fc44286b72541db6871a53a7741be1f7,JoonHo Lee (jlee296@ua.edu),,,
code/02_analysis/figures/osm_figures.R,6487,e36b3edcdfb00890018931670f79284a5417c7425578cac9c1494d44b7eca17c,JoonHo Lee (jlee296@ua.edu),,,
code/02_analysis/rebuild.R,1017,4d3a9e35798b053a612874a7ed2de471b1e19a24913f834f3c01f8301e016c6b,JoonHo Lee (jlee296@ua.edu),,,
code/02_analysis/summarize_run.R,1869,5aabcc9f053780d29cf454f41a49f7c971411e1439bf8450ab4d1204975c2d0c,JoonHo Lee (jlee296@ua.edu),,,
code/02_analysis/tables/common.py,2856,053a4d28111f76bfe959b6e2570db04d73853e823b4b8dcdfffa043a3a0f6b57,JoonHo Lee (jlee296@ua.edu),,,
code/02_analysis/tables/tables.py,9037,115ae5ddde9bd77ea4d0ccc4301e9d27113cf9019d9e54f29d2a14276fce21ce,JoonHo Lee (jlee296@ua.edu),,,
code/02_analysis/tables/tables_v5.py,13490,b4680d9b228f757b03d5acb080609c5538a683b3d7e97a8947caf7d603fb32a1,JoonHo Lee (jlee296@ua.edu),,,
code/03_verify.R,3472,2ac95edace171f29d867c0f9bea12fcbe9df378a0b3a5982630860c389e6599e,JoonHo Lee (jlee296@ua.edu),,,
code/install_dependencies.R,1247,70bfc51fb66cbd5cefa5d050ffa9d6198cfb48401f1b5a2af427163302f24cc7,JoonHo Lee (jlee296@ua.edu),,,
code/lib/fct_calibrate.R,25713,c6e784e7f3db1b8345368868bd763a6af8615c88f13f68346471ae107339c65d,JoonHo Lee (jlee296@ua.edu),,,
code/lib/fct_dif.R,8733,9c82fa1cff96c01d7ee0493993b29b7a546f950d4cb7664aed095b9a7a401475,JoonHo Lee (jlee296@ua.edu),,,
code/lib/fct_dif_cluster.R,37925,12a52809798035a1caf18eea1ed611f4261f62592d63d990cafee9668fd3062a,JoonHo Lee (jlee296@ua.edu),,,
code/lib/fct_ilhte.R,18131,8e16164601c8790a1b565d23c2afd0897d8369bdfad579267e68e8694ef14a2c,JoonHo Lee (jlee296@ua.edu),,,
code/lib/fct_implicit.R,4701,df5967001410b180ed7a1cf7feb45b937939bec349577b7ee0d6d6b67b6cd6f7,JoonHo Lee (jlee296@ua.edu),,,
code/lib/fct_reliability.R,7724,2648f24d636ec23d31b6157312d5d5e14aee41a82f7d29179d25c1223e1370d8,JoonHo Lee (jlee296@ua.edu),,,
code/lib/fct_rng.R,11372,f649754016d2d85ecb58d04048ef633770f5df14f70986ad7d94232048656216,JoonHo Lee (jlee296@ua.edu),,,
code/lib/fct_theory.R,8286,cf2cb6a899a45064a7ca07a6aee9b6968ee42901465c4cc6d110f3a9fa68bc0b,JoonHo Lee (jlee296@ua.edu),,,
code/lib/run_jobs.R,4225,5868465061f44e71c5b9977c66faa870b6f34421df4b0e8ff0811bc6b89643e6,JoonHo Lee (jlee296@ua.edu),,,
code/lib/study_workers.R,16625,ed427fa8318a0a1923638f0eb49f4787267ef536f9abbd47ef7d13892baa5d34,JoonHo Lee (jlee296@ua.edu),,,
code/maintenance/package_release.py,1343,9afa87f43247d8fffc9117397f5087bc53251fcf26169bd2faa2727708770024,JoonHo Lee (jlee296@ua.edu),,,
code/maintenance/release_manifest.py,2241,04a6786b276f206af9cb35a681a8395d0b9421e87fd72bfdf78d55b52939b902,JoonHo Lee (jlee296@ua.edu),,,
code/tests/checkpoint_checks.R,1243,f7048bc50623f0d18d7f66cbfbc3a5e98208ef97018fc37ba7aa6db112cce19c,JoonHo Lee (jlee296@ua.edu),,,
code/tests/infeasible_request.R,1165,fddfbc340e52aa076724ec2e9e803e54219315a0d1ab6a1cf56141e734d81ab1,JoonHo Lee (jlee296@ua.edu),,,
code/tests/numerical_checks.R,2088,71fe2ff39f7406d495da8b8b3f5a1cda2015722c2d0e2f85a7556c50db9b56ab,JoonHo Lee (jlee296@ua.edu),,,
config/design_recipes.csv,3458,fec15c838a877b71a74368ee83c65473522f16ddce50ff2a4a8b7e2f72334d62,JoonHo Lee (jlee296@ua.edu),,,
config/external_inputs.csv,195,5f15664507127f6f2cf3cab8dc35e8bf1cf4eeb5b41370844176822254b0d894,JoonHo Lee (jlee296@ua.edu),,,
config/s5_dif_design.yml,1019,fd2a5b69eb8d296186a457b749742b202a53b67f7d6adf5fd77ad4afdfc24829,JoonHo Lee (jlee296@ua.edu),,,
config/s5_form_cluster_design.yml,1414,59dd388b0e628a4c0b67c911d4f11042b6f90443d9db34ebd04bb7859e34b4f6,JoonHo Lee (jlee296@ua.edu),,,
config/s6_ilhte_design.yml,1915,e2e5d731fd3cdd13156c419c12f01cc786914c013e58db86eb28147c1bdc035f,JoonHo Lee (jlee296@ua.edu),,,
config/validation_design.yml,2987,3ffa1b5d1746fc2522dba92b29d65bd47b32bf43f005d9770bcdc3c57c7adbf0,JoonHo Lee (jlee296@ua.edu),,,
data/README.md,2501,2065e7b91670ca2087d00bb86462af1919aa02f0b9b011d8437d731420d93e64,JoonHo Lee (jlee296@ua.edu),,,
data/external/README.md,376,ebe75a712fce628662d3d45a30c84b82d4fc969549a4c2d7c4ec730b5efb3184,JoonHo Lee (jlee296@ua.edu),,,
data/fetch_irw_pool.R,2917,9aceb5a6ea95f448220a7b0c7eb2d23475a77019b08dfeaad68ccb09e6054bdd,JoonHo Lee (jlee296@ua.edu),,,
data/irw/LICENSE-MIT.txt,1070,f0ef9084fea059a08a8fe3e6eba4f23c2b3645f03fb959fa88302e7eb6bd4a73,JoonHo Lee (jlee296@ua.edu),https://github.com/itemresponsewarehouse/Rpkg/tree/cc96e459448ee9d268eb233881e949c1151cbdb6,Copyright (c) 2025 irw authors,MIT
data/irw/README.md,1130,d9fa3a919574a5d6174bdcd6cef7b6cdae38754c86ba3f4379938e87f1478787,JoonHo Lee (jlee296@ua.edu),,,
data/irw/irw_diff_pool.csv,377777,07dce30787985ac19f3da6b576ebd52242688afd6f959108496466547797fc07,JoonHo Lee (jlee296@ua.edu),https://github.com/itemresponsewarehouse/Rpkg/tree/cc96e459448ee9d268eb233881e949c1151cbdb6,Copyright (c) 2025 irw authors,MIT
data/precomputed/display/T_s1_atlas_provenance.csv,272,b69d709a764d281b33ba89eb9201e6290254fee331115bd285b80d8336b893bb,JoonHo Lee (jlee296@ua.edu),,,
data/precomputed/display/T_s1_cells.csv,94448,3b37a15a4ffa1cf4aa6a0b43ee95f1ff4042eada51e20640c968e70a78553786,JoonHo Lee (jlee296@ua.edu),,,
data/precomputed/display/T_s1_coverage_gap.csv,1234,b1afc3a8dd1f5da199af07777e38afcb7bccdfc9a89cbbca2575c3d98acc05f5,JoonHo Lee (jlee296@ua.edu),,,
data/precomputed/display/T_s1_equalization_cost.csv,60574,9b691cc78a6b90771e373b07c7bd6b8cbda87477b108988418d7a6449073c018,JoonHo Lee (jlee296@ua.edu),,,
data/precomputed/display/T_s1_equalization_summary.csv,823,4a59d560494804d30238997f58c52c0f493ab88228a280cc3b50ca0d7fae32ac,JoonHo Lee (jlee296@ua.edu),,,
data/precomputed/display/T_s1_variance_decomposition.csv,1235,363dc44381fb8a531386641e0fdeca7b73d4f9edc5d736529c2b10383d74f108,JoonHo Lee (jlee296@ua.edu),,,
data/precomputed/display/T_s6_arm_a.csv,27788,a73ba0ccdacbc5960421abf4bbf9d458a6481a278185b934a1510c61c738b04b,JoonHo Lee (jlee296@ua.edu),,,
data/precomputed/display/T_s6_arm_b_declared_primary.csv,6372,8765fd4aa2d69195e516c5df7835943fae48b4e5af9b6d4eb565f401889031de,JoonHo Lee (jlee296@ua.edu),,,
data/precomputed/results/s1/equalization_cost.csv,60574,9b691cc78a6b90771e373b07c7bd6b8cbda87477b108988418d7a6449073c018,JoonHo Lee (jlee296@ua.edu),,,
data/precomputed/results/s1/implicit_reliability.csv,28792813,e91b8a615c3ef9731b8169f1cff112322b71bfcb1e62c202383d917a68f59c90,JoonHo Lee (jlee296@ua.edu),,,
data/precomputed/results/s2/calibration.csv,912936,5b1de3f69a7f1dc5c650ecc1bb696fdebf2e1b2b62350467a4575191601e9b5c,JoonHo Lee (jlee296@ua.edu),,,
data/precomputed/results/s2/design_final.csv,72265,72e0cd108b60f8cdb18e3a11ea419eb8284d1fd06b47423d42d8181b28d65b53,JoonHo Lee (jlee296@ua.edu),,,
data/precomputed/results/s2/feasibility.csv,16098,b3a24422486708217ad587963ba6e5cc8dfd5870e653aef6b81dd62d52065f1f,JoonHo Lee (jlee296@ua.edu),,,
data/precomputed/results/s2/replication.csv,865496,beddfee3f00a86b84d08064b21f3aaf3d9f839ea626fb4985ede8070e4f1eec4,JoonHo Lee (jlee296@ua.edu),,,
data/precomputed/results/s2/sac_cold.csv,78332,5b0f669331a63ecd057efb74a1ac10dc0872be027d42514f2f2f46d78f01b016,JoonHo Lee (jlee296@ua.edu),,,
data/precomputed/results/s2/superpopulation_v031.csv,304345,6215834c8a372c6be3fc46e759618166b1730688b876636f79ecd1d356cd461e,JoonHo Lee (jlee296@ua.edu),,,
data/precomputed/results/s3/m_sensitivity.csv,230992,9b7c14f8b4bedcba80dab61d3ecc812532c37f2f167bbc9c57dfdd65e94c3ccb,JoonHo Lee (jlee296@ua.edu),,,
data/precomputed/results/s3/step_sensitivity.csv,120040,1508abda72d61f119e88f315c4f8f7b941f5739427e0ecd2f3b3ee0846683eb4,JoonHo Lee (jlee296@ua.edu),,,
data/precomputed/results/s4/recovery.csv,17430,ee39c934c1d1628a84f87986f77bd8a7c94d470124ef7ec5ff153a72a71c0afd,JoonHo Lee (jlee296@ua.edu),,,
data/precomputed/results/s5/dif_rates.csv,82092,7e64c9ba163412f5a831375c8b74633db31c275894258df6960d4c041a7c3c1d,JoonHo Lee (jlee296@ua.edu),,,
data/precomputed/results/s5_form_cluster/condition_catalog.csv,125153,c04f062796fbe7d7458e101e0999d8b27851e0262575f73811751cada7160b0a,JoonHo Lee (jlee296@ua.edu),,,
data/precomputed/results/s5_form_cluster/form_records.csv.gz,4749485,65aa2d1cabe126ed019425d2cbdf492d9c5e01f58ac1bbb477aa8a2a438357aa,JoonHo Lee (jlee296@ua.edu),,,
data/precomputed/results/s5_form_cluster/seed_registry.csv.gz,3938696,78fc4b01a72e247a55a3a78a5c9fc7d4dc4a54410ccf2bcfc296db856e09bafb,JoonHo Lee (jlee296@ua.edu),,,
data/precomputed/results/s5b/scores.csv,2391,bf5d325425a6b714de45cf4a8a622adfc0aa546b683d0af33e553dbc6962929d,JoonHo Lee (jlee296@ua.edu),,,
data/precomputed/results/s5c/dif_variants.csv,305072,7e1145ef10a56e87f2416403f9b40b89944d8f694b07f35a6d24c4fe73927c43,JoonHo Lee (jlee296@ua.edu),,,
data/precomputed/results/s6/arm_a_runs.csv,14315106,762323e1d8d32c0356cda42f2ec91ce4d0472f63fffe2195cbb27169c62da724,JoonHo Lee (jlee296@ua.edu),,,
data/precomputed/results/s6/arm_b_runs.csv,1920877,dc14fb3fd56b7919550edfcd21bb07a19ad9dd0e78ad2cb109fafc585914f096,JoonHo Lee (jlee296@ua.edu),,,
data/precomputed/results/s6/arm_b_runs_retry_resolved.csv,5315955,83ad6dee97b46433e5bce670202e23bf33342bf02f23b306dafc3a68d4583977,JoonHo Lee (jlee296@ua.edu),,,
data/precomputed/results/s6/fidelity_report.csv,7334,eb3f94e90d4f470a936c5e588ea46d4a345be6ec0a111affb8e2a8cf9b71edbd,JoonHo Lee (jlee296@ua.edu),,,
data/precomputed/results/theory/asymptotic_rates.csv,4610,7c07fe5c42c6f0e5380a1481a170bffdbe8ebb5297cc25dc21463cf29b4dc2a9,JoonHo Lee (jlee296@ua.edu),,,
data/precomputed/results/theory/c_inflation_3pl.csv,5628,7a52f5214bfa7dd2b1f0bd20ab37c7cd7154daaa1f45c6f0db49d070213fbc81,JoonHo Lee (jlee296@ua.edu),,,
data/precomputed/results/theory/curves_three_functionals.csv,552551,31977309ed4e20690e1a5b7229e2f06c0282bdea350a262b98eff27bf70bb36f,JoonHo Lee (jlee296@ua.edu),,,
data/precomputed/results/theory/estimand_contract_checks.csv,3983,5d182b2d421b554659910f6b3d28375e4bdc164ce9b84e8b7f2e4a7853efd6dd,JoonHo Lee (jlee296@ua.edu),,,
data/precomputed/results/theory/feasibility_ceilings.csv,19469,6dee92d124cb445f300197c5c4697aa36b3f391a4996ac17b1b4fa0d6fd0706c,JoonHo Lee (jlee296@ua.edu),,,
data/precomputed/results/theory/fig2_annotations.csv,468,c26494d08986e22e2d7d0293c737e3856655ed96f74f39dcdfd67a7474d7f2d7,JoonHo Lee (jlee296@ua.edu),,,
data/precomputed/results/theory/fig2_curves_item.csv,922034,241ef7118de07f2cc55d29c28603fcaa0a25c8c2cd233b42b0d097bd34f1698d,JoonHo Lee (jlee296@ua.edu),,,
data/precomputed/results/theory/fig2_curves_test.csv,91301,38a1136a5fec49addc3fbad016aa6dcff3109270ccf230451ce33ac33021ed44,JoonHo Lee (jlee296@ua.edu),,,
data/precomputed/results/theory/guttman_limit.csv,1481,b2b5f60a4a40eb389a66e6cde3f3d97e7c8032e9bc3c344b4faf148e5f930804,JoonHo Lee (jlee296@ua.edu),,,
data/precomputed/results/theory/root_census.csv,17486,77daf5c0a87fdc5aaf8202bfd87464d71d074b920c44ffdc183e0ea8b37008c7,JoonHo Lee (jlee296@ua.edu),,,
data/precomputed/results/theory/tail_truncation_sweep.csv,1131,5148f093fd44dcf78cd7151c18b7c410dcaecefc6b3ff005a55336090c62b172,JoonHo Lee (jlee296@ua.edu),,,
data/precomputed/results/theory/theory_checks.csv,5938,bd69735be5dcdbdeba63839c415a4b58223cd94a95cc58e77d0a405a1561b492,JoonHo Lee (jlee296@ua.edu),,,
data/precomputed/results/theory/theory_regression_values.csv,3437,813e18a22111bc79f210afa37415825d5328948e21c272640bc6d636e48c3eec,JoonHo Lee (jlee296@ua.edu),,,
data/precomputed/results/theory/turning_points.csv,3367,1f4d6af2487b553f049a2c45b585b4cc29df90742f4de76a3a53fdb5686216e0,JoonHo Lee (jlee296@ua.edu),,,
data/precomputed/software/normal_calibration.csv,829,3bb73c6c72132a2f63aa81a7b9207fa1591d66fc504476fa3c39f9fe4cd4237f,JoonHo Lee (jlee296@ua.edu),,,
data/precomputed/software/normal_item_form.csv,1220,161f22226dcbbc35941160f84c59fe7fe48a24cc78dcc66a8107ac1eb95f0179,JoonHo Lee (jlee296@ua.edu),,,
data/precomputed/software/normal_roots.csv,404,c49b55038aee1fafb3072a766134873c4468e49305c1f9b5773121ffc3e0ba87,JoonHo Lee (jlee296@ua.edu),,,
data/precomputed/software/unreachable_case.csv,309,5e8edcadec2159520cec3c6c5daae18119b2e6009c39e15c74f47ed175b6688e,JoonHo Lee (jlee296@ua.edu),,,
data/precomputed/software/unreachable_warnings.txt,462,66e10a0c9473112d7d2ee77b904d0fefefb09793388102235d4d613646478d86,JoonHo Lee (jlee296@ua.edu),,,
data/precomputed/tables/T_compute_budget.csv,1522,04b7a3a5a740f12d2b6820c583a4485215bc0ec83088653b250d02e95974eecb,JoonHo Lee (jlee296@ua.edu),,,
data/precomputed/tables/T_example.csv,308,c1f949c1f8de3a85c151bc2a7018874f6e354d485e7e55262e639e082c18e7a8,JoonHo Lee (jlee296@ua.edu),,,
data/precomputed/tables/T_irw_shape_reference.csv,886,904237b0d41ba3ab4d5dd32097e29fddfcff71f0a7acff47eb3cf63f5b230d1e,JoonHo Lee (jlee296@ua.edu),,,
data/precomputed/tables/T_latent_shapes.csv,663,bf076de3e1debbd140727180f6f6c6f122bac6cee761af75a1989b359bd2a811,JoonHo Lee (jlee296@ua.edu),,,
data/precomputed/tables/T_s1_atlas_provenance.csv,272,b69d709a764d281b33ba89eb9201e6290254fee331115bd285b80d8336b893bb,JoonHo Lee (jlee296@ua.edu),,,
data/precomputed/tables/T_s1_cells.csv,94448,3b37a15a4ffa1cf4aa6a0b43ee95f1ff4042eada51e20640c968e70a78553786,JoonHo Lee (jlee296@ua.edu),,,
data/precomputed/tables/T_s1_coverage_gap.csv,1234,b1afc3a8dd1f5da199af07777e38afcb7bccdfc9a89cbbca2575c3d98acc05f5,JoonHo Lee (jlee296@ua.edu),,,
data/precomputed/tables/T_s1_declared_claims.csv,620,3378edbc03115f8f84f624ff094feaa5dbf1082fd7ae8ebdd76734c435a19d1d,JoonHo Lee (jlee296@ua.edu),,,
data/precomputed/tables/T_s1_equalization_cost.csv,60574,9b691cc78a6b90771e373b07c7bd6b8cbda87477b108988418d7a6449073c018,JoonHo Lee (jlee296@ua.edu),,,
data/precomputed/tables/T_s1_equalization_summary.csv,823,4a59d560494804d30238997f58c52c0f493ab88228a280cc3b50ca0d7fae32ac,JoonHo Lee (jlee296@ua.edu),,,
data/precomputed/tables/T_s1_estimand_gap.csv,17026,66058fa37d379613872296868e3d85459f4848f4f39098f04bbe20ae041fde9d,JoonHo Lee (jlee296@ua.edu),,,
data/precomputed/tables/T_s1_estimand_gap_context.csv,300,deb5a53d59501e553a57e4ff24f8fa47c93f9c0230034880a52a38cb2af9183a,JoonHo Lee (jlee296@ua.edu),,,
data/precomputed/tables/T_s1_pool_claim.csv,116,8d2ba8b2ca6f0159d7c2da4e986b28ab4d9f3249c25bd4e692c76a2cb89c8e0f,JoonHo Lee (jlee296@ua.edu),,,
data/precomputed/tables/T_s1_pool_contrast.csv,23699,19f7e5f439dbbfed394e1006b1c06d7f97b93fdc633a45c57d6cb6854140f377,JoonHo Lee (jlee296@ua.edu),,,
data/precomputed/tables/T_s1_pool_contrast_by_recipe.csv,2535,eb8a408477709ce67af5ed7b17bce4e6ad1f51e9d5c59501543bae6c4e421e4f,JoonHo Lee (jlee296@ua.edu),,,
data/precomputed/tables/T_s1_recipe_coverage.csv,8386,f16bd094c03aefe95f2a1af1d459328aee9ec056c456c2e38d46eead231920b3,JoonHo Lee (jlee296@ua.edu),,,
data/precomputed/tables/T_s1_recipe_coverage_claim.csv,204,b42c2b3256d6b8a60efd50214f6b8e766dfc9110631f934091db19facc9b04fa,JoonHo Lee (jlee296@ua.edu),,,
data/precomputed/tables/T_s1_shape_claim.csv,474,e8f985a5e0da5a0eed21b60bb3ea421279f3d6e9344496cc79e092803f807977,JoonHo Lee (jlee296@ua.edu),,,
data/precomputed/tables/T_s1_shape_effect.csv,5377,2d8d7453d643d0a9f92bd22b0195257d1cf27aa405c684271a43ccb390cd962e,JoonHo Lee (jlee296@ua.edu),,,
data/precomputed/tables/T_s1_spread.csv,520,83a0dcbbef3c9d860b692bdcccb78217fc875e8c7d94b376c56169a72f1de062,JoonHo Lee (jlee296@ua.edu),,,
data/precomputed/tables/T_s1_variance_decomposition.csv,1235,363dc44381fb8a531386641e0fdeca7b73d4f9edc5d736529c2b10383d74f108,JoonHo Lee (jlee296@ua.edu),,,
data/precomputed/tables/T_s2_accuracy.csv,19295,ce97c041cc610866597bff8c1b37e8cf304836efb36442ba59c988b639f79a7e,JoonHo Lee (jlee296@ua.edu),,,
data/precomputed/tables/T_s2_agreement.csv,268,d87ab4f37cc30750c6e58d308edd022522682e0e97fb5399b83176cf5d7a14a4,JoonHo Lee (jlee296@ua.edu),,,
data/precomputed/tables/T_s2_c_inflation.csv,445,e8bf102bd20bf4c542d649c07f42ffb1d160f0f16c61e16b4327d7adce75cf11,JoonHo Lee (jlee296@ua.edu),,,
data/precomputed/tables/T_s2_coldstart.csv,170277,b1ab5d6a31625192dd7254e8c2cc31ea1ac6d32ae04e48a1c2f7e6e9f6e88cdc,JoonHo Lee (jlee296@ua.edu),,,
data/precomputed/tables/T_s2_coldstart_attenuation.csv,1613,02ae7b1c0a5c7c682acbad131008f08a325e0d2c2e5be33bf8c03f8b1e48317a,JoonHo Lee (jlee296@ua.edu),,,
data/precomputed/tables/T_s2_coldstart_highc_composition.csv,301,11806b53377a6beb86d39338fff9ac8aefefa38d032c4eac5a53c197ae540072,JoonHo Lee (jlee296@ua.edu),,,
data/precomputed/tables/T_s2_coldstart_summary.csv,412,1f90acd154514e9fba6d2211f04e7dcca4153ae1c96286520821581624f26245,JoonHo Lee (jlee296@ua.edu),,,
data/precomputed/tables/T_s2_jensen.csv,417,33155abbe9445445ff0924c770b6fd21123f7f60b64acd28483ce44a21b737b8,JoonHo Lee (jlee296@ua.edu),,,
data/precomputed/tables/T_s2_long.csv,383335,c4b4d6800bb48f3f2e2192d1425222cb8ed84ef626b704ac764e22b36f7fc4d0,JoonHo Lee (jlee296@ua.edu),,,
data/precomputed/tables/T_s2_multiroot_cells.csv,138,58bf327de9eae6eb45cdc402173d4ef086a3458a0b2e4d2d1f3b3946ec6ff056,JoonHo Lee (jlee296@ua.edu),,,
data/precomputed/tables/T_s2_reachability.csv,1124,242007db0d15849aa5dc01e15a91a7f533810db39ea1cb1d05db4a651fb5ba00,JoonHo Lee (jlee296@ua.edu),,,
data/precomputed/tables/T_s2_reachability_boundary.csv,230,c94f84baa4eaa691bd06629ad8e1c58a68ebff0cd91f24a5670d2c5ab5b6f501,JoonHo Lee (jlee296@ua.edu),,,
data/precomputed/tables/T_s2_reachability_unpruned.csv,694,0173f24aa66a397038fe7c1d8ac3a849ea7ba30f54914ee551745ff1089d565d,JoonHo Lee (jlee296@ua.edu),,,
data/precomputed/tables/T_s2_replication_by_N.csv,703,8cabbf098d9873f961efcf254df93c8535f778afa66609be44dc71d8a4bf52f4,JoonHo Lee (jlee296@ua.edu),,,
data/precomputed/tables/T_s2_replication_mechanism.csv,1233,c439ee07913b42c6a5268a43df3e0f34aa3b062eda71b8211ef7e5a112fe25c7,JoonHo Lee (jlee296@ua.edu),,,
data/precomputed/tables/T_s2_runtime.csv,1076,974d7c54050deb28c332ed21fe6a81f56019b5d683a80190e2ecd72c5f602b4e,JoonHo Lee (jlee296@ua.edu),,,
data/precomputed/tables/T_s2_sandwich.csv,218,e563486d14d54f17fdbbc41ce3aa8649f3fba4946723596a654806421166b4b9,JoonHo Lee (jlee296@ua.edu),,,
data/precomputed/tables/T_s2_superpopulation_estimands.csv,300512,57d599dbb97755bcb9e658d4f10f1707f0cca7254f212050c2074b24d280435f,JoonHo Lee (jlee296@ua.edu),,,
data/precomputed/tables/T_s2_superpopulation_status.csv,149,894ad15ee50eda597d63496b5d20327a52ddc0caeedfe33a096e81680643608d,JoonHo Lee (jlee296@ua.edu),,,
data/precomputed/tables/T_s2_theta_var_convention.csv,475,ee37d8cfd952736d930b084ac7cbdb114f875d571572fa1c3c14f661bc61f9f5,JoonHo Lee (jlee296@ua.edu),,,
data/precomputed/tables/T_s2_topology.csv,146,36aa543e178e84314079939bd0f531fe2ebef47523ae10f357ca495c37c57632,JoonHo Lee (jlee296@ua.edu),,,
data/precomputed/tables/T_s3_guidance.csv,333,4639ce30adf530a47b9d438006dfaee0f9833e43b5d340a23c1645c498f6590d,JoonHo Lee (jlee296@ua.edu),,,
data/precomputed/tables/T_s3_m.csv,878,a02ff8647782c9f8198d5d63bead75bc7e5c8e5f07a7dc5cb142196152afe0af,JoonHo Lee (jlee296@ua.edu),,,
data/precomputed/tables/T_s3_step.csv,1426,f2bcf3e4ad86af28f1390932a07fe2ab45a27be4dd536e03b1c9763279e87b8e,JoonHo Lee (jlee296@ua.edu),,,
data/precomputed/tables/T_s4_correspondence_test.csv,745,870e3733ff8cae83a37232d836e9358874741237410f281efeb35c32a52570cd,JoonHo Lee (jlee296@ua.edu),,,
data/precomputed/tables/T_s4_estimand_separation.csv,470,6328d38c9be34489bbaa0456d847935b4c059e40e171cb3c2b65d3ba3ad41cc1,JoonHo Lee (jlee296@ua.edu),,,
data/precomputed/tables/T_s4_nearest_by_cell.csv,179,adc3240974a832555e3b9136f816a2efc2d57df212f95f1e0fdfc944f2486819,JoonHo Lee (jlee296@ua.edu),,,
data/precomputed/tables/T_s4_recovery.csv,17430,ee39c934c1d1628a84f87986f77bd8a7c94d470124ef7ec5ff153a72a71c0afd,JoonHo Lee (jlee296@ua.edu),,,
data/precomputed/tables/T_s4_supported_correspondence.csv,745,870e3733ff8cae83a37232d836e9358874741237410f281efeb35c32a52570cd,JoonHo Lee (jlee296@ua.edu),,,
data/precomputed/tables/T_s5_by_arm.csv,4024,e3310bcf6783b6319bf80266b6389c4ff39c40aef9ac1972cfff58ed88135e39,JoonHo Lee (jlee296@ua.edu),,,
data/precomputed/tables/T_s5_conclusion_change.csv,1389,1c34bcaa1f094f6af27531738794267b64700dde508db19c45e09fa98adc5cee,JoonHo Lee (jlee296@ua.edu),,,
data/precomputed/tables/T_s5_conclusion_change_summary.csv,212,a321f6cb852416c61a886427edc76d56ec6ca30b3566556248537eba8241f0bb,JoonHo Lee (jlee296@ua.edu),,,
data/precomputed/tables/T_s5_contrast_did.csv,936,99b1931ca7437741451312e1d48614a24e39fcafbb06593d9ea1c85ddc561107,JoonHo Lee (jlee296@ua.edu),,,
data/precomputed/tables/T_s5_factor_contrasts.csv,2112,5af00e104f2169296f3faee373851259449d6b498d6167450f9329f933f2acf7,JoonHo Lee (jlee296@ua.edu),,,
data/precomputed/tables/T_s5_form_cluster_arm_covariance.csv,20143,92467f9c6d46890f23abbb55599ccdf89e15052861f14b913c313f824d56f3dd,JoonHo Lee (jlee296@ua.edu),,,
data/precomputed/tables/T_s5_form_cluster_bootstrap_provenance.csv,412,5b8438ca28b24a547156e2dbe40474133f90eb1b1d7f1f6e4f3a1ad74748e768,JoonHo Lee (jlee296@ua.edu),,,
data/precomputed/tables/T_s5_form_cluster_effect_contracts.csv,2695,429533c2053841092c25f57d4499079d589ecfdd6d5d30e6a38afdda4426c414,JoonHo Lee (jlee296@ua.edu),,,
data/precomputed/tables/T_s5_form_cluster_effect_magnitudes.csv,3517,5dea6655d8ec12ebdacbb43178c3a38b279472e0fd411163986e374d20617923,JoonHo Lee (jlee296@ua.edu),,,
data/precomputed/tables/T_s5_form_cluster_factor_contrasts.csv,11996,a71e8f783fadc5f7d9ac73328a4dfaded30befe752df8109f6ba3e4ac3193b7d,JoonHo Lee (jlee296@ua.edu),,,
data/precomputed/tables/T_s5_form_cluster_mh_failure_codes.csv,1637084,ac8faeabc74f654414dacd7df07385c291acc43f4c3de03dcd7ee47482d68565,JoonHo Lee (jlee296@ua.edu),,,
data/precomputed/tables/T_s5_form_cluster_mh_failures.csv,6933,1529fc57d4ad389a2d0a158cdaf1a75dc8f59f0c6804108eae17193d48410128,JoonHo Lee (jlee296@ua.edu),,,
data/precomputed/tables/T_s5_form_cluster_paired_arm_contrasts.csv,23063,c28e7b4ae008086aab6662d2e4092d47f96a1a229e5b26bb4cd2dc37234606bd,JoonHo Lee (jlee296@ua.edu),,,
data/precomputed/tables/T_s5_form_cluster_rates.csv,25908,3742831721b605c3ed1301037f6e526ab601bda79d88ebf73dc8a8f066ae79d7,JoonHo Lee (jlee296@ua.edu),,,
data/precomputed/tables/T_s5_form_cluster_retained_reconciliation.csv,7835,75f045271bbd0022fe54c6976aca8ee1b2dc0b4d9acdfbf83475b6d94ba7861c,JoonHo Lee (jlee296@ua.edu),,,
data/precomputed/tables/T_s5_form_cluster_summary_checks.csv,534,04450af8057d2ad416862e6a8d06a63ba398f04d6852873643c9cadc7786ee89,JoonHo Lee (jlee296@ua.edu),,,
data/precomputed/tables/T_s5_form_cluster_variant_contrasts.csv,6961,5e2f8f4f61f68f70f697d35d906c4c6efae2ad2a9f88a09225251fbf0ce0a6bc,JoonHo Lee (jlee296@ua.edu),,,
data/precomputed/tables/T_s5_metamodel.csv,1734,cfd6acfe8ecebe6197fcd5715afe6a2398ac4e59f694136d4c14031412f28cc8,JoonHo Lee (jlee296@ua.edu),,,
data/precomputed/tables/T_s5_mh_failure_summary.csv,294,c7bd28d851aa17575ca3b24c7a4c3aa39eefcf38866b3da71a2a50a11917c8a0,JoonHo Lee (jlee296@ua.edu),,,
data/precomputed/tables/T_s5_mh_failures.csv,3263,80dc3131fe347e3b0fcd022feac2b2f376e395eed533e66ad7ec5fb87c30c68e,JoonHo Lee (jlee296@ua.edu),,,
data/precomputed/tables/T_s5_power_vs_reliability.csv,833,b298268e625b735af984789c7a3bda3a7317fd6751a242ab10f66f0354ce684a,JoonHo Lee (jlee296@ua.edu),,,
data/precomputed/tables/T_s5_rates.csv,131029,9741e843332d3eb6a0beb032779662c6b4dcb4ea009671f8f223e25113ececa7,JoonHo Lee (jlee296@ua.edu),,,
data/precomputed/tables/T_s5c_contrast_by_variant.csv,1052,8251bb5dcee746e28a62c073d8a49e9484b622a28e46dfe007606152450d8aa4,JoonHo Lee (jlee296@ua.edu),,,
data/precomputed/tables/T_s5c_mh_failure_summary.csv,297,4addbf7d3195cd5dde520c984c52cced4293161e14e7d45bae6dda0a330cad51,JoonHo Lee (jlee296@ua.edu),,,
data/precomputed/tables/T_s5c_mh_failures.csv,9653,b747fbee317ad54f5170cb9bc1ac6047ee6ef1ccd33fecef1ad187b8fcb3fc76,JoonHo Lee (jlee296@ua.edu),,,
data/precomputed/tables/T_s5c_planted_magnitude.csv,2505,48d31bed4383f43f0ff2f70df861a6b9a268ed0470ca832f1d812ecf0751743b,JoonHo Lee (jlee296@ua.edu),,,
data/precomputed/tables/T_s5c_rates.csv,9192,c580469edbc1fccea8a4c807f93942fef77744af1fd011cc53ac31e410603b27,JoonHo Lee (jlee296@ua.edu),,,
data/precomputed/tables/T_s6_arm_a.csv,27788,a73ba0ccdacbc5960421abf4bbf9d458a6481a278185b934a1510c61c738b04b,JoonHo Lee (jlee296@ua.edu),,,
data/precomputed/tables/T_s6_arm_a_contract.csv,914,782d415c68b12a33fd1bae6456e29df6c005df01a9ab1817fc9c5a4c20cb51a9,JoonHo Lee (jlee296@ua.edu),,,
data/precomputed/tables/T_s6_arm_b.csv,9344,68ff09c2c3c4b2377911e609b57f2f248f52c143178617c7defcd0399848e62a,JoonHo Lee (jlee296@ua.edu),,,
data/precomputed/tables/T_s6_arm_b_boundary_sensitivity.csv,13416,3a41f7099e1be321ad0ff5a304498b5652847651903ffd040f8be5b0acbb1448,JoonHo Lee (jlee296@ua.edu),,,
data/precomputed/tables/T_s6_arm_b_conservative.csv,7327,ad6aa2b82c7b6c2a57b2bcb1a77211fa6a351496d856dab2aa25b8f988781967,JoonHo Lee (jlee296@ua.edu),,,
data/precomputed/tables/T_s6_arm_b_declared_primary.csv,6372,8765fd4aa2d69195e516c5df7835943fae48b4e5af9b6d4eb565f401889031de,JoonHo Lee (jlee296@ua.edu),,,
data/precomputed/tables/T_s6_bundle_attribution.csv,1126,c62cd484489578135da48efa878302996e9d7e8ade324baba0f5c3a79b92444a,JoonHo Lee (jlee296@ua.edu),,,
data/precomputed/tables/T_s6_bundle_attribution_boundary_sensitivity.csv,3901,91c06af322820a64e1788c79e86dec417b94fb953ec0f1ed208ee9e15bedf624,JoonHo Lee (jlee296@ua.edu),,,
data/precomputed/tables/T_s6_bundle_attribution_complete_case.csv,1432,dd997c55115c2ae88bcd50d64378aded50b16366ba0ebc3b07c7cfaf7eddf6a7,JoonHo Lee (jlee296@ua.edu),,,
data/precomputed/tables/T_s6_bundle_attribution_conservative.csv,2322,d9789f6a2673af2cbfdd6cf655f2af683b08625dc89ca27a9e2c7037c8db38f7,JoonHo Lee (jlee296@ua.edu),,,
data/precomputed/tables/T_s6_bundle_attribution_primary.csv,2499,c34c8c6b9336b59bcb1445c4ea62859cf2da18a9c4c48ae295f85d1bd40957cd,JoonHo Lee (jlee296@ua.edu),,,
data/precomputed/tables/T_s6_bundle_decomposition.csv,1126,c62cd484489578135da48efa878302996e9d7e8ade324baba0f5c3a79b92444a,JoonHo Lee (jlee296@ua.edu),,,
data/precomputed/tables/T_s6_fidelity.csv,9655,b9c1d772481e9ee37fb3beb3a68436abc9cd2ad3d59d4c0f0d7b6ac09e0fa309,JoonHo Lee (jlee296@ua.edu),,,
data/precomputed/tables/T_s6_fidelity_summary.csv,613,0e846fddb4391a07daa6c1a8452a5f96e2d3165256054d9ad9f8ecc2ed5bef69,JoonHo Lee (jlee296@ua.edu),,,
data/precomputed/tables/T_s6_fit_diagnostic_breakdown.csv,332,a512b957a4d2d0ee3996b0ebac2e1bf5b040eee7b3ffcac51bc58bad0a6746ca,JoonHo Lee (jlee296@ua.edu),,,
data/precomputed/tables/T_s6_fit_nonreproduced_rows.csv,7422,cb0107b140a7e82c3733deb5de42b713b10081979a04877a4aba0d24eb14ed1b,JoonHo Lee (jlee296@ua.edu),,,
data/precomputed/tables/T_s6_fit_reproduction_error_summary.csv,608,8bf6b09e1efacf5cd5a76a658d6669c1ce16431b2f70ff2ffbc29db07e1286f0,JoonHo Lee (jlee296@ua.edu),,,
data/precomputed/tables/T_s6_fit_reproduction_gap.csv,394,a586ee9402ce323b27bf76593174bf52a4a367ac56d659fd5c2d97b9f5b8e971,JoonHo Lee (jlee296@ua.edu),,,
data/precomputed/tables/T_s6_fit_retry_outcomes.csv,743,34b8d4d175a7d492d28a8aa346feb2abfcb4682b0536d0d8ddc17c10c8a13bcf,JoonHo Lee (jlee296@ua.edu),,,
data/precomputed/tables/T_s6_fit_sensitivity.csv,20241,89e54c0a2d91e6df9850101dd6b58e18f48ed45b43405e183169311df95036f2,JoonHo Lee (jlee296@ua.edu),,,
data/precomputed/tables/T_s6_fit_warning_breakdown.csv,653,ea76883faa85064042275074ae6614cf5345ae45bb64f64c8f29c98d78cc1b59,JoonHo Lee (jlee296@ua.edu),,,
data/precomputed/tables/T_s6_metamodel_collinearity.csv,175,11962b5d7b444c6fcb3f96f7edd43ea8ed5b2bbf0f6e345e3e4960116b99d2e1,JoonHo Lee (jlee296@ua.edu),,,
data/precomputed/tables/T_s6_te_scale_sensitivity.csv,2620,bac8763c59c6b7c27b5d7e959e78e7e8e060cca98aae1cb4ee0c918fdc71b756,JoonHo Lee (jlee296@ua.edu),,,
data/software/IRTsimrel_0.3.0.tar.gz,455300,33e45a79008a607c5e4683419fc306ff9f2d2248650cb970e287ef55f7580de8,JoonHo Lee (jlee296@ua.edu),,,
data/software/IRTsimrel_0.3.1.tar.gz,466172,96025549a8fcb6c9479d5e13c47d60509e1cde03ccde9cef2df76060f5242c4f,JoonHo Lee (jlee296@ua.edu),,,
docs/data-dictionary.md,3418,b9517ebe54a4094299ef84314f481b144b67626676d6b5b0a562bf6bedce4035,JoonHo Lee (jlee296@ua.edu),,,
docs/reproduction-scope.md,4005,57090e1e3ab2ae131d4394307db13be1bbfcf943a887288912afe3b5aeae8d81,JoonHo Lee (jlee296@ua.edu),,,
docs/third-party-sources.md,1638,16111f7472d198c8c795f6ec93c2bed5ae50aca718717e3203f15754ce066f6b,JoonHo Lee (jlee296@ua.edu),,,
environment/README.md,1885,61f4adebf130f7d3b618f6bd190fa093dec9fbb5cc94f0ebcaa4a9a1abea9087,JoonHo Lee (jlee296@ua.edu),,,
environment/packages.csv,594,aa729524d40be2c720448e9ea9b8ace6242f40383bf2968f06547441e5a4f8c5,JoonHo Lee (jlee296@ua.edu),,,
manifest/reproduction-map.csv,11135,06b61a92f770520fe33d7a19c451691eba91319a17fae0a851185293c0ba70bf,JoonHo Lee (jlee296@ua.edu),,,
output/README.md,682,7c078f2a33a9237e34475a49896da620e050a530b4c398285a667640adbde0a7,JoonHo Lee (jlee296@ua.edu),,,
renv.lock,164414,2e74317480f47fc4884161c74219166ea6276490f1195a88bd28bfc8eb26f934,JoonHo Lee (jlee296@ua.edu),,,
run_all.R,2389,889edf876ba1e06e011da0babc01396be7d312595c970488ec257a6cc4bbfd0f,JoonHo Lee (jlee296@ua.edu),,,
verification/expected/example/normal_calibration.csv,829,3bb73c6c72132a2f63aa81a7b9207fa1591d66fc504476fa3c39f9fe4cd4237f,JoonHo Lee (jlee296@ua.edu),,,
verification/expected/example/normal_item_form.csv,1220,161f22226dcbbc35941160f84c59fe7fe48a24cc78dcc66a8107ac1eb95f0179,JoonHo Lee (jlee296@ua.edu),,,
verification/expected/example/normal_roots.csv,404,c49b55038aee1fafb3072a766134873c4468e49305c1f9b5773121ffc3e0ba87,JoonHo Lee (jlee296@ua.edu),,,
verification/expected/example/unreachable_case.csv,309,5e8edcadec2159520cec3c6c5daae18119b2e6009c39e15c74f47ed175b6688e,JoonHo Lee (jlee296@ua.edu),,,
verification/expected/example/unreachable_warnings.txt,462,66e10a0c9473112d7d2ee77b904d0fefefb09793388102235d4d613646478d86,JoonHo Lee (jlee296@ua.edu),,,
verification/expected/fig3_forward_inverse.tex,1590,3f7d7bef07e5f6a4779681f33ab70de367e08d0655184215fe4ac769a16c7254,JoonHo Lee (jlee296@ua.edu),,,
verification/release-checks.md,4925,abbea26a6040f06e4d4ae4e48fa25b924cc17d5d6f88d45638fa6a5cb8272188,JoonHo Lee (jlee296@ua.edu),,,
verification/tables/floats/tab_c_inflation.tex,755,1df96b5d953f0c2f74e0620c92b30d5d1437a1a0e20c7bec9fcc6eddf91a986d,JoonHo Lee (jlee296@ua.edu),,,
verification/tables/floats/tab_estimand_conventions.tex,1819,7c96ee8c9b1adcf5c8b00ce927fc4ba939321c15002d6ef007a6eee0537dff3a,JoonHo Lee (jlee296@ua.edu),,,
verification/tables/floats/tab_jensen_gap.tex,1008,69378ff9d11d061de28c7cd455bc4bd1ae7c05021b509b84af2d0ac96356494f,JoonHo Lee (jlee296@ua.edu),,,
verification/tables/floats/tab_latent_shapes.tex,817,9c81a80a8a6a90e8b575e1695150558f9dc65519ffd1d8b2609e6dd3fc6d4d58,JoonHo Lee (jlee296@ua.edu),,,
verification/tables/floats/tab_main_null.tex,1004,fce901ab44f54e50be8bd16d5268c06e25db37a2652ebd57c61e2fb8c1f0134b,JoonHo Lee (jlee296@ua.edu),,,
verification/tables/floats/tab_s2_accuracy.tex,1314,6566f72dd73a211790c631165e51bc9e4f841a332000140074e2227e5bd13892,JoonHo Lee (jlee296@ua.edu),,,
verification/tables/floats/tab_s2_coldstart.tex,734,87ad9ab4daf488cd1060da6e2e33428593319a66e339341f8739318e1395a381,JoonHo Lee (jlee296@ua.edu),,,
verification/tables/floats/tab_s2_reachability.tex,1971,82693f55bf2ecfa5c5899405b8f2eb4f903353a06a8c1d6129e603735fcdb3a4,JoonHo Lee (jlee296@ua.edu),,,
verification/tables/floats/tab_s2_reachability_unpruned.tex,1139,d5f99bb2ee2416af8e77a063e98258afd1db6e5a79111c02543b6269266e2ed8,JoonHo Lee (jlee296@ua.edu),,,
verification/tables/floats/tab_s2_replication.tex,1123,eaa6bd4798dea0af8507abcccd63eaf3d3e11d556399e4cf1ca80ea096d112dc,JoonHo Lee (jlee296@ua.edu),,,
verification/tables/floats/tab_s3_step.tex,1690,0b647df76e360c4b9d8822c2b28b9768cf822385dbc6047516dbd13506f884f5,JoonHo Lee (jlee296@ua.edu),,,
verification/tables/floats/tab_s4_correspondence.tex,1039,c606c269cdccc77ada427bb6032f421f5fb373c23b34ae49ab08bbdab660a8bd,JoonHo Lee (jlee296@ua.edu),,,
verification/tables/floats/tab_s5_did.tex,1539,6b27bcec654d46a44b2cd30061081036a23476ccb598764cd0904f5495f76650,JoonHo Lee (jlee296@ua.edu),,,
verification/tables/floats/tab_s5b_scores.tex,1936,a8a2119b8311a35a40a0a181336db107824b93e75a25563938aacfc805f81c5b,JoonHo Lee (jlee296@ua.edu),,,
verification/tables/floats/tab_s5c_contrast.tex,2770,78906b94a2713240683c952cf38decfc6397d38f59b070efd2344f5233ca03cf,JoonHo Lee (jlee296@ua.edu),,,
verification/tables/floats/tab_s5c_magnitude.tex,1750,c1a99223a84fe439858dfbe70638f4f215f11e4b85ded7e5efdc064f4a35888b,JoonHo Lee (jlee296@ua.edu),,,
verification/tables/floats/tab_s6_arms.tex,2367,41e0ff03242fcc468df41e13e33213742897376d406f1a568432c378bd84240e,JoonHo Lee (jlee296@ua.edu),,,
verification/tables/floats/tab_s6_fidelity.tex,1216,f09f5ad12eeed4aba2297b3e37ba2e3c0841240caf7b1392f6425e53787be6b3,JoonHo Lee (jlee296@ua.edu),,,
verification/tables/floats/tab_s6_te_scale.tex,2066,3d7a7a88698090e8c36d9ac6874fb3d6478b69676837a1f4b497bc12c9bec359,JoonHo Lee (jlee296@ua.edu),,,
verification/tables/floats/tab_settings.tex,2855,bc6562fe4771b59d8b922e71afd12c6f94ec228bdadf6b678e652d86a557ac20,JoonHo Lee (jlee296@ua.edu),,,
verification/tables/floats/tab_shape_realism.tex,1091,fe37b8baf43bbaac91820654c4715a8ae962467184dbf996312cc8d0f3d95bb0,JoonHo Lee (jlee296@ua.edu),,,
verification/tables/floats/tab_theta_var.tex,979,c2079871d2d6a2877a1fb2e5a422e6de32d0c31310a162fcab4111ce556714a2,JoonHo Lee (jlee296@ua.edu),,,
verification/tables/inline_app-blocks.tex,1415,7255f08e3ef403b80da84956994244872c837cc708be8143066e1ab771272a2f,JoonHo Lee (jlee296@ua.edu),,,
verification/tables/inline_app-slope.tex,647,13d8b685cb4727433f7673a1e2264598a2e8720e2751c8b71e8831ef9b4fce88,JoonHo Lee (jlee296@ua.edu),,,
verification/tables/tables/tab_arm_a_all.tex,2053,55b5d9b5e06fc83466ce484b6cae7291f927457a321d873c58e2fc875763a8cf,JoonHo Lee (jlee296@ua.edu),,,
verification/tables/tables/tab_checklist.tex,3274,ed6bf25bbe200c53beefe7726e6cf9718312ed07bf5b765b0abf1ea58dc0b1d9,JoonHo Lee (jlee296@ua.edu),,,
verification/tables/tables/tab_function_mapping.tex,2636,9135dcd3a6894a56c5946905b0d1ac0f97584c5f99aa4d6d4553fc8eda9da109,JoonHo Lee (jlee296@ua.edu),,,
verification/tables/tables/tab_guttman_limit.tex,1455,3dfdeb6390ce5a6e45a2545301479648bb0c734da70c8133325aeacdea47aa26,JoonHo Lee (jlee296@ua.edu),,,
verification/tables/tables/tab_holdout_by_cell.tex,1951,5a0fbcbb6e58714199457eb888096f6e26a4ff5cee5d22652887303c05988681,JoonHo Lee (jlee296@ua.edu),,,
verification/tables/tables/tab_indices.tex,2241,b36087dc0bea132f02e82d96698a3cefd11e28ec8fcd5adb0f4d9d9c2e26f08f,JoonHo Lee (jlee296@ua.edu),,,
verification/tables/tables/tab_main_evidence.tex,2632,927fb511d9c3042bf2d52b1701199c5aa28513135eca57ec3f60e02c89442d5b,JoonHo Lee (jlee296@ua.edu),,,
verification/tables/tables/tab_runtime.tex,955,80e060be36ac4fef6d76fbc08bc58c7e9df5ec7fcfed4e399eb42adcca8ffb73,JoonHo Lee (jlee296@ua.edu),,,
verification/tables/tables/tab_sc03_cstar_by_shape.tex,602,0bdd3e94eebeb96beb996a53463ef64f5d5ea97fcbd5d48aeab90b4bc7c97978,JoonHo Lee (jlee296@ua.edu),,,
verification/tables/tables/tab_sc03_failures.tex,575,69394e04472407787e26c5eebbc4a4083ea580329c13d24b9523bbda93691298,JoonHo Lee (jlee296@ua.edu),,,
verification/tables/tables/tab_sc04_holdout_by_M.tex,647,ca10ef505974830e8f1b92e9067772664761708be88546df7132f0d327fcb138,JoonHo Lee (jlee296@ua.edu),,,
verification/tables/tables/tab_se03_arm_a_logit.tex,577,cb30f4f5b3ba6c88db49316c930ad24882f233371b037b26fca11f0cd033b968,JoonHo Lee (jlee296@ua.edu),,,
verification/tables/tables/tab_tail_truncation.tex,1650,91b713c0fa14c1716ba18daf5c488fc2a6be8f9cfabf153c89987e381aa70024,JoonHo Lee (jlee296@ua.edu),,,
verification/tables/tables/tab_turning_points.tex,2790,c1d31312e10579e440f0464fb6f60bef94cce83eba157d7c8ef62806db0dea6b,JoonHo Lee (jlee296@ua.edu),,,
verification/tables/wrapped_app-arm-logit.tex,300,7cb5e834cb8bb0b44661750a3fe6001e6023ee7ba4f7ae261a87445ee05bbccf,JoonHo Lee (jlee296@ua.edu),,,
verification/tables/wrapped_app-cstar.tex,267,1b6d24007b2d64f0efd29d07adab293490dca2b464eb347908ed9ddf0774d0af,JoonHo Lee (jlee296@ua.edu),,,
verification/tables/wrapped_app-fail.tex,230,d7d4c207f1ac52464ce7016c0934233519076f69932236932dfdb1930a9ed615,JoonHo Lee (jlee296@ua.edu),,,
verification/tables/wrapped_app-holdout.tex,250,f2938fec8b15365849ef2f3a1670870087adfc7e4f8f08b343241a41e53846a1,JoonHo Lee (jlee296@ua.edu),,,
