exhibit,label,manuscript_page,scope,entry_point,artifact,inputs,author
Figure 1,fig:anatomy,6,rebuild from retained inputs,code/02_analysis/figures/fig02_anatomy.R,output/figures/fig2_anatomy.pdf,data/precomputed/results/theory/fig2_annotations.csv; data/precomputed/results/theory/fig2_curves_item.csv; data/precomputed/results/theory/fig2_curves_test.csv,JoonHo Lee (jlee296@ua.edu)
Table 1,tab:indices,7,retained reference fragment,,verification/tables/tables/tab_indices.tex,,JoonHo Lee (jlee296@ua.edu)
Figure 2,fig:functionals,8,rebuild from retained inputs,code/02_analysis/figures/fig03_functionals_vs_c.R,output/figures/fig3_functionals_vs_c.pdf,data/precomputed/results/theory/curves_three_functionals.csv; data/precomputed/results/theory/turning_points.csv,JoonHo Lee (jlee296@ua.edu)
Figure 3,fig:forward-inverse,10,conceptual source,,verification/expected/fig3_forward_inverse.tex,,JoonHo Lee (jlee296@ua.edu)
Figure 4,fig:example,13,rebuild from retained inputs,code/02_analysis/figures/fig_v5_worked_example.R,output/figures/fig4_worked_example.pdf,data/precomputed/software/normal_calibration.csv; data/precomputed/software/normal_item_form.csv,JoonHo Lee (jlee296@ua.edu)
Table 2,tab:evidence,14,retained reference fragment,,verification/tables/tables/tab_main_evidence.tex,,JoonHo Lee (jlee296@ua.edu)
Figure 5,fig:holdout,16,rebuild from retained inputs,code/02_analysis/figures/fig_v5_holdout.R,output/figures/fig5_holdout.pdf,data/precomputed/results/s3/m_sensitivity.csv,JoonHo Lee (jlee296@ua.edu)
Figure 6,fig:cstar,17,rebuild from retained inputs,code/02_analysis/figures/fig08_cstar.R,output/figures/fig8_cstar.pdf,data/precomputed/results/s2/calibration.csv,JoonHo Lee (jlee296@ua.edu)
Figure 7,fig:arm-a,19,rebuild from retained inputs,code/02_analysis/figures/fig_v5_arm_a.R,output/figures/fig7_arm_a.pdf,data/precomputed/tables/T_s6_arm_a.csv,JoonHo Lee (jlee296@ua.edu)
Table 3,tab:checklist,22,retained reference fragment,,verification/tables/tables/tab_checklist.tex,,JoonHo Lee (jlee296@ua.edu)
Figure A.1,fig:gaps,32,rebuild from retained inputs,code/02_analysis/figures/fig_v5_gaps.R,output/figures/figA1_gaps.pdf,data/precomputed/results/s2/calibration.csv,JoonHo Lee (jlee296@ua.edu)
Table A.1,tab:s4-correspondence,38,retained reference fragment,,verification/tables/floats/tab_s4_correspondence.tex,,JoonHo Lee (jlee296@ua.edu)
Table A.2,tab:turning,39,recalculate numerical table; final wrapper retained,code/02_analysis/tables/tables_v5.py,output/tables/tab_turning_points.tex,,JoonHo Lee (jlee296@ua.edu)
Table A.3,tab:guttman,40,recalculate numerical table; final wrapper retained,code/02_analysis/tables/tables_v5.py,output/tables/tab_guttman_limit.tex,,JoonHo Lee (jlee296@ua.edu)
Table A.4,tab:tail-trunc,40,recalculate numerical table; final wrapper retained,code/02_analysis/tables/tables_v5.py,output/tables/tab_tail_truncation.tex,,JoonHo Lee (jlee296@ua.edu)
Table B.1,tab:s2-accuracy,48,retained reference fragment,,verification/tables/floats/tab_s2_accuracy.tex,data/precomputed/tables/T_s2_accuracy.csv,JoonHo Lee (jlee296@ua.edu)
Table B.2,tab:s2-coldstart,48,retained reference fragment,,verification/tables/floats/tab_s2_coldstart.tex,,JoonHo Lee (jlee296@ua.edu)
Table B.3,tab:s3-step,49,retained reference fragment,,verification/tables/floats/tab_s3_step.tex,data/precomputed/tables/T_s3_step.csv,JoonHo Lee (jlee296@ua.edu)
Table B.4,tab:runtime,49,recalculate numerical table; final wrapper retained,code/02_analysis/tables/tables_v5.py,output/tables/tab_runtime.tex,,JoonHo Lee (jlee296@ua.edu)
Table B.5,tab:theta-var,50,retained reference fragment,,verification/tables/floats/tab_theta_var.tex,,JoonHo Lee (jlee296@ua.edu)
Table B.6,tab:settings,50,retained reference fragment,,verification/tables/floats/tab_settings.tex,,JoonHo Lee (jlee296@ua.edu)
Table B.7,tab:estimand-conventions,51,retained reference fragment,,verification/tables/floats/tab_estimand_conventions.tex,,JoonHo Lee (jlee296@ua.edu)
Table C.1,tab:app-blocks,52,retained reference fragment,,verification/tables/inline_app-blocks.tex,,JoonHo Lee (jlee296@ua.edu)
Table C.2,tab:s2-reachability-unpruned,53,retained reference fragment,,verification/tables/floats/tab_s2_reachability_unpruned.tex,,JoonHo Lee (jlee296@ua.edu)
Table C.3,tab:s2-reachability,54,retained reference fragment,,verification/tables/floats/tab_s2_reachability.tex,,JoonHo Lee (jlee296@ua.edu)
Table C.4,tab:app-cstar,54,recalculate numerical table; final wrapper retained,code/02_analysis/tables/tables.py,output/tables/tab_sc03_cstar_by_shape.tex,,JoonHo Lee (jlee296@ua.edu)
Figure C.1,fig:accuracy-reachability,55,rebuild from retained inputs,code/02_analysis/figures/fig07_accuracy_reachability.R,output/figures/fig7_accuracy_reachability.pdf,data/precomputed/results/s2/calibration.csv; data/precomputed/tables/T_s2_accuracy.csv; data/precomputed/tables/T_s2_reachability_unpruned.csv,JoonHo Lee (jlee296@ua.edu)
Table C.5,tab:app-fail,55,recalculate numerical table; final wrapper retained,code/02_analysis/tables/tables.py,output/tables/tab_sc03_failures.tex,,JoonHo Lee (jlee296@ua.edu)
Table C.6,tab:app-holdout,56,recalculate numerical table; final wrapper retained,code/02_analysis/tables/tables.py,output/tables/tab_sc04_holdout_by_M.tex,,JoonHo Lee (jlee296@ua.edu)
Figure C.2,fig:m-sensitivity,57,rebuild from retained inputs,code/02_analysis/figures/osm_figures.R,output/figures/figB1_m_sensitivity.pdf,data/precomputed/display/T_s1_variance_decomposition.csv; data/precomputed/results/s2/replication.csv; data/precomputed/results/s3/m_sensitivity.csv,JoonHo Lee (jlee296@ua.edu)
Table C.7,tab:holdout-cell,57,recalculate numerical table; final wrapper retained,code/02_analysis/tables/tables_v5.py,output/tables/tab_holdout_by_cell.tex,,JoonHo Lee (jlee296@ua.edu)
Table C.8,tab:s2-replication,58,retained reference fragment,,verification/tables/floats/tab_s2_replication.tex,,JoonHo Lee (jlee296@ua.edu)
Figure C.3,fig:person-replication,58,rebuild from retained inputs,code/02_analysis/figures/osm_figures.R,output/figures/figE1_replication.pdf,data/precomputed/display/T_s1_variance_decomposition.csv; data/precomputed/results/s2/replication.csv; data/precomputed/results/s3/m_sensitivity.csv,JoonHo Lee (jlee296@ua.edu)
Table C.9,tab:c-inflation,59,retained reference fragment,,verification/tables/floats/tab_c_inflation.tex,data/precomputed/tables/T_s2_c_inflation.csv,JoonHo Lee (jlee296@ua.edu)
Table C.10,tab:jensen-gap,59,retained reference fragment,,verification/tables/floats/tab_jensen_gap.tex,data/precomputed/tables/T_s2_jensen.csv,JoonHo Lee (jlee296@ua.edu)
Table D.1,tab:function-mapping,63,retained reference fragment,,verification/tables/tables/tab_function_mapping.tex,,JoonHo Lee (jlee296@ua.edu)
Table E.1,tab:app-slope,64,retained reference fragment,,verification/tables/inline_app-slope.tex,,JoonHo Lee (jlee296@ua.edu)
Table E.2,tab:arm-a-all,65,recalculate numerical table; final wrapper retained,code/02_analysis/tables/tables_v5.py,output/tables/tab_arm_a_all.tex,,JoonHo Lee (jlee296@ua.edu)
Table E.3,tab:app-arm-logit,67,recalculate numerical table; final wrapper retained,code/02_analysis/tables/tables.py,output/tables/tab_se03_arm_a_logit.tex,,JoonHo Lee (jlee296@ua.edu)
Table E.4,tab:s6-te-scale,67,retained reference fragment,,verification/tables/floats/tab_s6_te_scale.tex,,JoonHo Lee (jlee296@ua.edu)
Table E.5,tab:s6-fidelity,68,retained reference fragment,,verification/tables/floats/tab_s6_fidelity.tex,,JoonHo Lee (jlee296@ua.edu)
Table E.6,tab:s6-arms,70,retained reference fragment,,verification/tables/floats/tab_s6_arms.tex,,JoonHo Lee (jlee296@ua.edu)
Figure E.1,fig:replication,71,rebuild from retained inputs,code/02_analysis/figures/fig11_replication.R,output/figures/fig11_replication.pdf,data/precomputed/display/T_s6_arm_a.csv; data/precomputed/display/T_s6_arm_b_declared_primary.csv,JoonHo Lee (jlee296@ua.edu)
Table F.1,tab:latent-shapes,72,retained reference fragment,,verification/tables/floats/tab_latent_shapes.tex,data/precomputed/tables/T_latent_shapes.csv,JoonHo Lee (jlee296@ua.edu)
Table F.2,tab:shape-realism,73,retained reference fragment,,verification/tables/floats/tab_shape_realism.tex,data/precomputed/tables/T_latent_shapes.csv,JoonHo Lee (jlee296@ua.edu)
Figure G.1,fig:atlas,76,rebuild from retained inputs,code/02_analysis/figures/fig04_atlas.R,output/figures/fig4_atlas.pdf,data/precomputed/display/T_s1_atlas_provenance.csv; data/precomputed/display/T_s1_cells.csv; data/precomputed/display/T_s1_coverage_gap.csv; data/precomputed/results/s1/implicit_reliability.csv,JoonHo Lee (jlee296@ua.edu)
Figure G.2,fig:variance-decomposition,77,rebuild from retained inputs,code/02_analysis/figures/osm_figures.R,output/figures/figD1_decomposition.pdf,data/precomputed/display/T_s1_variance_decomposition.csv; data/precomputed/results/s2/replication.csv; data/precomputed/results/s3/m_sensitivity.csv,JoonHo Lee (jlee296@ua.edu)
Figure G.3,fig:equalization,78,rebuild from retained inputs,code/02_analysis/figures/fig06_equalization.R,output/figures/fig6_equalization.pdf,data/precomputed/display/T_s1_equalization_cost.csv; data/precomputed/display/T_s1_equalization_summary.csv,JoonHo Lee (jlee296@ua.edu)
Figure G.4,fig:confounding,79,rebuild from retained inputs,code/02_analysis/figures/fig05_confounding.R,output/figures/fig5_confounding.pdf,data/precomputed/tables/T_s5_metamodel.csv; data/precomputed/tables/T_s5_rates.csv; data/precomputed/tables/T_s6_metamodel_collinearity.csv,JoonHo Lee (jlee296@ua.edu)
Figure H.1,fig:dif-rates,82,rebuild from retained inputs,code/02_analysis/figures/fig09_dif_rates.R,output/figures/fig9_dif_rates.pdf,data/precomputed/results/s5_form_cluster/form_records.csv.gz; data/precomputed/tables/T_s5_form_cluster_bootstrap_provenance.csv; data/precomputed/tables/T_s5_form_cluster_rates.csv,JoonHo Lee (jlee296@ua.edu)
Figure H.2,fig:main-dif,83,rebuild from retained inputs,code/02_analysis/figures/fig_main_dif.R,output/figures/fig_main_dif.pdf,data/precomputed/tables/T_s5_form_cluster_factor_contrasts.csv,JoonHo Lee (jlee296@ua.edu)
Table H.1,tab:s5-did,84,retained reference fragment,,verification/tables/floats/tab_s5_did.tex,,JoonHo Lee (jlee296@ua.edu)
Table H.2,tab:s5c-contrast,84,retained reference fragment,,verification/tables/floats/tab_s5c_contrast.tex,,JoonHo Lee (jlee296@ua.edu)
Table H.3,tab:s5c-magnitude,85,retained reference fragment,,verification/tables/floats/tab_s5c_magnitude.tex,,JoonHo Lee (jlee296@ua.edu)
Figure H.3,fig:conventions,86,rebuild from retained inputs,code/02_analysis/figures/fig13_conventions.R,output/figures/fig13_conventions.pdf,data/precomputed/tables/T_s5_form_cluster_bootstrap_provenance.csv; data/precomputed/tables/T_s5_form_cluster_mh_failures.csv; data/precomputed/tables/T_s5_form_cluster_rates.csv,JoonHo Lee (jlee296@ua.edu)
Table H.4,tab:main-null,87,retained reference fragment,,verification/tables/floats/tab_main_null.tex,,JoonHo Lee (jlee296@ua.edu)
Table H.5,tab:s5b-scores,87,retained reference fragment,,verification/tables/floats/tab_s5b_scores.tex,,JoonHo Lee (jlee296@ua.edu)
