"cond_id","model","latent_shape","pool","n_items","target_rho","cell_rho_min","cell_rho_max","seed"
"02b3452297_t50","3pl_g20","bimodal","irw",10,0.5,0.0192122690078211,0.949321000360084,596909
"02b3452297_t60","3pl_g20","bimodal","irw",10,0.6,0.0192122690078211,0.949321000360084,450083
"02b3452297_t70","3pl_g20","bimodal","irw",10,0.7,0.0192122690078211,0.949321000360084,439437
"02b3452297_t80","3pl_g20","bimodal","irw",10,0.8,0.0192122690078211,0.949321000360084,190097
"02b3452297_t90","3pl_g20","bimodal","irw",10,0.9,0.0192122690078211,0.949321000360084,413037
"04610ec557_t50","3pl_beta","bimodal","parametric",60,0.5,0.102272720357455,0.988671689241266,192112
"04610ec557_t60","3pl_beta","bimodal","parametric",60,0.6,0.102272720357455,0.988671689241266,178058
"04610ec557_t70","3pl_beta","bimodal","parametric",60,0.7,0.102272720357455,0.988671689241266,102692
"04610ec557_t80","3pl_beta","bimodal","parametric",60,0.8,0.102272720357455,0.988671689241266,606538
"04610ec557_t90","3pl_beta","bimodal","parametric",60,0.9,0.102272720357455,0.988671689241266,667622
"04610ec557_t95","3pl_beta","bimodal","parametric",60,0.95,0.102272720357455,0.988671689241266,413598
"04740a439d_t50","3pl_g20","normal","irw",40,0.5,0.0859661364708722,0.978096695746342,355049
"04740a439d_t60","3pl_g20","normal","irw",40,0.6,0.0859661364708722,0.978096695746342,308753
"04740a439d_t70","3pl_g20","normal","irw",40,0.7,0.0859661364708722,0.978096695746342,601563
"04740a439d_t80","3pl_g20","normal","irw",40,0.8,0.0859661364708722,0.978096695746342,471880
"04740a439d_t90","3pl_g20","normal","irw",40,0.9,0.0859661364708722,0.978096695746342,747917
"04740a439d_t95","3pl_g20","normal","irw",40,0.95,0.0859661364708722,0.978096695746342,545681
"06d3001967_t50","2pl","bimodal","irw",60,0.5,0.148867526857855,0.993185360446297,215534
"06d3001967_t60","2pl","bimodal","irw",60,0.6,0.148867526857855,0.993185360446297,635157
"06d3001967_t70","2pl","bimodal","irw",60,0.7,0.148867526857855,0.993185360446297,734064
"06d3001967_t80","2pl","bimodal","irw",60,0.8,0.148867526857855,0.993185360446297,718640
"06d3001967_t90","2pl","bimodal","irw",60,0.9,0.148867526857855,0.993185360446297,555339
"06d3001967_t95","2pl","bimodal","irw",60,0.95,0.148867526857855,0.993185360446297,142987
"06daf6086f_t50","2pl","normal","irw",40,0.5,0.10205207262043,0.975513502416426,231493
"06daf6086f_t60","2pl","normal","irw",40,0.6,0.10205207262043,0.975513502416426,363446
"06daf6086f_t70","2pl","normal","irw",40,0.7,0.10205207262043,0.975513502416426,452946
"06daf6086f_t80","2pl","normal","irw",40,0.8,0.10205207262043,0.975513502416426,183645
"06daf6086f_t90","2pl","normal","irw",40,0.9,0.10205207262043,0.975513502416426,371049
"06daf6086f_t95","2pl","normal","irw",40,0.95,0.10205207262043,0.975513502416426,319654
"0b1e3eca87_t50","2pl","skew_pos","irw",20,0.5,0.0488851962504083,0.986390574462431,728492
"0b1e3eca87_t60","2pl","skew_pos","irw",20,0.6,0.0488851962504083,0.986390574462431,307347
"0b1e3eca87_t70","2pl","skew_pos","irw",20,0.7,0.0488851962504083,0.986390574462431,580166
"0b1e3eca87_t80","2pl","skew_pos","irw",20,0.8,0.0488851962504083,0.986390574462431,720562
"0b1e3eca87_t90","2pl","skew_pos","irw",20,0.9,0.0488851962504083,0.986390574462431,166490
"0b1e3eca87_t95","2pl","skew_pos","irw",20,0.95,0.0488851962504083,0.986390574462431,216182
"0b89051a31_t50","2pl","heavy_tail","parametric",20,0.5,0.0616548178145796,0.980872615799032,242562
"0b89051a31_t60","2pl","heavy_tail","parametric",20,0.6,0.0616548178145796,0.980872615799032,216102
"0b89051a31_t70","2pl","heavy_tail","parametric",20,0.7,0.0616548178145796,0.980872615799032,83595
"0b89051a31_t80","2pl","heavy_tail","parametric",20,0.8,0.0616548178145796,0.980872615799032,157897
"0b89051a31_t90","2pl","heavy_tail","parametric",20,0.9,0.0616548178145796,0.980872615799032,151503
"0b89051a31_t95","2pl","heavy_tail","parametric",20,0.95,0.0616548178145796,0.980872615799032,600132
"0c107a9212_t50","rasch","normal","irw",10,0.5,0.0243961379817492,0.966753317876383,33638
"0c107a9212_t60","rasch","normal","irw",10,0.6,0.0243961379817492,0.966753317876383,798884
"0c107a9212_t70","rasch","normal","irw",10,0.7,0.0243961379817492,0.966753317876383,68898
"0c107a9212_t80","rasch","normal","irw",10,0.8,0.0243961379817492,0.966753317876383,613263
"0c107a9212_t90","rasch","normal","irw",10,0.9,0.0243961379817492,0.966753317876383,749647
"0c107a9212_t95","rasch","normal","irw",10,0.95,0.0243961379817492,0.966753317876383,181314
"0cb9abf03b_t50","3pl_g20","bimodal","irw",20,0.5,0.0425969945215534,0.973564652559523,498256
"0cb9abf03b_t60","3pl_g20","bimodal","irw",20,0.6,0.0425969945215534,0.973564652559523,169899
"0cb9abf03b_t70","3pl_g20","bimodal","irw",20,0.7,0.0425969945215534,0.973564652559523,793688
"0cb9abf03b_t80","3pl_g20","bimodal","irw",20,0.8,0.0425969945215534,0.973564652559523,184649
"0cb9abf03b_t90","3pl_g20","bimodal","irw",20,0.9,0.0425969945215534,0.973564652559523,389279
"0cb9abf03b_t95","3pl_g20","bimodal","irw",20,0.95,0.0425969945215534,0.973564652559523,642890
"14bd911f19_t50","3pl_g20","normal","parametric",60,0.5,0.101705935862444,0.99115781007109,543933
"14bd911f19_t60","3pl_g20","normal","parametric",60,0.6,0.101705935862444,0.99115781007109,536793
"14bd911f19_t70","3pl_g20","normal","parametric",60,0.7,0.101705935862444,0.99115781007109,498524
"14bd911f19_t80","3pl_g20","normal","parametric",60,0.8,0.101705935862444,0.99115781007109,810756
"14bd911f19_t90","3pl_g20","normal","parametric",60,0.9,0.101705935862444,0.99115781007109,363171
"14bd911f19_t95","3pl_g20","normal","parametric",60,0.95,0.101705935862444,0.99115781007109,38377
"1626b4659e_t50","3pl_beta","heavy_tail","parametric",20,0.5,0.0352750127025587,0.96931069414113,742007
"1626b4659e_t60","3pl_beta","heavy_tail","parametric",20,0.6,0.0352750127025587,0.96931069414113,27240
"1626b4659e_t70","3pl_beta","heavy_tail","parametric",20,0.7,0.0352750127025587,0.96931069414113,534996
"1626b4659e_t80","3pl_beta","heavy_tail","parametric",20,0.8,0.0352750127025587,0.96931069414113,206658
"1626b4659e_t90","3pl_beta","heavy_tail","parametric",20,0.9,0.0352750127025587,0.96931069414113,797290
"1626b4659e_t95","3pl_beta","heavy_tail","parametric",20,0.95,0.0352750127025587,0.96931069414113,578143
"172403d058_t50","2pl","bimodal","parametric",20,0.5,0.0624660303869154,0.982367934913803,152839
"172403d058_t60","2pl","bimodal","parametric",20,0.6,0.0624660303869154,0.982367934913803,458105
"172403d058_t70","2pl","bimodal","parametric",20,0.7,0.0624660303869154,0.982367934913803,133922
"172403d058_t80","2pl","bimodal","parametric",20,0.8,0.0624660303869154,0.982367934913803,487044
"172403d058_t90","2pl","bimodal","parametric",20,0.9,0.0624660303869154,0.982367934913803,718298
"172403d058_t95","2pl","bimodal","parametric",20,0.95,0.0624660303869154,0.982367934913803,385221
"1943c867d2_t50","3pl_beta","normal","irw",40,0.5,0.0723981583631904,0.949367029306103,431083
"1943c867d2_t60","3pl_beta","normal","irw",40,0.6,0.0723981583631904,0.949367029306103,133946
"1943c867d2_t70","3pl_beta","normal","irw",40,0.7,0.0723981583631904,0.949367029306103,549161
"1943c867d2_t80","3pl_beta","normal","irw",40,0.8,0.0723981583631904,0.949367029306103,679126
"1943c867d2_t90","3pl_beta","normal","irw",40,0.9,0.0723981583631904,0.949367029306103,696294
"1b91cd0420_t50","3pl_g20","normal","parametric",20,0.5,0.0480900992737677,0.970653865167533,259643
"1b91cd0420_t60","3pl_g20","normal","parametric",20,0.6,0.0480900992737677,0.970653865167533,332094
"1b91cd0420_t70","3pl_g20","normal","parametric",20,0.7,0.0480900992737677,0.970653865167533,793308
"1b91cd0420_t80","3pl_g20","normal","parametric",20,0.8,0.0480900992737677,0.970653865167533,359511
"1b91cd0420_t90","3pl_g20","normal","parametric",20,0.9,0.0480900992737677,0.970653865167533,621080
"1b91cd0420_t95","3pl_g20","normal","parametric",20,0.95,0.0480900992737677,0.970653865167533,397369
"1fc52b1d1d_t50","rasch","heavy_tail","parametric",10,0.5,0.0248093391549884,0.975863925075779,437733
"1fc52b1d1d_t60","rasch","heavy_tail","parametric",10,0.6,0.0248093391549884,0.975863925075779,285924
"1fc52b1d1d_t70","rasch","heavy_tail","parametric",10,0.7,0.0248093391549884,0.975863925075779,408919
"1fc52b1d1d_t80","rasch","heavy_tail","parametric",10,0.8,0.0248093391549884,0.975863925075779,479055
"1fc52b1d1d_t90","rasch","heavy_tail","parametric",10,0.9,0.0248093391549884,0.975863925075779,280337
"1fc52b1d1d_t95","rasch","heavy_tail","parametric",10,0.95,0.0248093391549884,0.975863925075779,762244
"1ff08ae892_t50","rasch","bimodal","parametric",20,0.5,0.0476018302277068,0.982923083820003,605476
"1ff08ae892_t60","rasch","bimodal","parametric",20,0.6,0.0476018302277068,0.982923083820003,518596
"1ff08ae892_t70","rasch","bimodal","parametric",20,0.7,0.0476018302277068,0.982923083820003,680223
"1ff08ae892_t80","rasch","bimodal","parametric",20,0.8,0.0476018302277068,0.982923083820003,132257
"1ff08ae892_t90","rasch","bimodal","parametric",20,0.9,0.0476018302277068,0.982923083820003,230186
"1ff08ae892_t95","rasch","bimodal","parametric",20,0.95,0.0476018302277068,0.982923083820003,287859
"20cb785fe3_t50","3pl_beta","skew_pos","irw",20,0.5,0.0396330366536715,0.974175934261533,160826
"20cb785fe3_t60","3pl_beta","skew_pos","irw",20,0.6,0.0396330366536715,0.974175934261533,460974
"20cb785fe3_t70","3pl_beta","skew_pos","irw",20,0.7,0.0396330366536715,0.974175934261533,711463
"20cb785fe3_t80","3pl_beta","skew_pos","irw",20,0.8,0.0396330366536715,0.974175934261533,329632
"20cb785fe3_t90","3pl_beta","skew_pos","irw",20,0.9,0.0396330366536715,0.974175934261533,176165
"20cb785fe3_t95","3pl_beta","skew_pos","irw",20,0.95,0.0396330366536715,0.974175934261533,770643
"246dc3282c_t50","2pl","normal","irw",20,0.5,0.064298115154472,0.983736244835145,368718
"246dc3282c_t60","2pl","normal","irw",20,0.6,0.064298115154472,0.983736244835145,723854
"246dc3282c_t70","2pl","normal","irw",20,0.7,0.064298115154472,0.983736244835145,258830
"246dc3282c_t80","2pl","normal","irw",20,0.8,0.064298115154472,0.983736244835145,301132
"246dc3282c_t90","2pl","normal","irw",20,0.9,0.064298115154472,0.983736244835145,567011
"246dc3282c_t95","2pl","normal","irw",20,0.95,0.064298115154472,0.983736244835145,494194
"25e594cb46_t50","rasch","skew_pos","parametric",20,0.5,0.0472869384117044,0.982687116660993,771275
"25e594cb46_t60","rasch","skew_pos","parametric",20,0.6,0.0472869384117044,0.982687116660993,727084
"25e594cb46_t70","rasch","skew_pos","parametric",20,0.7,0.0472869384117044,0.982687116660993,184614
"25e594cb46_t80","rasch","skew_pos","parametric",20,0.8,0.0472869384117044,0.982687116660993,683715
"25e594cb46_t90","rasch","skew_pos","parametric",20,0.9,0.0472869384117044,0.982687116660993,383248
"25e594cb46_t95","rasch","skew_pos","parametric",20,0.95,0.0472869384117044,0.982687116660993,790248
"25edfd16b9_t50","3pl_beta","bimodal","parametric",10,0.5,0.0141530252844469,0.929163222037172,592869
"25edfd16b9_t60","3pl_beta","bimodal","parametric",10,0.6,0.0141530252844469,0.929163222037172,327900
"25edfd16b9_t70","3pl_beta","bimodal","parametric",10,0.7,0.0141530252844469,0.929163222037172,16509
"25edfd16b9_t80","3pl_beta","bimodal","parametric",10,0.8,0.0141530252844469,0.929163222037172,646562
"25edfd16b9_t90","3pl_beta","bimodal","parametric",10,0.9,0.0141530252844469,0.929163222037172,44618
"29362a6023_t50","rasch","normal","irw",60,0.5,0.129263770064561,0.995395933370358,617826
"29362a6023_t60","rasch","normal","irw",60,0.6,0.129263770064561,0.995395933370358,356639
"29362a6023_t70","rasch","normal","irw",60,0.7,0.129263770064561,0.995395933370358,43136
"29362a6023_t80","rasch","normal","irw",60,0.8,0.129263770064561,0.995395933370358,753086
"29362a6023_t90","rasch","normal","irw",60,0.9,0.129263770064561,0.995395933370358,259407
"29362a6023_t95","rasch","normal","irw",60,0.95,0.129263770064561,0.995395933370358,553735
"2fb704c2a3_t50","rasch","heavy_tail","irw",20,0.5,0.0470341028183903,0.950671566638464,70859
"2fb704c2a3_t60","rasch","heavy_tail","irw",20,0.6,0.0470341028183903,0.950671566638464,45983
"2fb704c2a3_t70","rasch","heavy_tail","irw",20,0.7,0.0470341028183903,0.950671566638464,417361
"2fb704c2a3_t80","rasch","heavy_tail","irw",20,0.8,0.0470341028183903,0.950671566638464,705051
"2fb704c2a3_t90","rasch","heavy_tail","irw",20,0.9,0.0470341028183903,0.950671566638464,464738
"2fb704c2a3_t95","rasch","heavy_tail","irw",20,0.95,0.0470341028183903,0.950671566638464,278216
"308cc8c2c0_t50","3pl_beta","normal","irw",20,0.5,0.030091847818028,0.92991329417466,150756
"308cc8c2c0_t60","3pl_beta","normal","irw",20,0.6,0.030091847818028,0.92991329417466,741593
"308cc8c2c0_t70","3pl_beta","normal","irw",20,0.7,0.030091847818028,0.92991329417466,107576
"308cc8c2c0_t80","3pl_beta","normal","irw",20,0.8,0.030091847818028,0.92991329417466,79278
"308cc8c2c0_t90","3pl_beta","normal","irw",20,0.9,0.030091847818028,0.92991329417466,140165
"3417acd99c_t50","3pl_g20","bimodal","irw",60,0.5,0.114583732387557,0.988481976005259,309747
"3417acd99c_t60","3pl_g20","bimodal","irw",60,0.6,0.114583732387557,0.988481976005259,46597
"3417acd99c_t70","3pl_g20","bimodal","irw",60,0.7,0.114583732387557,0.988481976005259,301828
"3417acd99c_t80","3pl_g20","bimodal","irw",60,0.8,0.114583732387557,0.988481976005259,618565
"3417acd99c_t90","3pl_g20","bimodal","irw",60,0.9,0.114583732387557,0.988481976005259,588588
"3417acd99c_t95","3pl_g20","bimodal","irw",60,0.95,0.114583732387557,0.988481976005259,545971
"35a1489e91_t50","3pl_beta","skew_pos","parametric",60,0.5,0.105039545591921,0.991478376141792,701734
"35a1489e91_t60","3pl_beta","skew_pos","parametric",60,0.6,0.105039545591921,0.991478376141792,24563
"35a1489e91_t70","3pl_beta","skew_pos","parametric",60,0.7,0.105039545591921,0.991478376141792,770847
"35a1489e91_t80","3pl_beta","skew_pos","parametric",60,0.8,0.105039545591921,0.991478376141792,623302
"35a1489e91_t90","3pl_beta","skew_pos","parametric",60,0.9,0.105039545591921,0.991478376141792,93192
"35a1489e91_t95","3pl_beta","skew_pos","parametric",60,0.95,0.105039545591921,0.991478376141792,230483
"36956c5526_t50","rasch","bimodal","parametric",10,0.5,0.0243317631738574,0.95959113989747,191419
"36956c5526_t60","rasch","bimodal","parametric",10,0.6,0.0243317631738574,0.95959113989747,656942
"36956c5526_t70","rasch","bimodal","parametric",10,0.7,0.0243317631738574,0.95959113989747,713688
"36956c5526_t80","rasch","bimodal","parametric",10,0.8,0.0243317631738574,0.95959113989747,653681
"36956c5526_t90","rasch","bimodal","parametric",10,0.9,0.0243317631738574,0.95959113989747,427087
"36956c5526_t95","rasch","bimodal","parametric",10,0.95,0.0243317631738574,0.95959113989747,635697
"36bd71fd25_t50","2pl","bimodal","irw",20,0.5,0.0568375482040742,0.971518011874055,386230
"36bd71fd25_t60","2pl","bimodal","irw",20,0.6,0.0568375482040742,0.971518011874055,585837
"36bd71fd25_t70","2pl","bimodal","irw",20,0.7,0.0568375482040742,0.971518011874055,464626
"36bd71fd25_t80","2pl","bimodal","irw",20,0.8,0.0568375482040742,0.971518011874055,218360
"36bd71fd25_t90","2pl","bimodal","irw",20,0.9,0.0568375482040742,0.971518011874055,183511
"36bd71fd25_t95","2pl","bimodal","irw",20,0.95,0.0568375482040742,0.971518011874055,651968
"38646ef644_t50","3pl_beta","normal","irw",60,0.5,0.0877890252844704,0.991432017046524,507011
"38646ef644_t60","3pl_beta","normal","irw",60,0.6,0.0877890252844704,0.991432017046524,516256
"38646ef644_t70","3pl_beta","normal","irw",60,0.7,0.0877890252844704,0.991432017046524,522084
"38646ef644_t80","3pl_beta","normal","irw",60,0.8,0.0877890252844704,0.991432017046524,43901
"38646ef644_t90","3pl_beta","normal","irw",60,0.9,0.0877890252844704,0.991432017046524,803925
"38646ef644_t95","3pl_beta","normal","irw",60,0.95,0.0877890252844704,0.991432017046524,169162
"386d8a1996_t50","3pl_beta","skew_pos","parametric",10,0.5,0.0177310494147049,0.943578519141029,559291
"386d8a1996_t60","3pl_beta","skew_pos","parametric",10,0.6,0.0177310494147049,0.943578519141029,754805
"386d8a1996_t70","3pl_beta","skew_pos","parametric",10,0.7,0.0177310494147049,0.943578519141029,244643
"386d8a1996_t80","3pl_beta","skew_pos","parametric",10,0.8,0.0177310494147049,0.943578519141029,351409
"386d8a1996_t90","3pl_beta","skew_pos","parametric",10,0.9,0.0177310494147049,0.943578519141029,720937
"3b32e6d656_t50","2pl","heavy_tail","irw",10,0.5,0.0290165211403555,0.946573594539415,688624
"3b32e6d656_t60","2pl","heavy_tail","irw",10,0.6,0.0290165211403555,0.946573594539415,388850
"3b32e6d656_t70","2pl","heavy_tail","irw",10,0.7,0.0290165211403555,0.946573594539415,239849
"3b32e6d656_t80","2pl","heavy_tail","irw",10,0.8,0.0290165211403555,0.946573594539415,594500
"3b32e6d656_t90","2pl","heavy_tail","irw",10,0.9,0.0290165211403555,0.946573594539415,16966
"3c97180640_t50","3pl_g20","bimodal","parametric",40,0.5,0.0742796320257762,0.985936251305005,163091
"3c97180640_t60","3pl_g20","bimodal","parametric",40,0.6,0.0742796320257762,0.985936251305005,370628
"3c97180640_t70","3pl_g20","bimodal","parametric",40,0.7,0.0742796320257762,0.985936251305005,298055
"3c97180640_t80","3pl_g20","bimodal","parametric",40,0.8,0.0742796320257762,0.985936251305005,770960
"3c97180640_t90","3pl_g20","bimodal","parametric",40,0.9,0.0742796320257762,0.985936251305005,778653
"3c97180640_t95","3pl_g20","bimodal","parametric",40,0.95,0.0742796320257762,0.985936251305005,628629
"3f59517c02_t50","3pl_g20","skew_pos","irw",20,0.5,0.0351377698928144,0.919241366355773,801583
"3f59517c02_t60","3pl_g20","skew_pos","irw",20,0.6,0.0351377698928144,0.919241366355773,302507
"3f59517c02_t70","3pl_g20","skew_pos","irw",20,0.7,0.0351377698928144,0.919241366355773,92449
"3f59517c02_t80","3pl_g20","skew_pos","irw",20,0.8,0.0351377698928144,0.919241366355773,526669
"3f59517c02_t90","3pl_g20","skew_pos","irw",20,0.9,0.0351377698928144,0.919241366355773,205533
"4144a5f588_t50","3pl_beta","heavy_tail","parametric",10,0.5,0.0232570654794045,0.962716526565596,157116
"4144a5f588_t60","3pl_beta","heavy_tail","parametric",10,0.6,0.0232570654794045,0.962716526565596,581132
"4144a5f588_t70","3pl_beta","heavy_tail","parametric",10,0.7,0.0232570654794045,0.962716526565596,61484
"4144a5f588_t80","3pl_beta","heavy_tail","parametric",10,0.8,0.0232570654794045,0.962716526565596,727466
"4144a5f588_t90","3pl_beta","heavy_tail","parametric",10,0.9,0.0232570654794045,0.962716526565596,137489
"4144a5f588_t95","3pl_beta","heavy_tail","parametric",10,0.95,0.0232570654794045,0.962716526565596,153018
"45b7a1f907_t50","3pl_beta","normal","parametric",40,0.5,0.06824859357519,0.985013208454104,622018
"45b7a1f907_t60","3pl_beta","normal","parametric",40,0.6,0.06824859357519,0.985013208454104,443041
"45b7a1f907_t70","3pl_beta","normal","parametric",40,0.7,0.06824859357519,0.985013208454104,759198
"45b7a1f907_t80","3pl_beta","normal","parametric",40,0.8,0.06824859357519,0.985013208454104,407153
"45b7a1f907_t90","3pl_beta","normal","parametric",40,0.9,0.06824859357519,0.985013208454104,795702
"45b7a1f907_t95","3pl_beta","normal","parametric",40,0.95,0.06824859357519,0.985013208454104,235442
"45b8bbe987_t50","2pl","normal","parametric",20,0.5,0.0542116322873535,0.981416495980509,616485
"45b8bbe987_t60","2pl","normal","parametric",20,0.6,0.0542116322873535,0.981416495980509,82032
"45b8bbe987_t70","2pl","normal","parametric",20,0.7,0.0542116322873535,0.981416495980509,19241
"45b8bbe987_t80","2pl","normal","parametric",20,0.8,0.0542116322873535,0.981416495980509,533524
"45b8bbe987_t90","2pl","normal","parametric",20,0.9,0.0542116322873535,0.981416495980509,86457
"45b8bbe987_t95","2pl","normal","parametric",20,0.95,0.0542116322873535,0.981416495980509,803684
"45eb20d1ef_t50","2pl","normal","parametric",60,0.5,0.147879411867475,0.99386942077716,51878
"45eb20d1ef_t60","2pl","normal","parametric",60,0.6,0.147879411867475,0.99386942077716,465137
"45eb20d1ef_t70","2pl","normal","parametric",60,0.7,0.147879411867475,0.99386942077716,276241
"45eb20d1ef_t80","2pl","normal","parametric",60,0.8,0.147879411867475,0.99386942077716,355503
"45eb20d1ef_t90","2pl","normal","parametric",60,0.9,0.147879411867475,0.99386942077716,778936
"45eb20d1ef_t95","2pl","normal","parametric",60,0.95,0.147879411867475,0.99386942077716,318917
"48ec297ef8_t50","3pl_beta","bimodal","parametric",20,0.5,0.0367476452310872,0.971002807274192,666157
"48ec297ef8_t60","3pl_beta","bimodal","parametric",20,0.6,0.0367476452310872,0.971002807274192,676905
"48ec297ef8_t70","3pl_beta","bimodal","parametric",20,0.7,0.0367476452310872,0.971002807274192,586824
"48ec297ef8_t80","3pl_beta","bimodal","parametric",20,0.8,0.0367476452310872,0.971002807274192,254881
"48ec297ef8_t90","3pl_beta","bimodal","parametric",20,0.9,0.0367476452310872,0.971002807274192,534903
"48ec297ef8_t95","3pl_beta","bimodal","parametric",20,0.95,0.0367476452310872,0.971002807274192,95671
"4f22d501ce_t50","3pl_beta","bimodal","irw",10,0.5,0.0182171428815522,0.941860017314979,756790
"4f22d501ce_t60","3pl_beta","bimodal","irw",10,0.6,0.0182171428815522,0.941860017314979,495222
"4f22d501ce_t70","3pl_beta","bimodal","irw",10,0.7,0.0182171428815522,0.941860017314979,79943
"4f22d501ce_t80","3pl_beta","bimodal","irw",10,0.8,0.0182171428815522,0.941860017314979,731193
"4f22d501ce_t90","3pl_beta","bimodal","irw",10,0.9,0.0182171428815522,0.941860017314979,734558
"4f70e285ab_t50","rasch","normal","parametric",20,0.5,0.0475701299075158,0.983273986963449,179179
"4f70e285ab_t60","rasch","normal","parametric",20,0.6,0.0475701299075158,0.983273986963449,680101
"4f70e285ab_t70","rasch","normal","parametric",20,0.7,0.0475701299075158,0.983273986963449,241395
"4f70e285ab_t80","rasch","normal","parametric",20,0.8,0.0475701299075158,0.983273986963449,594772
"4f70e285ab_t90","rasch","normal","parametric",20,0.9,0.0475701299075158,0.983273986963449,496223
"4f70e285ab_t95","rasch","normal","parametric",20,0.95,0.0475701299075158,0.983273986963449,62698
"51454d0a5c_t50","rasch","normal","parametric",40,0.5,0.0907494395184887,0.991552706681434,118296
"51454d0a5c_t60","rasch","normal","parametric",40,0.6,0.0907494395184887,0.991552706681434,689984
"51454d0a5c_t70","rasch","normal","parametric",40,0.7,0.0907494395184887,0.991552706681434,811733
"51454d0a5c_t80","rasch","normal","parametric",40,0.8,0.0907494395184887,0.991552706681434,736761
"51454d0a5c_t90","rasch","normal","parametric",40,0.9,0.0907494395184887,0.991552706681434,131533
"51454d0a5c_t95","rasch","normal","parametric",40,0.95,0.0907494395184887,0.991552706681434,750930
"51e3e31f93_t50","3pl_beta","skew_pos","irw",60,0.5,0.095105242517614,0.991182605258711,90644
"51e3e31f93_t60","3pl_beta","skew_pos","irw",60,0.6,0.095105242517614,0.991182605258711,347564
"51e3e31f93_t70","3pl_beta","skew_pos","irw",60,0.7,0.095105242517614,0.991182605258711,537865
"51e3e31f93_t80","3pl_beta","skew_pos","irw",60,0.8,0.095105242517614,0.991182605258711,725226
"51e3e31f93_t90","3pl_beta","skew_pos","irw",60,0.9,0.095105242517614,0.991182605258711,316985
"51e3e31f93_t95","3pl_beta","skew_pos","irw",60,0.95,0.095105242517614,0.991182605258711,118929
"52b9791e08_t50","3pl_g20","heavy_tail","parametric",20,0.5,0.0402891042165798,0.971623840498905,569662
"52b9791e08_t60","3pl_g20","heavy_tail","parametric",20,0.6,0.0402891042165798,0.971623840498905,500972
"52b9791e08_t70","3pl_g20","heavy_tail","parametric",20,0.7,0.0402891042165798,0.971623840498905,367111
"52b9791e08_t80","3pl_g20","heavy_tail","parametric",20,0.8,0.0402891042165798,0.971623840498905,187433
"52b9791e08_t90","3pl_g20","heavy_tail","parametric",20,0.9,0.0402891042165798,0.971623840498905,618002
"52b9791e08_t95","3pl_g20","heavy_tail","parametric",20,0.95,0.0402891042165798,0.971623840498905,508588
"54e9907b58_t50","3pl_g20","heavy_tail","irw",60,0.5,0.112652543005783,0.989911536449521,463769
"54e9907b58_t60","3pl_g20","heavy_tail","irw",60,0.6,0.112652543005783,0.989911536449521,394565
"54e9907b58_t70","3pl_g20","heavy_tail","irw",60,0.7,0.112652543005783,0.989911536449521,48767
"54e9907b58_t80","3pl_g20","heavy_tail","irw",60,0.8,0.112652543005783,0.989911536449521,668935
"54e9907b58_t90","3pl_g20","heavy_tail","irw",60,0.9,0.112652543005783,0.989911536449521,365474
"54e9907b58_t95","3pl_g20","heavy_tail","irw",60,0.95,0.112652543005783,0.989911536449521,609464
"55a1174a1c_t50","2pl","skew_pos","parametric",40,0.5,0.0893216769863969,0.990527392481413,116323
"55a1174a1c_t60","2pl","skew_pos","parametric",40,0.6,0.0893216769863969,0.990527392481413,786836
"55a1174a1c_t70","2pl","skew_pos","parametric",40,0.7,0.0893216769863969,0.990527392481413,15266
"55a1174a1c_t80","2pl","skew_pos","parametric",40,0.8,0.0893216769863969,0.990527392481413,540677
"55a1174a1c_t90","2pl","skew_pos","parametric",40,0.9,0.0893216769863969,0.990527392481413,292921
"55a1174a1c_t95","2pl","skew_pos","parametric",40,0.95,0.0893216769863969,0.990527392481413,396880
"58488a9252_t50","2pl","bimodal","parametric",40,0.5,0.0950612086980819,0.99068255342259,228510
"58488a9252_t60","2pl","bimodal","parametric",40,0.6,0.0950612086980819,0.99068255342259,139274
"58488a9252_t70","2pl","bimodal","parametric",40,0.7,0.0950612086980819,0.99068255342259,558191
"58488a9252_t80","2pl","bimodal","parametric",40,0.8,0.0950612086980819,0.99068255342259,741227
"58488a9252_t90","2pl","bimodal","parametric",40,0.9,0.0950612086980819,0.99068255342259,427227
"58488a9252_t95","2pl","bimodal","parametric",40,0.95,0.0950612086980819,0.99068255342259,139152
"594de50093_t50","3pl_g20","skew_pos","irw",60,0.5,0.100334040962657,0.98833548040879,350744
"594de50093_t60","3pl_g20","skew_pos","irw",60,0.6,0.100334040962657,0.98833548040879,564649
"594de50093_t70","3pl_g20","skew_pos","irw",60,0.7,0.100334040962657,0.98833548040879,325452
"594de50093_t80","3pl_g20","skew_pos","irw",60,0.8,0.100334040962657,0.98833548040879,244849
"594de50093_t90","3pl_g20","skew_pos","irw",60,0.9,0.100334040962657,0.98833548040879,171293
"594de50093_t95","3pl_g20","skew_pos","irw",60,0.95,0.100334040962657,0.98833548040879,589130
"5bfd86674d_t50","2pl","skew_pos","irw",40,0.5,0.108189222455186,0.992601841907552,360189
"5bfd86674d_t60","2pl","skew_pos","irw",40,0.6,0.108189222455186,0.992601841907552,747441
"5bfd86674d_t70","2pl","skew_pos","irw",40,0.7,0.108189222455186,0.992601841907552,217720
"5bfd86674d_t80","2pl","skew_pos","irw",40,0.8,0.108189222455186,0.992601841907552,67349
"5bfd86674d_t90","2pl","skew_pos","irw",40,0.9,0.108189222455186,0.992601841907552,541743
"5bfd86674d_t95","2pl","skew_pos","irw",40,0.95,0.108189222455186,0.992601841907552,299857
"5faa1bbcf6_t50","3pl_g20","normal","parametric",10,0.5,0.0170332506184267,0.913429144129689,409291
"5faa1bbcf6_t60","3pl_g20","normal","parametric",10,0.6,0.0170332506184267,0.913429144129689,315318
"5faa1bbcf6_t70","3pl_g20","normal","parametric",10,0.7,0.0170332506184267,0.913429144129689,730359
"5faa1bbcf6_t80","3pl_g20","normal","parametric",10,0.8,0.0170332506184267,0.913429144129689,675845
"5faa1bbcf6_t90","3pl_g20","normal","parametric",10,0.9,0.0170332506184267,0.913429144129689,44934
"6175b158cc_t50","2pl","heavy_tail","irw",40,0.5,0.100137457172062,0.992197265765307,14589
"6175b158cc_t60","2pl","heavy_tail","irw",40,0.6,0.100137457172062,0.992197265765307,94811
"6175b158cc_t70","2pl","heavy_tail","irw",40,0.7,0.100137457172062,0.992197265765307,173426
"6175b158cc_t80","2pl","heavy_tail","irw",40,0.8,0.100137457172062,0.992197265765307,69109
"6175b158cc_t90","2pl","heavy_tail","irw",40,0.9,0.100137457172062,0.992197265765307,778680
"6175b158cc_t95","2pl","heavy_tail","irw",40,0.95,0.100137457172062,0.992197265765307,216381
"61f9108969_t50","rasch","skew_pos","irw",60,0.5,0.12844442529786,0.995440581849287,410236
"61f9108969_t60","rasch","skew_pos","irw",60,0.6,0.12844442529786,0.995440581849287,30373
"61f9108969_t70","rasch","skew_pos","irw",60,0.7,0.12844442529786,0.995440581849287,444842
"61f9108969_t80","rasch","skew_pos","irw",60,0.8,0.12844442529786,0.995440581849287,251250
"61f9108969_t90","rasch","skew_pos","irw",60,0.9,0.12844442529786,0.995440581849287,260204
"61f9108969_t95","rasch","skew_pos","irw",60,0.95,0.12844442529786,0.995440581849287,177775
"6415c12b10_t50","3pl_beta","normal","parametric",10,0.5,0.016784999750069,0.939158237218854,673823
"6415c12b10_t60","3pl_beta","normal","parametric",10,0.6,0.016784999750069,0.939158237218854,558064
"6415c12b10_t70","3pl_beta","normal","parametric",10,0.7,0.016784999750069,0.939158237218854,690637
"6415c12b10_t80","3pl_beta","normal","parametric",10,0.8,0.016784999750069,0.939158237218854,668501
"6415c12b10_t90","3pl_beta","normal","parametric",10,0.9,0.016784999750069,0.939158237218854,753905
"65c72a887e_t50","rasch","skew_pos","irw",20,0.5,0.0467961822438037,0.98269201999444,240792
"65c72a887e_t60","rasch","skew_pos","irw",20,0.6,0.0467961822438037,0.98269201999444,412372
"65c72a887e_t70","rasch","skew_pos","irw",20,0.7,0.0467961822438037,0.98269201999444,800508
"65c72a887e_t80","rasch","skew_pos","irw",20,0.8,0.0467961822438037,0.98269201999444,477592
"65c72a887e_t90","rasch","skew_pos","irw",20,0.9,0.0467961822438037,0.98269201999444,173566
"65c72a887e_t95","rasch","skew_pos","irw",20,0.95,0.0467961822438037,0.98269201999444,29707
"6837e6d676_t50","rasch","normal","parametric",10,0.5,0.024077501719999,0.970346518664395,566287
"6837e6d676_t60","rasch","normal","parametric",10,0.6,0.024077501719999,0.970346518664395,78613
"6837e6d676_t70","rasch","normal","parametric",10,0.7,0.024077501719999,0.970346518664395,637947
"6837e6d676_t80","rasch","normal","parametric",10,0.8,0.024077501719999,0.970346518664395,190086
"6837e6d676_t90","rasch","normal","parametric",10,0.9,0.024077501719999,0.970346518664395,576605
"6837e6d676_t95","rasch","normal","parametric",10,0.95,0.024077501719999,0.970346518664395,306232
"686daead56_t50","rasch","bimodal","irw",60,0.5,0.129155712637796,0.99350174900584,302702
"686daead56_t60","rasch","bimodal","irw",60,0.6,0.129155712637796,0.99350174900584,341000
"686daead56_t70","rasch","bimodal","irw",60,0.7,0.129155712637796,0.99350174900584,513376
"686daead56_t80","rasch","bimodal","irw",60,0.8,0.129155712637796,0.99350174900584,268489
"686daead56_t90","rasch","bimodal","irw",60,0.9,0.129155712637796,0.99350174900584,609347
"686daead56_t95","rasch","bimodal","irw",60,0.95,0.129155712637796,0.99350174900584,632238
"69320217c6_t50","3pl_beta","skew_pos","irw",10,0.5,0.0171658012573751,0.931801127924195,115621
"69320217c6_t60","3pl_beta","skew_pos","irw",10,0.6,0.0171658012573751,0.931801127924195,223496
"69320217c6_t70","3pl_beta","skew_pos","irw",10,0.7,0.0171658012573751,0.931801127924195,266950
"69320217c6_t80","3pl_beta","skew_pos","irw",10,0.8,0.0171658012573751,0.931801127924195,44716
"69320217c6_t90","3pl_beta","skew_pos","irw",10,0.9,0.0171658012573751,0.931801127924195,537328
"6a235480c1_t50","rasch","skew_pos","parametric",60,0.5,0.129907581770035,0.994574340704678,623598
"6a235480c1_t60","rasch","skew_pos","parametric",60,0.6,0.129907581770035,0.994574340704678,677626
"6a235480c1_t70","rasch","skew_pos","parametric",60,0.7,0.129907581770035,0.994574340704678,346678
"6a235480c1_t80","rasch","skew_pos","parametric",60,0.8,0.129907581770035,0.994574340704678,563236
"6a235480c1_t90","rasch","skew_pos","parametric",60,0.9,0.129907581770035,0.994574340704678,46624
"6a235480c1_t95","rasch","skew_pos","parametric",60,0.95,0.129907581770035,0.994574340704678,557683
"6d3bc9f997_t50","3pl_beta","heavy_tail","parametric",40,0.5,0.0647914407434947,0.984102624131713,180885
"6d3bc9f997_t60","3pl_beta","heavy_tail","parametric",40,0.6,0.0647914407434947,0.984102624131713,146507
"6d3bc9f997_t70","3pl_beta","heavy_tail","parametric",40,0.7,0.0647914407434947,0.984102624131713,412553
"6d3bc9f997_t80","3pl_beta","heavy_tail","parametric",40,0.8,0.0647914407434947,0.984102624131713,309273
"6d3bc9f997_t90","3pl_beta","heavy_tail","parametric",40,0.9,0.0647914407434947,0.984102624131713,479931
"6d3bc9f997_t95","3pl_beta","heavy_tail","parametric",40,0.95,0.0647914407434947,0.984102624131713,139308
"6eeb99a793_t50","3pl_g20","skew_pos","parametric",10,0.5,0.0207209333084076,0.957117871073005,420859
"6eeb99a793_t60","3pl_g20","skew_pos","parametric",10,0.6,0.0207209333084076,0.957117871073005,664373
"6eeb99a793_t70","3pl_g20","skew_pos","parametric",10,0.7,0.0207209333084076,0.957117871073005,276698
"6eeb99a793_t80","3pl_g20","skew_pos","parametric",10,0.8,0.0207209333084076,0.957117871073005,561091
"6eeb99a793_t90","3pl_g20","skew_pos","parametric",10,0.9,0.0207209333084076,0.957117871073005,783120
"6eeb99a793_t95","3pl_g20","skew_pos","parametric",10,0.95,0.0207209333084076,0.957117871073005,39155
"6f8ac52639_t50","3pl_g20","skew_pos","irw",40,0.5,0.0725447612829129,0.986213228726487,645386
"6f8ac52639_t60","3pl_g20","skew_pos","irw",40,0.6,0.0725447612829129,0.986213228726487,566828
"6f8ac52639_t70","3pl_g20","skew_pos","irw",40,0.7,0.0725447612829129,0.986213228726487,366012
"6f8ac52639_t80","3pl_g20","skew_pos","irw",40,0.8,0.0725447612829129,0.986213228726487,757115
"6f8ac52639_t90","3pl_g20","skew_pos","irw",40,0.9,0.0725447612829129,0.986213228726487,758065
"6f8ac52639_t95","3pl_g20","skew_pos","irw",40,0.95,0.0725447612829129,0.986213228726487,646345
"6fa1916652_t50","3pl_g20","skew_pos","parametric",60,0.5,0.0972602864387408,0.989833394830211,486209
"6fa1916652_t60","3pl_g20","skew_pos","parametric",60,0.6,0.0972602864387408,0.989833394830211,632154
"6fa1916652_t70","3pl_g20","skew_pos","parametric",60,0.7,0.0972602864387408,0.989833394830211,553006
"6fa1916652_t80","3pl_g20","skew_pos","parametric",60,0.8,0.0972602864387408,0.989833394830211,524924
"6fa1916652_t90","3pl_g20","skew_pos","parametric",60,0.9,0.0972602864387408,0.989833394830211,78745
"6fa1916652_t95","3pl_g20","skew_pos","parametric",60,0.95,0.0972602864387408,0.989833394830211,422965
"6fc75d8330_t50","2pl","heavy_tail","parametric",60,0.5,0.149014099370624,0.995229797838567,540701
"6fc75d8330_t60","2pl","heavy_tail","parametric",60,0.6,0.149014099370624,0.995229797838567,518123
"6fc75d8330_t70","2pl","heavy_tail","parametric",60,0.7,0.149014099370624,0.995229797838567,471754
"6fc75d8330_t80","2pl","heavy_tail","parametric",60,0.8,0.149014099370624,0.995229797838567,431874
"6fc75d8330_t90","2pl","heavy_tail","parametric",60,0.9,0.149014099370624,0.995229797838567,736753
"6fc75d8330_t95","2pl","heavy_tail","parametric",60,0.95,0.149014099370624,0.995229797838567,325886
"705e3d6cec_t50","3pl_g20","bimodal","parametric",60,0.5,0.10018301071725,0.990365358706147,281646
"705e3d6cec_t60","3pl_g20","bimodal","parametric",60,0.6,0.10018301071725,0.990365358706147,85735
"705e3d6cec_t70","3pl_g20","bimodal","parametric",60,0.7,0.10018301071725,0.990365358706147,161888
"705e3d6cec_t80","3pl_g20","bimodal","parametric",60,0.8,0.10018301071725,0.990365358706147,373095
"705e3d6cec_t90","3pl_g20","bimodal","parametric",60,0.9,0.10018301071725,0.990365358706147,121293
"705e3d6cec_t95","3pl_g20","bimodal","parametric",60,0.95,0.10018301071725,0.990365358706147,465568
"706cd16630_t50","rasch","bimodal","irw",20,0.5,0.0467097875212472,0.976361534604632,98587
"706cd16630_t60","rasch","bimodal","irw",20,0.6,0.0467097875212472,0.976361534604632,441798
"706cd16630_t70","rasch","bimodal","irw",20,0.7,0.0467097875212472,0.976361534604632,579801
"706cd16630_t80","rasch","bimodal","irw",20,0.8,0.0467097875212472,0.976361534604632,178189
"706cd16630_t90","rasch","bimodal","irw",20,0.9,0.0467097875212472,0.976361534604632,557918
"706cd16630_t95","rasch","bimodal","irw",20,0.95,0.0467097875212472,0.976361534604632,553752
"7107b4b0bc_t50","3pl_g20","heavy_tail","irw",10,0.5,0.0182204276574838,0.913423581639258,503406
"7107b4b0bc_t60","3pl_g20","heavy_tail","irw",10,0.6,0.0182204276574838,0.913423581639258,60294
"7107b4b0bc_t70","3pl_g20","heavy_tail","irw",10,0.7,0.0182204276574838,0.913423581639258,517240
"7107b4b0bc_t80","3pl_g20","heavy_tail","irw",10,0.8,0.0182204276574838,0.913423581639258,603509
"7107b4b0bc_t90","3pl_g20","heavy_tail","irw",10,0.9,0.0182204276574838,0.913423581639258,617566
"71c9b8c65b_t50","3pl_beta","heavy_tail","parametric",60,0.5,0.111931678409407,0.99043322916103,22008
"71c9b8c65b_t60","3pl_beta","heavy_tail","parametric",60,0.6,0.111931678409407,0.99043322916103,575899
"71c9b8c65b_t70","3pl_beta","heavy_tail","parametric",60,0.7,0.111931678409407,0.99043322916103,645008
"71c9b8c65b_t80","3pl_beta","heavy_tail","parametric",60,0.8,0.111931678409407,0.99043322916103,37943
"71c9b8c65b_t90","3pl_beta","heavy_tail","parametric",60,0.9,0.111931678409407,0.99043322916103,505732
"71c9b8c65b_t95","3pl_beta","heavy_tail","parametric",60,0.95,0.111931678409407,0.99043322916103,611048
"738d543b91_t50","rasch","heavy_tail","parametric",20,0.5,0.046723834692869,0.983158316895653,645923
"738d543b91_t60","rasch","heavy_tail","parametric",20,0.6,0.046723834692869,0.983158316895653,31969
"738d543b91_t70","rasch","heavy_tail","parametric",20,0.7,0.046723834692869,0.983158316895653,489439
"738d543b91_t80","rasch","heavy_tail","parametric",20,0.8,0.046723834692869,0.983158316895653,104614
"738d543b91_t90","rasch","heavy_tail","parametric",20,0.9,0.046723834692869,0.983158316895653,80944
"738d543b91_t95","rasch","heavy_tail","parametric",20,0.95,0.046723834692869,0.983158316895653,702954
"786d9a02b6_t50","rasch","heavy_tail","irw",10,0.5,0.0242610097281073,0.969673538800312,652765
"786d9a02b6_t60","rasch","heavy_tail","irw",10,0.6,0.0242610097281073,0.969673538800312,179461
"786d9a02b6_t70","rasch","heavy_tail","irw",10,0.7,0.0242610097281073,0.969673538800312,802756
"786d9a02b6_t80","rasch","heavy_tail","irw",10,0.8,0.0242610097281073,0.969673538800312,523434
"786d9a02b6_t90","rasch","heavy_tail","irw",10,0.9,0.0242610097281073,0.969673538800312,120022
"786d9a02b6_t95","rasch","heavy_tail","irw",10,0.95,0.0242610097281073,0.969673538800312,536571
"789f2b1000_t50","rasch","heavy_tail","parametric",60,0.5,0.129579974333758,0.994384189013798,302886
"789f2b1000_t60","rasch","heavy_tail","parametric",60,0.6,0.129579974333758,0.994384189013798,458635
"789f2b1000_t70","rasch","heavy_tail","parametric",60,0.7,0.129579974333758,0.994384189013798,713874
"789f2b1000_t80","rasch","heavy_tail","parametric",60,0.8,0.129579974333758,0.994384189013798,28759
"789f2b1000_t90","rasch","heavy_tail","parametric",60,0.9,0.129579974333758,0.994384189013798,352442
"789f2b1000_t95","rasch","heavy_tail","parametric",60,0.95,0.129579974333758,0.994384189013798,764133
"7bfda144a5_t50","3pl_beta","bimodal","irw",60,0.5,0.0860866698859642,0.990055162497653,490163
"7bfda144a5_t60","3pl_beta","bimodal","irw",60,0.6,0.0860866698859642,0.990055162497653,485530
"7bfda144a5_t70","3pl_beta","bimodal","irw",60,0.7,0.0860866698859642,0.990055162497653,741730
"7bfda144a5_t80","3pl_beta","bimodal","irw",60,0.8,0.0860866698859642,0.990055162497653,567505
"7bfda144a5_t90","3pl_beta","bimodal","irw",60,0.9,0.0860866698859642,0.990055162497653,604191
"7bfda144a5_t95","3pl_beta","bimodal","irw",60,0.95,0.0860866698859642,0.990055162497653,309992
"7c47698ded_t50","2pl","normal","irw",10,0.5,0.0252964640301727,0.963493468051435,700858
"7c47698ded_t60","2pl","normal","irw",10,0.6,0.0252964640301727,0.963493468051435,708791
"7c47698ded_t70","2pl","normal","irw",10,0.7,0.0252964640301727,0.963493468051435,475648
"7c47698ded_t80","2pl","normal","irw",10,0.8,0.0252964640301727,0.963493468051435,535944
"7c47698ded_t90","2pl","normal","irw",10,0.9,0.0252964640301727,0.963493468051435,115110
"7c47698ded_t95","2pl","normal","irw",10,0.95,0.0252964640301727,0.963493468051435,420546
"7cee56a484_t50","2pl","bimodal","parametric",10,0.5,0.0416519200888984,0.974763084283033,601880
"7cee56a484_t60","2pl","bimodal","parametric",10,0.6,0.0416519200888984,0.974763084283033,501376
"7cee56a484_t70","2pl","bimodal","parametric",10,0.7,0.0416519200888984,0.974763084283033,251367
"7cee56a484_t80","2pl","bimodal","parametric",10,0.8,0.0416519200888984,0.974763084283033,500475
"7cee56a484_t90","2pl","bimodal","parametric",10,0.9,0.0416519200888984,0.974763084283033,41644
"7cee56a484_t95","2pl","bimodal","parametric",10,0.95,0.0416519200888984,0.974763084283033,593768
"7d3dc7a372_t50","3pl_g20","heavy_tail","parametric",40,0.5,0.0773745705096433,0.984455108667156,435060
"7d3dc7a372_t60","3pl_g20","heavy_tail","parametric",40,0.6,0.0773745705096433,0.984455108667156,710295
"7d3dc7a372_t70","3pl_g20","heavy_tail","parametric",40,0.7,0.0773745705096433,0.984455108667156,410889
"7d3dc7a372_t80","3pl_g20","heavy_tail","parametric",40,0.8,0.0773745705096433,0.984455108667156,724375
"7d3dc7a372_t90","3pl_g20","heavy_tail","parametric",40,0.9,0.0773745705096433,0.984455108667156,671478
"7d3dc7a372_t95","3pl_g20","heavy_tail","parametric",40,0.95,0.0773745705096433,0.984455108667156,810676
"7e68f7b5fe_t50","3pl_g20","normal","irw",60,0.5,0.100202830984809,0.988718705030596,510670
"7e68f7b5fe_t60","3pl_g20","normal","irw",60,0.6,0.100202830984809,0.988718705030596,200011
"7e68f7b5fe_t70","3pl_g20","normal","irw",60,0.7,0.100202830984809,0.988718705030596,162678
"7e68f7b5fe_t80","3pl_g20","normal","irw",60,0.8,0.100202830984809,0.988718705030596,79578
"7e68f7b5fe_t90","3pl_g20","normal","irw",60,0.9,0.100202830984809,0.988718705030596,483294
"7e68f7b5fe_t95","3pl_g20","normal","irw",60,0.95,0.100202830984809,0.988718705030596,806701
"8320ea3e35_t50","3pl_beta","heavy_tail","irw",20,0.5,0.0325576293161255,0.930799953313981,251513
"8320ea3e35_t60","3pl_beta","heavy_tail","irw",20,0.6,0.0325576293161255,0.930799953313981,577364
"8320ea3e35_t70","3pl_beta","heavy_tail","irw",20,0.7,0.0325576293161255,0.930799953313981,371740
"8320ea3e35_t80","3pl_beta","heavy_tail","irw",20,0.8,0.0325576293161255,0.930799953313981,721830
"8320ea3e35_t90","3pl_beta","heavy_tail","irw",20,0.9,0.0325576293161255,0.930799953313981,703086
"837c70723e_t50","3pl_g20","normal","irw",20,0.5,0.0437479369561242,0.97491187844065,584304
"837c70723e_t60","3pl_g20","normal","irw",20,0.6,0.0437479369561242,0.97491187844065,734418
"837c70723e_t70","3pl_g20","normal","irw",20,0.7,0.0437479369561242,0.97491187844065,203021
"837c70723e_t80","3pl_g20","normal","irw",20,0.8,0.0437479369561242,0.97491187844065,126802
"837c70723e_t90","3pl_g20","normal","irw",20,0.9,0.0437479369561242,0.97491187844065,92983
"837c70723e_t95","3pl_g20","normal","irw",20,0.95,0.0437479369561242,0.97491187844065,474948
"857e5b810e_t50","3pl_beta","heavy_tail","irw",60,0.5,0.0971666645645329,0.992170269197364,169206
"857e5b810e_t60","3pl_beta","heavy_tail","irw",60,0.6,0.0971666645645329,0.992170269197364,666033
"857e5b810e_t70","3pl_beta","heavy_tail","irw",60,0.7,0.0971666645645329,0.992170269197364,57168
"857e5b810e_t80","3pl_beta","heavy_tail","irw",60,0.8,0.0971666645645329,0.992170269197364,222341
"857e5b810e_t90","3pl_beta","heavy_tail","irw",60,0.9,0.0971666645645329,0.992170269197364,97215
"857e5b810e_t95","3pl_beta","heavy_tail","irw",60,0.95,0.0971666645645329,0.992170269197364,527669
"862b4710eb_t50","3pl_g20","skew_pos","parametric",20,0.5,0.0348630590885998,0.974568945795424,556289
"862b4710eb_t60","3pl_g20","skew_pos","parametric",20,0.6,0.0348630590885998,0.974568945795424,239758
"862b4710eb_t70","3pl_g20","skew_pos","parametric",20,0.7,0.0348630590885998,0.974568945795424,329939
"862b4710eb_t80","3pl_g20","skew_pos","parametric",20,0.8,0.0348630590885998,0.974568945795424,418514
"862b4710eb_t90","3pl_g20","skew_pos","parametric",20,0.9,0.0348630590885998,0.974568945795424,611167
"862b4710eb_t95","3pl_g20","skew_pos","parametric",20,0.95,0.0348630590885998,0.974568945795424,100133
"877051b144_t50","3pl_beta","bimodal","parametric",40,0.5,0.0667717553550018,0.983935615053667,737970
"877051b144_t60","3pl_beta","bimodal","parametric",40,0.6,0.0667717553550018,0.983935615053667,330178
"877051b144_t70","3pl_beta","bimodal","parametric",40,0.7,0.0667717553550018,0.983935615053667,135336
"877051b144_t80","3pl_beta","bimodal","parametric",40,0.8,0.0667717553550018,0.983935615053667,763563
"877051b144_t90","3pl_beta","bimodal","parametric",40,0.9,0.0667717553550018,0.983935615053667,479754
"877051b144_t95","3pl_beta","bimodal","parametric",40,0.95,0.0667717553550018,0.983935615053667,680363
"88f779a86c_t50","2pl","skew_pos","parametric",20,0.5,0.0626640970406674,0.986692501795734,187914
"88f779a86c_t60","2pl","skew_pos","parametric",20,0.6,0.0626640970406674,0.986692501795734,302197
"88f779a86c_t70","2pl","skew_pos","parametric",20,0.7,0.0626640970406674,0.986692501795734,653142
"88f779a86c_t80","2pl","skew_pos","parametric",20,0.8,0.0626640970406674,0.986692501795734,48410
"88f779a86c_t90","2pl","skew_pos","parametric",20,0.9,0.0626640970406674,0.986692501795734,779577
"88f779a86c_t95","2pl","skew_pos","parametric",20,0.95,0.0626640970406674,0.986692501795734,532922
"89ea0bc5ff_t50","rasch","skew_pos","irw",40,0.5,0.0896380436388751,0.986508066051949,325695
"89ea0bc5ff_t60","rasch","skew_pos","irw",40,0.6,0.0896380436388751,0.986508066051949,553706
"89ea0bc5ff_t70","rasch","skew_pos","irw",40,0.7,0.0896380436388751,0.986508066051949,598928
"89ea0bc5ff_t80","rasch","skew_pos","irw",40,0.8,0.0896380436388751,0.986508066051949,668757
"89ea0bc5ff_t90","rasch","skew_pos","irw",40,0.9,0.0896380436388751,0.986508066051949,484154
"89ea0bc5ff_t95","rasch","skew_pos","irw",40,0.95,0.0896380436388751,0.986508066051949,593750
"8db178eee1_t50","rasch","skew_pos","irw",10,0.5,0.0234826857903084,0.970287241910985,34092
"8db178eee1_t60","rasch","skew_pos","irw",10,0.6,0.0234826857903084,0.970287241910985,418712
"8db178eee1_t70","rasch","skew_pos","irw",10,0.7,0.0234826857903084,0.970287241910985,484289
"8db178eee1_t80","rasch","skew_pos","irw",10,0.8,0.0234826857903084,0.970287241910985,575514
"8db178eee1_t90","rasch","skew_pos","irw",10,0.9,0.0234826857903084,0.970287241910985,61361
"8db178eee1_t95","rasch","skew_pos","irw",10,0.95,0.0234826857903084,0.970287241910985,517458
"90b3200e06_t50","2pl","bimodal","irw",40,0.5,0.113442451117133,0.987617280448489,372989
"90b3200e06_t60","2pl","bimodal","irw",40,0.6,0.113442451117133,0.987617280448489,365205
"90b3200e06_t70","2pl","bimodal","irw",40,0.7,0.113442451117133,0.987617280448489,570825
"90b3200e06_t80","2pl","bimodal","irw",40,0.8,0.113442451117133,0.987617280448489,330081
"90b3200e06_t90","2pl","bimodal","irw",40,0.9,0.113442451117133,0.987617280448489,568899
"90b3200e06_t95","2pl","bimodal","irw",40,0.95,0.113442451117133,0.987617280448489,91087
"93478b9ed6_t50","rasch","bimodal","irw",10,0.5,0.0245512561222771,0.964638801763355,607315
"93478b9ed6_t60","rasch","bimodal","irw",10,0.6,0.0245512561222771,0.964638801763355,193546
"93478b9ed6_t70","rasch","bimodal","irw",10,0.7,0.0245512561222771,0.964638801763355,344788
"93478b9ed6_t80","rasch","bimodal","irw",10,0.8,0.0245512561222771,0.964638801763355,326963
"93478b9ed6_t90","rasch","bimodal","irw",10,0.9,0.0245512561222771,0.964638801763355,202078
"93478b9ed6_t95","rasch","bimodal","irw",10,0.95,0.0245512561222771,0.964638801763355,107239
"940dd58533_t50","3pl_g20","normal","irw",10,0.5,0.0153412718701858,0.948068273082091,679576
"940dd58533_t60","3pl_g20","normal","irw",10,0.6,0.0153412718701858,0.948068273082091,671053
"940dd58533_t70","3pl_g20","normal","irw",10,0.7,0.0153412718701858,0.948068273082091,316641
"940dd58533_t80","3pl_g20","normal","irw",10,0.8,0.0153412718701858,0.948068273082091,810569
"940dd58533_t90","3pl_g20","normal","irw",10,0.9,0.0153412718701858,0.948068273082091,301820
"9513362a78_t50","2pl","heavy_tail","irw",20,0.5,0.0590700539206599,0.969490277146154,14135
"9513362a78_t60","2pl","heavy_tail","irw",20,0.6,0.0590700539206599,0.969490277146154,666045
"9513362a78_t70","2pl","heavy_tail","irw",20,0.7,0.0590700539206599,0.969490277146154,533724
"9513362a78_t80","2pl","heavy_tail","irw",20,0.8,0.0590700539206599,0.969490277146154,443923
"9513362a78_t90","2pl","heavy_tail","irw",20,0.9,0.0590700539206599,0.969490277146154,794251
"9513362a78_t95","2pl","heavy_tail","irw",20,0.95,0.0590700539206599,0.969490277146154,738208
"9711f8cd98_t50","3pl_g20","bimodal","parametric",10,0.5,0.0156712611122316,0.895115713081413,616744
"9711f8cd98_t60","3pl_g20","bimodal","parametric",10,0.6,0.0156712611122316,0.895115713081413,631072
"9711f8cd98_t70","3pl_g20","bimodal","parametric",10,0.7,0.0156712611122316,0.895115713081413,645884
"9711f8cd98_t80","3pl_g20","bimodal","parametric",10,0.8,0.0156712611122316,0.895115713081413,506232
"9edead4a8b_t50","2pl","normal","parametric",40,0.5,0.121872241604443,0.992978924200791,446734
"9edead4a8b_t60","2pl","normal","parametric",40,0.6,0.121872241604443,0.992978924200791,451334
"9edead4a8b_t70","2pl","normal","parametric",40,0.7,0.121872241604443,0.992978924200791,404863
"9edead4a8b_t80","2pl","normal","parametric",40,0.8,0.121872241604443,0.992978924200791,464143
"9edead4a8b_t90","2pl","normal","parametric",40,0.9,0.121872241604443,0.992978924200791,500527
"9edead4a8b_t95","2pl","normal","parametric",40,0.95,0.121872241604443,0.992978924200791,457387
"a1f4688fbc_t50","3pl_g20","heavy_tail","irw",20,0.5,0.0326123892947199,0.956128935034251,213806
"a1f4688fbc_t60","3pl_g20","heavy_tail","irw",20,0.6,0.0326123892947199,0.956128935034251,432673
"a1f4688fbc_t70","3pl_g20","heavy_tail","irw",20,0.7,0.0326123892947199,0.956128935034251,530868
"a1f4688fbc_t80","3pl_g20","heavy_tail","irw",20,0.8,0.0326123892947199,0.956128935034251,430038
"a1f4688fbc_t90","3pl_g20","heavy_tail","irw",20,0.9,0.0326123892947199,0.956128935034251,634489
"a1f4688fbc_t95","3pl_g20","heavy_tail","irw",20,0.95,0.0326123892947199,0.956128935034251,135746
"a299eff79d_t50","3pl_beta","normal","parametric",20,0.5,0.0431821903331722,0.973143479004886,174493
"a299eff79d_t60","3pl_beta","normal","parametric",20,0.6,0.0431821903331722,0.973143479004886,687560
"a299eff79d_t70","3pl_beta","normal","parametric",20,0.7,0.0431821903331722,0.973143479004886,526799
"a299eff79d_t80","3pl_beta","normal","parametric",20,0.8,0.0431821903331722,0.973143479004886,294399
"a299eff79d_t90","3pl_beta","normal","parametric",20,0.9,0.0431821903331722,0.973143479004886,561855
"a299eff79d_t95","3pl_beta","normal","parametric",20,0.95,0.0431821903331722,0.973143479004886,217948
"aa41d06cf1_t50","3pl_beta","bimodal","irw",40,0.5,0.0712562755130429,0.986475348973864,121154
"aa41d06cf1_t60","3pl_beta","bimodal","irw",40,0.6,0.0712562755130429,0.986475348973864,309533
"aa41d06cf1_t70","3pl_beta","bimodal","irw",40,0.7,0.0712562755130429,0.986475348973864,764073
"aa41d06cf1_t80","3pl_beta","bimodal","irw",40,0.8,0.0712562755130429,0.986475348973864,653262
"aa41d06cf1_t90","3pl_beta","bimodal","irw",40,0.9,0.0712562755130429,0.986475348973864,430724
"aa41d06cf1_t95","3pl_beta","bimodal","irw",40,0.95,0.0712562755130429,0.986475348973864,740018
"ac596c5075_t50","rasch","skew_pos","parametric",10,0.5,0.0244389563705964,0.966443052701354,185766
"ac596c5075_t60","rasch","skew_pos","parametric",10,0.6,0.0244389563705964,0.966443052701354,467128
"ac596c5075_t70","rasch","skew_pos","parametric",10,0.7,0.0244389563705964,0.966443052701354,49422
"ac596c5075_t80","rasch","skew_pos","parametric",10,0.8,0.0244389563705964,0.966443052701354,196569
"ac596c5075_t90","rasch","skew_pos","parametric",10,0.9,0.0244389563705964,0.966443052701354,212429
"ac596c5075_t95","rasch","skew_pos","parametric",10,0.95,0.0244389563705964,0.966443052701354,665058
"ad266e1728_t50","3pl_beta","heavy_tail","irw",10,0.5,0.0168738183098812,0.916422109730689,469079
"ad266e1728_t60","3pl_beta","heavy_tail","irw",10,0.6,0.0168738183098812,0.916422109730689,16332
"ad266e1728_t70","3pl_beta","heavy_tail","irw",10,0.7,0.0168738183098812,0.916422109730689,97316
"ad266e1728_t80","3pl_beta","heavy_tail","irw",10,0.8,0.0168738183098812,0.916422109730689,225032
"ad266e1728_t90","3pl_beta","heavy_tail","irw",10,0.9,0.0168738183098812,0.916422109730689,179609
"ade7e80f30_t50","3pl_g20","skew_pos","parametric",40,0.5,0.0728037560279385,0.986851106321725,161781
"ade7e80f30_t60","3pl_g20","skew_pos","parametric",40,0.6,0.0728037560279385,0.986851106321725,733410
"ade7e80f30_t70","3pl_g20","skew_pos","parametric",40,0.7,0.0728037560279385,0.986851106321725,521292
"ade7e80f30_t80","3pl_g20","skew_pos","parametric",40,0.8,0.0728037560279385,0.986851106321725,523165
"ade7e80f30_t90","3pl_g20","skew_pos","parametric",40,0.9,0.0728037560279385,0.986851106321725,446793
"ade7e80f30_t95","3pl_g20","skew_pos","parametric",40,0.95,0.0728037560279385,0.986851106321725,139371
"b06cf9b257_t50","2pl","heavy_tail","parametric",40,0.5,0.0981796074375881,0.991566425650132,607245
"b06cf9b257_t60","2pl","heavy_tail","parametric",40,0.6,0.0981796074375881,0.991566425650132,204185
"b06cf9b257_t70","2pl","heavy_tail","parametric",40,0.7,0.0981796074375881,0.991566425650132,598610
"b06cf9b257_t80","2pl","heavy_tail","parametric",40,0.8,0.0981796074375881,0.991566425650132,279519
"b06cf9b257_t90","2pl","heavy_tail","parametric",40,0.9,0.0981796074375881,0.991566425650132,482498
"b06cf9b257_t95","2pl","heavy_tail","parametric",40,0.95,0.0981796074375881,0.991566425650132,787926
"b5c17df61e_t50","3pl_beta","heavy_tail","irw",40,0.5,0.066096059106616,0.985777327215793,740552
"b5c17df61e_t60","3pl_beta","heavy_tail","irw",40,0.6,0.066096059106616,0.985777327215793,231742
"b5c17df61e_t70","3pl_beta","heavy_tail","irw",40,0.7,0.066096059106616,0.985777327215793,239639
"b5c17df61e_t80","3pl_beta","heavy_tail","irw",40,0.8,0.066096059106616,0.985777327215793,113568
"b5c17df61e_t90","3pl_beta","heavy_tail","irw",40,0.9,0.066096059106616,0.985777327215793,476152
"b5c17df61e_t95","3pl_beta","heavy_tail","irw",40,0.95,0.066096059106616,0.985777327215793,675342
"b605c149c3_t50","2pl","bimodal","irw",10,0.5,0.0327326366624086,0.94067290690672,611452
"b605c149c3_t60","2pl","bimodal","irw",10,0.6,0.0327326366624086,0.94067290690672,244744
"b605c149c3_t70","2pl","bimodal","irw",10,0.7,0.0327326366624086,0.94067290690672,50756
"b605c149c3_t80","2pl","bimodal","irw",10,0.8,0.0327326366624086,0.94067290690672,636243
"b605c149c3_t90","2pl","bimodal","irw",10,0.9,0.0327326366624086,0.94067290690672,497892
"b69bee9770_t50","rasch","normal","irw",40,0.5,0.0900682722515634,0.992860946394517,216295
"b69bee9770_t60","rasch","normal","irw",40,0.6,0.0900682722515634,0.992860946394517,521961
"b69bee9770_t70","rasch","normal","irw",40,0.7,0.0900682722515634,0.992860946394517,524984
"b69bee9770_t80","rasch","normal","irw",40,0.8,0.0900682722515634,0.992860946394517,91747
"b69bee9770_t90","rasch","normal","irw",40,0.9,0.0900682722515634,0.992860946394517,687555
"b69bee9770_t95","rasch","normal","irw",40,0.95,0.0900682722515634,0.992860946394517,552784
"b6cfbaf90a_t50","rasch","bimodal","parametric",40,0.5,0.0907514099788845,0.990126507785667,57854
"b6cfbaf90a_t60","rasch","bimodal","parametric",40,0.6,0.0907514099788845,0.990126507785667,78101
"b6cfbaf90a_t70","rasch","bimodal","parametric",40,0.7,0.0907514099788845,0.990126507785667,763637
"b6cfbaf90a_t80","rasch","bimodal","parametric",40,0.8,0.0907514099788845,0.990126507785667,743704
"b6cfbaf90a_t90","rasch","bimodal","parametric",40,0.9,0.0907514099788845,0.990126507785667,428124
"b6cfbaf90a_t95","rasch","bimodal","parametric",40,0.95,0.0907514099788845,0.990126507785667,681809
"b6eb9aaebc_t50","rasch","bimodal","irw",40,0.5,0.0888453340519671,0.97381827562642,456402
"b6eb9aaebc_t60","rasch","bimodal","irw",40,0.6,0.0888453340519671,0.97381827562642,117645
"b6eb9aaebc_t70","rasch","bimodal","irw",40,0.7,0.0888453340519671,0.97381827562642,200651
"b6eb9aaebc_t80","rasch","bimodal","irw",40,0.8,0.0888453340519671,0.97381827562642,486495
"b6eb9aaebc_t90","rasch","bimodal","irw",40,0.9,0.0888453340519671,0.97381827562642,774492
"b6eb9aaebc_t95","rasch","bimodal","irw",40,0.95,0.0888453340519671,0.97381827562642,16840
"b75c180cb0_t50","2pl","skew_pos","parametric",10,0.5,0.0236771873056519,0.964433758474364,497419
"b75c180cb0_t60","2pl","skew_pos","parametric",10,0.6,0.0236771873056519,0.964433758474364,324735
"b75c180cb0_t70","2pl","skew_pos","parametric",10,0.7,0.0236771873056519,0.964433758474364,402782
"b75c180cb0_t80","2pl","skew_pos","parametric",10,0.8,0.0236771873056519,0.964433758474364,189042
"b75c180cb0_t90","2pl","skew_pos","parametric",10,0.9,0.0236771873056519,0.964433758474364,538344
"b75c180cb0_t95","2pl","skew_pos","parametric",10,0.95,0.0236771873056519,0.964433758474364,436502
"b7cb5fd647_t50","rasch","normal","irw",20,0.5,0.0479350525626158,0.980656426421734,252026
"b7cb5fd647_t60","rasch","normal","irw",20,0.6,0.0479350525626158,0.980656426421734,439934
"b7cb5fd647_t70","rasch","normal","irw",20,0.7,0.0479350525626158,0.980656426421734,668792
"b7cb5fd647_t80","rasch","normal","irw",20,0.8,0.0479350525626158,0.980656426421734,701301
"b7cb5fd647_t90","rasch","normal","irw",20,0.9,0.0479350525626158,0.980656426421734,576161
"b7cb5fd647_t95","rasch","normal","irw",20,0.95,0.0479350525626158,0.980656426421734,192178
"b80071f5e2_t50","2pl","heavy_tail","irw",60,0.5,0.159851271447963,0.994635604641054,786199
"b80071f5e2_t60","2pl","heavy_tail","irw",60,0.6,0.159851271447963,0.994635604641054,691576
"b80071f5e2_t70","2pl","heavy_tail","irw",60,0.7,0.159851271447963,0.994635604641054,705167
"b80071f5e2_t80","2pl","heavy_tail","irw",60,0.8,0.159851271447963,0.994635604641054,68141
"b80071f5e2_t90","2pl","heavy_tail","irw",60,0.9,0.159851271447963,0.994635604641054,95721
"b80071f5e2_t95","2pl","heavy_tail","irw",60,0.95,0.159851271447963,0.994635604641054,321442
"b8ba807a81_t50","rasch","heavy_tail","irw",60,0.5,0.126844587236203,0.991129315096457,472386
"b8ba807a81_t60","rasch","heavy_tail","irw",60,0.6,0.126844587236203,0.991129315096457,404704
"b8ba807a81_t70","rasch","heavy_tail","irw",60,0.7,0.126844587236203,0.991129315096457,540437
"b8ba807a81_t80","rasch","heavy_tail","irw",60,0.8,0.126844587236203,0.991129315096457,737605
"b8ba807a81_t90","rasch","heavy_tail","irw",60,0.9,0.126844587236203,0.991129315096457,402030
"b8ba807a81_t95","rasch","heavy_tail","irw",60,0.95,0.126844587236203,0.991129315096457,588355
"bb52ad0abc_t50","3pl_beta","normal","irw",10,0.5,0.024233599206987,0.96236524264391,206660
"bb52ad0abc_t60","3pl_beta","normal","irw",10,0.6,0.024233599206987,0.96236524264391,538174
"bb52ad0abc_t70","3pl_beta","normal","irw",10,0.7,0.024233599206987,0.96236524264391,622338
"bb52ad0abc_t80","3pl_beta","normal","irw",10,0.8,0.024233599206987,0.96236524264391,368011
"bb52ad0abc_t90","3pl_beta","normal","irw",10,0.9,0.024233599206987,0.96236524264391,471637
"bb52ad0abc_t95","3pl_beta","normal","irw",10,0.95,0.024233599206987,0.96236524264391,410313
"bd4a352d58_t50","2pl","skew_pos","parametric",60,0.5,0.1511360525686,0.994756695333354,805576
"bd4a352d58_t60","2pl","skew_pos","parametric",60,0.6,0.1511360525686,0.994756695333354,119672
"bd4a352d58_t70","2pl","skew_pos","parametric",60,0.7,0.1511360525686,0.994756695333354,167891
"bd4a352d58_t80","2pl","skew_pos","parametric",60,0.8,0.1511360525686,0.994756695333354,65995
"bd4a352d58_t90","2pl","skew_pos","parametric",60,0.9,0.1511360525686,0.994756695333354,486758
"bd4a352d58_t95","2pl","skew_pos","parametric",60,0.95,0.1511360525686,0.994756695333354,52627
"bec01bd864_t50","3pl_g20","bimodal","irw",40,0.5,0.0741533377218074,0.987380748770944,359151
"bec01bd864_t60","3pl_g20","bimodal","irw",40,0.6,0.0741533377218074,0.987380748770944,241766
"bec01bd864_t70","3pl_g20","bimodal","irw",40,0.7,0.0741533377218074,0.987380748770944,19232
"bec01bd864_t80","3pl_g20","bimodal","irw",40,0.8,0.0741533377218074,0.987380748770944,708292
"bec01bd864_t90","3pl_g20","bimodal","irw",40,0.9,0.0741533377218074,0.987380748770944,361632
"bec01bd864_t95","3pl_g20","bimodal","irw",40,0.95,0.0741533377218074,0.987380748770944,596939
"bec5a244cc_t50","3pl_g20","bimodal","parametric",20,0.5,0.0316536603636987,0.967494532296238,621146
"bec5a244cc_t60","3pl_g20","bimodal","parametric",20,0.6,0.0316536603636987,0.967494532296238,770971
"bec5a244cc_t70","3pl_g20","bimodal","parametric",20,0.7,0.0316536603636987,0.967494532296238,800464
"bec5a244cc_t80","3pl_g20","bimodal","parametric",20,0.8,0.0316536603636987,0.967494532296238,336709
"bec5a244cc_t90","3pl_g20","bimodal","parametric",20,0.9,0.0316536603636987,0.967494532296238,585583
"bec5a244cc_t95","3pl_g20","bimodal","parametric",20,0.95,0.0316536603636987,0.967494532296238,25034
"c9eb5b038f_t50","rasch","normal","parametric",60,0.5,0.127591704247434,0.994192219655801,22861
"c9eb5b038f_t60","rasch","normal","parametric",60,0.6,0.127591704247434,0.994192219655801,144883
"c9eb5b038f_t70","rasch","normal","parametric",60,0.7,0.127591704247434,0.994192219655801,366015
"c9eb5b038f_t80","rasch","normal","parametric",60,0.8,0.127591704247434,0.994192219655801,795160
"c9eb5b038f_t90","rasch","normal","parametric",60,0.9,0.127591704247434,0.994192219655801,646508
"c9eb5b038f_t95","rasch","normal","parametric",60,0.95,0.127591704247434,0.994192219655801,221788
"cae4d8ac21_t50","rasch","bimodal","parametric",60,0.5,0.130010391556773,0.993925541831165,202662
"cae4d8ac21_t60","rasch","bimodal","parametric",60,0.6,0.130010391556773,0.993925541831165,772556
"cae4d8ac21_t70","rasch","bimodal","parametric",60,0.7,0.130010391556773,0.993925541831165,784777
"cae4d8ac21_t80","rasch","bimodal","parametric",60,0.8,0.130010391556773,0.993925541831165,595663
"cae4d8ac21_t90","rasch","bimodal","parametric",60,0.9,0.130010391556773,0.993925541831165,800308
"cae4d8ac21_t95","rasch","bimodal","parametric",60,0.95,0.130010391556773,0.993925541831165,558802
"d2798548f9_t50","3pl_g20","heavy_tail","parametric",10,0.5,0.0170145255331187,0.935843767412902,101401
"d2798548f9_t60","3pl_g20","heavy_tail","parametric",10,0.6,0.0170145255331187,0.935843767412902,693102
"d2798548f9_t70","3pl_g20","heavy_tail","parametric",10,0.7,0.0170145255331187,0.935843767412902,791548
"d2798548f9_t80","3pl_g20","heavy_tail","parametric",10,0.8,0.0170145255331187,0.935843767412902,714070
"d2798548f9_t90","3pl_g20","heavy_tail","parametric",10,0.9,0.0170145255331187,0.935843767412902,516294
"d41c681147_t50","2pl","normal","parametric",10,0.5,0.0296850164757399,0.969451144241658,579111
"d41c681147_t60","2pl","normal","parametric",10,0.6,0.0296850164757399,0.969451144241658,718317
"d41c681147_t70","2pl","normal","parametric",10,0.7,0.0296850164757399,0.969451144241658,445781
"d41c681147_t80","2pl","normal","parametric",10,0.8,0.0296850164757399,0.969451144241658,720111
"d41c681147_t90","2pl","normal","parametric",10,0.9,0.0296850164757399,0.969451144241658,754488
"d41c681147_t95","2pl","normal","parametric",10,0.95,0.0296850164757399,0.969451144241658,264687
"d4e15da8e2_t50","2pl","normal","irw",60,0.5,0.155415548145308,0.995193714246751,276055
"d4e15da8e2_t60","2pl","normal","irw",60,0.6,0.155415548145308,0.995193714246751,802181
"d4e15da8e2_t70","2pl","normal","irw",60,0.7,0.155415548145308,0.995193714246751,353076
"d4e15da8e2_t80","2pl","normal","irw",60,0.8,0.155415548145308,0.995193714246751,300059
"d4e15da8e2_t90","2pl","normal","irw",60,0.9,0.155415548145308,0.995193714246751,773886
"d4e15da8e2_t95","2pl","normal","irw",60,0.95,0.155415548145308,0.995193714246751,122097
"d76fb115fe_t50","3pl_g20","skew_pos","irw",10,0.5,0.0200050121097562,0.932187594033981,450454
"d76fb115fe_t60","3pl_g20","skew_pos","irw",10,0.6,0.0200050121097562,0.932187594033981,126342
"d76fb115fe_t70","3pl_g20","skew_pos","irw",10,0.7,0.0200050121097562,0.932187594033981,744938
"d76fb115fe_t80","3pl_g20","skew_pos","irw",10,0.8,0.0200050121097562,0.932187594033981,276349
"d76fb115fe_t90","3pl_g20","skew_pos","irw",10,0.9,0.0200050121097562,0.932187594033981,170599
"d9861a350b_t50","3pl_beta","skew_pos","parametric",40,0.5,0.0567393823517868,0.982949287701653,653995
"d9861a350b_t60","3pl_beta","skew_pos","parametric",40,0.6,0.0567393823517868,0.982949287701653,388162
"d9861a350b_t70","3pl_beta","skew_pos","parametric",40,0.7,0.0567393823517868,0.982949287701653,752743
"d9861a350b_t80","3pl_beta","skew_pos","parametric",40,0.8,0.0567393823517868,0.982949287701653,218406
"d9861a350b_t90","3pl_beta","skew_pos","parametric",40,0.9,0.0567393823517868,0.982949287701653,644538
"d9861a350b_t95","3pl_beta","skew_pos","parametric",40,0.95,0.0567393823517868,0.982949287701653,706103
"d9b7e34bfd_t50","3pl_beta","normal","parametric",60,0.5,0.105378128909141,0.99095309565359,441422
"d9b7e34bfd_t60","3pl_beta","normal","parametric",60,0.6,0.105378128909141,0.99095309565359,698611
"d9b7e34bfd_t70","3pl_beta","normal","parametric",60,0.7,0.105378128909141,0.99095309565359,774234
"d9b7e34bfd_t80","3pl_beta","normal","parametric",60,0.8,0.105378128909141,0.99095309565359,159284
"d9b7e34bfd_t90","3pl_beta","normal","parametric",60,0.9,0.105378128909141,0.99095309565359,528787
"d9b7e34bfd_t95","3pl_beta","normal","parametric",60,0.95,0.105378128909141,0.99095309565359,620855
"d9f9912361_t50","3pl_g20","normal","parametric",40,0.5,0.0720699105727395,0.986462180100358,530140
"d9f9912361_t60","3pl_g20","normal","parametric",40,0.6,0.0720699105727395,0.986462180100358,527557
"d9f9912361_t70","3pl_g20","normal","parametric",40,0.7,0.0720699105727395,0.986462180100358,600799
"d9f9912361_t80","3pl_g20","normal","parametric",40,0.8,0.0720699105727395,0.986462180100358,511089
"d9f9912361_t90","3pl_g20","normal","parametric",40,0.9,0.0720699105727395,0.986462180100358,656989
"d9f9912361_t95","3pl_g20","normal","parametric",40,0.95,0.0720699105727395,0.986462180100358,396181
"dd9d6dae8d_t50","2pl","skew_pos","irw",10,0.5,0.0289315534488632,0.970267180975954,48941
"dd9d6dae8d_t60","2pl","skew_pos","irw",10,0.6,0.0289315534488632,0.970267180975954,360734
"dd9d6dae8d_t70","2pl","skew_pos","irw",10,0.7,0.0289315534488632,0.970267180975954,614699
"dd9d6dae8d_t80","2pl","skew_pos","irw",10,0.8,0.0289315534488632,0.970267180975954,744886
"dd9d6dae8d_t90","2pl","skew_pos","irw",10,0.9,0.0289315534488632,0.970267180975954,206910
"dd9d6dae8d_t95","2pl","skew_pos","irw",10,0.95,0.0289315534488632,0.970267180975954,762944
"dfce2b64f4_t50","3pl_g20","heavy_tail","irw",40,0.5,0.0722424190164259,0.978426094272518,619236
"dfce2b64f4_t60","3pl_g20","heavy_tail","irw",40,0.6,0.0722424190164259,0.978426094272518,544132
"dfce2b64f4_t70","3pl_g20","heavy_tail","irw",40,0.7,0.0722424190164259,0.978426094272518,387774
"dfce2b64f4_t80","3pl_g20","heavy_tail","irw",40,0.8,0.0722424190164259,0.978426094272518,795934
"dfce2b64f4_t90","3pl_g20","heavy_tail","irw",40,0.9,0.0722424190164259,0.978426094272518,472094
"dfce2b64f4_t95","3pl_g20","heavy_tail","irw",40,0.95,0.0722424190164259,0.978426094272518,169137
"e0422750e1_t50","2pl","bimodal","parametric",60,0.5,0.14496490896203,0.993865938196998,273699
"e0422750e1_t60","2pl","bimodal","parametric",60,0.6,0.14496490896203,0.993865938196998,375141
"e0422750e1_t70","2pl","bimodal","parametric",60,0.7,0.14496490896203,0.993865938196998,781459
"e0422750e1_t80","2pl","bimodal","parametric",60,0.8,0.14496490896203,0.993865938196998,242499
"e0422750e1_t90","2pl","bimodal","parametric",60,0.9,0.14496490896203,0.993865938196998,292344
"e0422750e1_t95","2pl","bimodal","parametric",60,0.95,0.14496490896203,0.993865938196998,430638
"e1c3c9e4f3_t50","3pl_beta","skew_pos","irw",40,0.5,0.0786831225025746,0.975350881048452,343887
"e1c3c9e4f3_t60","3pl_beta","skew_pos","irw",40,0.6,0.0786831225025746,0.975350881048452,93922
"e1c3c9e4f3_t70","3pl_beta","skew_pos","irw",40,0.7,0.0786831225025746,0.975350881048452,170780
"e1c3c9e4f3_t80","3pl_beta","skew_pos","irw",40,0.8,0.0786831225025746,0.975350881048452,745235
"e1c3c9e4f3_t90","3pl_beta","skew_pos","irw",40,0.9,0.0786831225025746,0.975350881048452,412718
"e1c3c9e4f3_t95","3pl_beta","skew_pos","irw",40,0.95,0.0786831225025746,0.975350881048452,326207
"ec1be6f260_t50","3pl_g20","heavy_tail","parametric",60,0.5,0.108865083327835,0.990450044795555,632852
"ec1be6f260_t60","3pl_g20","heavy_tail","parametric",60,0.6,0.108865083327835,0.990450044795555,478550
"ec1be6f260_t70","3pl_g20","heavy_tail","parametric",60,0.7,0.108865083327835,0.990450044795555,72757
"ec1be6f260_t80","3pl_g20","heavy_tail","parametric",60,0.8,0.108865083327835,0.990450044795555,473812
"ec1be6f260_t90","3pl_g20","heavy_tail","parametric",60,0.9,0.108865083327835,0.990450044795555,778966
"ec1be6f260_t95","3pl_g20","heavy_tail","parametric",60,0.95,0.108865083327835,0.990450044795555,463262
"ec99a4118e_t50","rasch","skew_pos","parametric",40,0.5,0.0907839820912444,0.991294651787672,436564
"ec99a4118e_t60","rasch","skew_pos","parametric",40,0.6,0.0907839820912444,0.991294651787672,687058
"ec99a4118e_t70","rasch","skew_pos","parametric",40,0.7,0.0907839820912444,0.991294651787672,668740
"ec99a4118e_t80","rasch","skew_pos","parametric",40,0.8,0.0907839820912444,0.991294651787672,475798
"ec99a4118e_t90","rasch","skew_pos","parametric",40,0.9,0.0907839820912444,0.991294651787672,224548
"ec99a4118e_t95","rasch","skew_pos","parametric",40,0.95,0.0907839820912444,0.991294651787672,465835
"f0bf345638_t50","3pl_beta","bimodal","irw",20,0.5,0.0326091623793543,0.966838276467678,614960
"f0bf345638_t60","3pl_beta","bimodal","irw",20,0.6,0.0326091623793543,0.966838276467678,437867
"f0bf345638_t70","3pl_beta","bimodal","irw",20,0.7,0.0326091623793543,0.966838276467678,550861
"f0bf345638_t80","3pl_beta","bimodal","irw",20,0.8,0.0326091623793543,0.966838276467678,335715
"f0bf345638_t90","3pl_beta","bimodal","irw",20,0.9,0.0326091623793543,0.966838276467678,582931
"f0bf345638_t95","3pl_beta","bimodal","irw",20,0.95,0.0326091623793543,0.966838276467678,160182
"f1ffd2e9cb_t50","rasch","heavy_tail","irw",40,0.5,0.0898422949309454,0.993275184132957,532620
"f1ffd2e9cb_t60","rasch","heavy_tail","irw",40,0.6,0.0898422949309454,0.993275184132957,248033
"f1ffd2e9cb_t70","rasch","heavy_tail","irw",40,0.7,0.0898422949309454,0.993275184132957,417441
"f1ffd2e9cb_t80","rasch","heavy_tail","irw",40,0.8,0.0898422949309454,0.993275184132957,784590
"f1ffd2e9cb_t90","rasch","heavy_tail","irw",40,0.9,0.0898422949309454,0.993275184132957,373037
"f1ffd2e9cb_t95","rasch","heavy_tail","irw",40,0.95,0.0898422949309454,0.993275184132957,580417
"fc718aeb3f_t50","2pl","skew_pos","irw",60,0.5,0.13861702429457,0.995176771961388,81306
"fc718aeb3f_t60","2pl","skew_pos","irw",60,0.6,0.13861702429457,0.995176771961388,407602
"fc718aeb3f_t70","2pl","skew_pos","irw",60,0.7,0.13861702429457,0.995176771961388,677256
"fc718aeb3f_t80","2pl","skew_pos","irw",60,0.8,0.13861702429457,0.995176771961388,49755
"fc718aeb3f_t90","2pl","skew_pos","irw",60,0.9,0.13861702429457,0.995176771961388,103398
"fc718aeb3f_t95","2pl","skew_pos","irw",60,0.95,0.13861702429457,0.995176771961388,516106
"fdb6cca665_t50","2pl","heavy_tail","parametric",10,0.5,0.022713483823,0.963792190481087,366858
"fdb6cca665_t60","2pl","heavy_tail","parametric",10,0.6,0.022713483823,0.963792190481087,506593
"fdb6cca665_t70","2pl","heavy_tail","parametric",10,0.7,0.022713483823,0.963792190481087,286598
"fdb6cca665_t80","2pl","heavy_tail","parametric",10,0.8,0.022713483823,0.963792190481087,745041
"fdb6cca665_t90","2pl","heavy_tail","parametric",10,0.9,0.022713483823,0.963792190481087,341716
"fdb6cca665_t95","2pl","heavy_tail","parametric",10,0.95,0.022713483823,0.963792190481087,269829
"fe0b351b23_t50","rasch","heavy_tail","parametric",40,0.5,0.087358495905111,0.992084100370175,559083
"fe0b351b23_t60","rasch","heavy_tail","parametric",40,0.6,0.087358495905111,0.992084100370175,89540
"fe0b351b23_t70","rasch","heavy_tail","parametric",40,0.7,0.087358495905111,0.992084100370175,576180
"fe0b351b23_t80","rasch","heavy_tail","parametric",40,0.8,0.087358495905111,0.992084100370175,710088
"fe0b351b23_t90","rasch","heavy_tail","parametric",40,0.9,0.087358495905111,0.992084100370175,12020
"fe0b351b23_t95","rasch","heavy_tail","parametric",40,0.95,0.087358495905111,0.992084100370175,355351
"ff73e40c19_t50","3pl_beta","skew_pos","parametric",20,0.5,0.031155489550991,0.965648965032831,477643
"ff73e40c19_t60","3pl_beta","skew_pos","parametric",20,0.6,0.031155489550991,0.965648965032831,397154
"ff73e40c19_t70","3pl_beta","skew_pos","parametric",20,0.7,0.031155489550991,0.965648965032831,608998
"ff73e40c19_t80","3pl_beta","skew_pos","parametric",20,0.8,0.031155489550991,0.965648965032831,268962
"ff73e40c19_t90","3pl_beta","skew_pos","parametric",20,0.9,0.031155489550991,0.965648965032831,763836
"ff73e40c19_t95","3pl_beta","skew_pos","parametric",20,0.95,0.031155489550991,0.965648965032831,302169
